variant,case_id,complexity,category,P@5,R@5,F1@5,nDCG@5,MAP,MRR,rank_changed_at5,mean_abs_score_delta,n_detected_problems,h2l_mean_top5
Full V6,CHILD_001,moderate,เด็กและเยาวชน,0.0,0.0,0.0,0.0,0.0,0.0,False,0.0937117130446002,2,0.7844801880000001
Full V6,CHILD_002,complex,เด็กและเยาวชน,0.8,0.8,0.8000000000000002,0.5088013258915567,0.9028571428571428,1.0,False,0.5040378302305213,5,3.0407972260000005
Full V6,CHILD_003,simple,เด็กและเยาวชน,0.0,0.0,0.0,0.0,0.0,0.0,False,0.09495710068370418,2,0.7728148939999999
Full V6,CHILD_004,moderate,เด็กและเยาวชน,0.4,0.5,0.4444444444444445,0.35753408824606947,0.6519230769230768,1.0,False,0.22856925289819335,3,1.577727216
Full V6,CHILD_005,complex,เด็กและเยาวชน,0.0,0.0,0.0,0.0,0.0,0.0,True,0.04989887136298358,0,0.029469802
Full V6,ELDER_001,simple,ผู้สูงอายุ,0.0,0.0,0.0,0.0,0.0,0.0,True,0.03889280130597038,1,0.45713059000000006
Full V6,ELDER_002,moderate,ผู้สูงอายุ,0.0,0.0,0.0,0.0,0.0,0.0,False,3.0699778115745042,7,12.479694462000001
Full V6,ELDER_003,simple,ผู้สูงอายุ,0.0,0.0,0.0,0.0,0.0,0.0,False,0.08890714450664797,2,0.726082758
Full V6,ELDER_004,complex,ผู้สูงอายุ,0.6,0.375,0.4615384615384615,0.6843515475204855,0.705384199134199,1.0,False,2.2026263739183616,10,10.668373407999999
Full V6,ELDER_005,moderate,ผู้สูงอายุ,0.0,0.0,0.0,0.0,0.0,0.0,False,0.15516347816443435,2,1.102542808
Full V6,ELDER_006,moderate,ผู้สูงอายุ,0.2,1.0,0.33333333333333337,1.0,1.0,1.0,False,0.8680152579661721,5,4.844029206
Full V6,ELDER_007,simple,ผู้สูงอายุ,0.0,0.0,0.0,0.0,0.0,0.0,True,0.05053300915366159,0,0.031301532
Full V6,ELDER_008,complex,ผู้สูงอายุ,0.4,0.5,0.4444444444444445,0.4232448892278954,0.42658730158730157,0.3333333333333333,False,1.2986890937647046,6,6.988800512
Full V6,ELDER_009,moderate,ผู้สูงอายุ,0.2,1.0,0.33333333333333337,0.6309297535714575,0.5,0.5,False,0.4662274762685407,4,2.5958326679999995
Full V6,ELDER_010,complex,ผู้สูงอายุ,0.2,1.0,0.33333333333333337,1.0,1.0,1.0,False,0.38351799134594244,3,2.4704080140000007
Full V6,DISABLED_001,simple,คนพิการ,0.0,0.0,0.0,0.0,0.0,0.0,False,0.11433395193546955,2,0.9114624040000001
Full V6,DISABLED_002,moderate,คนพิการ,0.2,1.0,0.33333333333333337,1.0,1.0,1.0,False,0.09347909086121205,2,0.764845466
Full V6,DISABLED_003,complex,คนพิการ,0.2,0.5,0.28571428571428575,0.6131471927654584,0.5833333333333334,1.0,False,0.03202735000625205,1,0.40815355000000003
Full V6,DISABLED_004,moderate,คนพิการ,0.0,0.0,0.0,0.0,0.1,0.1,False,0.23658139001350578,3,1.6018565659999997
Full V6,DISABLED_005,simple,คนพิการ,0.2,1.0,0.33333333333333337,1.0,1.0,1.0,False,0.2441212365684159,3,1.661557178
Full V6,DISABLED_006,moderate,คนพิการ,0.4,1.0,0.5714285714285715,0.944847956559586,0.75,1.0,False,0.6785391356494355,4,3.946336712000001
Full V6,DISABLED_007,complex,คนพิการ,0.8,0.5714285714285714,0.6666666666666666,0.8989584458539029,0.7204295704295703,1.0,False,0.6474887086939188,8,3.9412145880000002
Full V6,DISABLED_008,moderate,คนพิการ,0.0,0.0,0.0,0.0,0.0,0.0,False,0.5170529573500505,3,2.622649436
Full V6,DISABLED_009,simple,คนพิการ,0.0,0.0,0.0,0.0,0.0,0.0,False,0.14126194138022735,2,1.132348184
Full V6,DISABLED_010,moderate,คนพิการ,0.2,1.0,0.33333333333333337,1.0,1.0,1.0,False,0.6340063126189859,4,3.1541647340000005
Full V6,HOMELESS_001,moderate,คนเร่ร่อน/ไร้ที่อยู่,0.2,1.0,0.33333333333333337,1.0,1.0,1.0,False,0.32735458015040125,4,2.033473706
Full V6,HOMELESS_002,complex,คนเร่ร่อน/ไร้ที่อยู่,0.2,1.0,0.33333333333333337,0.6309297535714575,0.5,0.5,False,0.12742245719751008,2,0.970167554
Full V6,HOMELESS_003,simple,คนเร่ร่อน/ไร้ที่อยู่,0.2,1.0,0.33333333333333337,0.6309297535714575,0.5,0.5,False,0.2690366666483163,4,1.7825482580000003
Full V6,HOMELESS_004,moderate,คนเร่ร่อน/ไร้ที่อยู่,0.2,1.0,0.33333333333333337,1.0,1.0,1.0,False,0.10310278461973188,2,0.8148756939999998
Full V6,HOMELESS_005,complex,คนเร่ร่อน/ไร้ที่อยู่,0.0,0.0,0.0,0.0,0.0,0.0,False,0.4620543608397679,4,2.842223978
Full V6,MENTAL_001,moderate,ผู้ประสบปัญหาสุขภาพจิตและจิตเวช,0.4,0.5,0.4444444444444445,0.6097426926720908,0.54375,1.0,False,0.6495665051304222,4,4.138130802000001
Full V6,MENTAL_002,complex,ผู้ประสบปัญหาสุขภาพจิตและจิตเวช,0.0,0.0,0.0,0.0,0.0,0.0,False,0.10737128018747531,2,0.8360052840000002
Full V6,MENTAL_003,simple,ผู้ประสบปัญหาสุขภาพจิตและจิตเวช,0.0,0.0,0.0,0.0,0.0,0.0,False,0.035440722488002854,1,0.445766298
Full V6,MENTAL_004,moderate,ผู้ประสบปัญหาสุขภาพจิตและจิตเวช,0.0,0.0,0.0,0.0,0.0,0.0,False,0.45502652410790245,4,2.3108326700000004
Full V6,MENTAL_005,moderate,ผู้ประสบปัญหาสุขภาพจิตและจิตเวช,0.0,0.0,0.0,0.0,0.0,0.0,True,0.05276407562806382,0,0.030886392000000002
Full V6,MENTAL_006,complex,ผู้ประสบปัญหาสุขภาพจิตและจิตเวช,0.0,0.0,0.0,0.0,0.1111111111111111,0.1111111111111111,False,0.040013922542837976,1,0.470130402
Full V6,MENTAL_007,simple,ผู้ประสบปัญหาสุขภาพจิตและจิตเวช,0.0,0.0,0.0,0.0,0.0,0.0,False,0.046428524964688855,1,0.557697574
Full V6,MENTAL_008,moderate,ผู้ประสบปัญหาสุขภาพจิตและจิตเวช,0.0,0.0,0.0,0.0,0.0,0.0,False,0.7286661937968589,6,4.525203808
Full V6,MENTAL_009,complex,ผู้ประสบปัญหาสุขภาพจิตและจิตเวช,0.0,0.0,0.0,0.0,0.0,0.0,True,0.04747362844334628,0,0.031235451999999997
Full V6,MENTAL_010,moderate,ผู้ประสบปัญหาสุขภาพจิตและจิตเวช,0.2,1.0,0.33333333333333337,1.0,1.0,1.0,False,0.3466512745676231,4,2.1644311519999997
Full V6,SUBSTANCE_001,moderate,ผู้ประสบปัญหายาเสพติด,0.0,0.0,0.0,0.0,0.06666666666666667,0.06666666666666667,False,0.6068828683156712,4,3.573662315999999
Full V6,SUBSTANCE_002,complex,ผู้ประสบปัญหายาเสพติด,0.2,1.0,0.33333333333333337,1.0,1.0,1.0,False,1.1723911681721637,7,6.8898569179999996
Full V6,SUBSTANCE_003,simple,ผู้ประสบปัญหายาเสพติด,0.0,0.0,0.0,0.0,0.0,0.0,False,0.03700298806298891,1,0.444290142
Full V6,SUBSTANCE_005,moderate,ผู้ประสบปัญหายาเสพติด,0.0,0.0,0.0,0.0,0.0,0.0,False,0.22645678317319862,3,1.5062817699999997
Full V6,NCD_001,simple,ผู้ป่วยโรคเรื้อรังไม่ติดต่อ (NCD),0.0,0.0,0.0,0.0,0.0,0.0,False,0.030228304279255498,1,0.44722764000000004
Full V6,NCD_002,moderate,ผู้ป่วยโรคเรื้อรังไม่ติดต่อ (NCD),0.0,0.0,0.0,0.0,0.1111111111111111,0.1111111111111111,False,0.05306691935943241,1,0.724967734
Full V6,NCD_003,moderate,ผู้ป่วยโรคเรื้อรังไม่ติดต่อ (NCD),0.4,0.6666666666666666,0.5,0.6508205185601091,0.5435897435897435,1.0,True,1.3893657128017307,5,6.738889641999999
Full V6,NCD_004,complex,ผู้ป่วยโรคเรื้อรังไม่ติดต่อ (NCD),0.0,0.0,0.0,0.0,0.16666666666666666,0.16666666666666666,False,1.2273753899443,4,6.2456734
Full V6,NCD_005,simple,ผู้ป่วยโรคเรื้อรังไม่ติดต่อ (NCD),0.0,0.0,0.0,0.0,0.0,0.0,True,0.037913714721483985,1,0.43597979000000003
Full V6,NCD_006,moderate,ผู้ป่วยโรคเรื้อรังไม่ติดต่อ (NCD),0.0,0.0,0.0,0.0,0.0,0.0,False,0.020293067174904592,1,0.330327932
Full V6,NCD_007,moderate,ผู้ป่วยโรคเรื้อรังไม่ติดต่อ (NCD),0.2,1.0,0.33333333333333337,1.0,1.0,1.0,False,0.611471122267028,4,3.18518404
Full V6,NCD_008,complex,ผู้ป่วยโรคเรื้อรังไม่ติดต่อ (NCD),0.0,0.0,0.0,0.0,0.0,0.0,False,0.2839021774218678,2,1.9899008999999999
Full V6,NCD_009,simple,ผู้ป่วยโรคเรื้อรังไม่ติดต่อ (NCD),0.0,0.0,0.0,0.0,0.0,0.0,False,0.035496087682853165,1,0.42147853400000007
Full V6,NCD_010,moderate,ผู้ป่วยโรคเรื้อรังไม่ติดต่อ (NCD),0.2,1.0,0.33333333333333337,1.0,1.0,1.0,False,0.5502741226392642,4,3.291610076
Full V6,HIV_TB_001,moderate,ผู้ป่วยเอดส์และวัณโรค,0.4,1.0,0.5714285714285715,1.0,1.0,1.0,False,0.4208196244522451,3,2.699536686
Full V6,HIV_TB_002,complex,ผู้ป่วยเอดส์และวัณโรค,0.2,1.0,0.33333333333333337,1.0,1.0,1.0,False,0.575837424446999,3,3.0113430300000004
Full V6,HIV_TB_003,simple,ผู้ป่วยเอดส์และวัณโรค,0.0,0.0,0.0,0.0,0.0,0.0,False,0.04325140557195947,1,0.5210871120000001
Full V6,HIV_TB_004,moderate,ผู้ป่วยเอดส์และวัณโรค,0.0,0.0,0.0,0.0,0.0,0.0,False,0.10809669476790089,2,0.843225326
Full V6,HIV_TB_005,complex,ผู้ป่วยเอดส์และวัณโรค,0.2,1.0,0.33333333333333337,0.6309297535714575,0.5,0.5,False,1.6738693330140004,6,10.06066695
Full V6,BEDRIDDEN_001,complex,เคสติดเตียงไร้ญาติ,0.4,0.3333333333333333,0.3636363636363636,0.5531464700081437,0.7271825396825397,1.0,False,1.3635099026379298,5,6.572256342
Full V6,BEDRIDDEN_002,moderate,เคสติดเตียงไร้ญาติ,0.2,1.0,0.33333333333333337,1.0,1.0,1.0,False,0.7324388778666208,3,3.971949574
Full V6,BEDRIDDEN_003,moderate,เคสติดเตียงไร้ญาติ,0.2,1.0,0.33333333333333337,1.0,1.0,1.0,False,0.21316886141770983,3,1.4237803480000002
Full V6,BEDRIDDEN_004,complex,เคสติดเตียงไร้ญาติ,0.2,1.0,0.33333333333333337,1.0,1.0,1.0,False,1.6699263263895394,4,6.948170872
Full V6,BEDRIDDEN_005,moderate,เคสติดเตียงไร้ญาติ,0.2,1.0,0.33333333333333337,1.0,1.0,1.0,False,0.5978181649804222,4,3.044477408
Full V6,BEDRIDDEN_006,simple,เคสติดเตียงไร้ญาติ,0.0,0.0,0.0,0.0,0.0,0.0,False,0.10577321189414828,2,0.8807325780000002
Full V6,BEDRIDDEN_007,complex,เคสติดเตียงไร้ญาติ,0.2,1.0,0.33333333333333337,1.0,1.0,1.0,False,2.2880537416218636,6,11.339821946
Full V6,BEDRIDDEN_008,moderate,เคสติดเตียงไร้ญาติ,0.0,0.0,0.0,0.0,0.0,0.0,False,0.6278294396012654,3,3.4476901280000005
Full V6,BEDRIDDEN_009,moderate,เคสติดเตียงไร้ญาติ,0.4,1.0,0.5714285714285715,0.8503449055347546,0.7,1.0,False,0.15147488127482753,2,1.120813452
Full V6,BEDRIDDEN_010,complex,เคสติดเตียงไร้ญาติ,0.0,0.0,0.0,0.0,0.0,0.0,False,1.2194259459213674,5,5.740965352
Full V6,REHAB_001,moderate,เคสขอทุนฝึกอาชีพและฟื้นฟูสมรรถภาพ,0.2,1.0,0.33333333333333337,1.0,1.0,1.0,False,0.27867029961494416,3,1.754326816
Full V6,REHAB_002,simple,เคสขอทุนฝึกอาชีพและฟื้นฟูสมรรถภาพ,0.2,1.0,0.33333333333333337,1.0,1.0,1.0,False,0.15067140238323232,2,1.2156082940000001
Full V6,REHAB_003,moderate,เคสขอทุนฝึกอาชีพและฟื้นฟูสมรรถภาพ,0.2,0.5,0.28571428571428575,0.6131471927654584,0.6666666666666666,1.0,False,0.4778338359807067,5,2.9672830600000006
Full V6,REHAB_004,simple,เคสขอทุนฝึกอาชีพและฟื้นฟูสมรรถภาพ,0.4,1.0,0.5714285714285715,0.8772153153380493,0.75,1.0,False,0.07367264555341559,2,0.64102643
Full V6,REHAB_005,moderate,เคสขอทุนฝึกอาชีพและฟื้นฟูสมรรถภาพ,0.2,0.5,0.28571428571428575,0.6131471927654584,0.6666666666666666,1.0,False,0.09700264464579403,2,0.77847144
Full V6,FINANCE_001,simple,เคสปัญหาด้านการเงิน,0.4,1.0,0.5714285714285715,0.944847956559586,0.75,1.0,False,0.1432873411012143,3,1.064769634
Full V6,FINANCE_002,moderate,เคสปัญหาด้านการเงิน,0.0,0.0,0.0,0.0,0.07142857142857142,0.07142857142857142,False,0.11216536513346304,2,0.9795094000000001
Full V6,FINANCE_003,moderate,เคสปัญหาด้านการเงิน,0.2,1.0,0.33333333333333337,1.0,1.0,1.0,False,0.5797556524415781,8,3.654605418
Full V6,FINANCE_004,simple,เคสปัญหาด้านการเงิน,0.0,0.0,0.0,0.0,0.14285714285714285,0.14285714285714285,False,0.07386083705594669,2,0.643708484
Full V6,FINANCE_005,moderate,เคสปัญหาด้านการเงิน,0.0,0.0,0.0,0.0,0.2216931216931217,0.14285714285714285,False,0.317378736457125,4,2.06731342
Full V6,LOVE_001,simple,เคสปัญหาด้านความรัก,0.2,0.3333333333333333,0.25,0.2960819109658652,0.2888888888888889,0.5,False,0.16528386933211758,2,1.3240550899999999
Full V6,LOVE_002,moderate,เคสปัญหาด้านความรัก,0.6,0.75,0.6666666666666665,0.7903299296767691,0.8928571428571428,1.0,False,0.12377719145372078,2,0.964039534
Full V6,LOVE_003,moderate,เคสปัญหาด้านความรัก,0.0,0.0,0.0,0.0,0.0,0.0,False,0.4243770091071293,4,2.7315286
Full V6,LOVE_004,simple,เคสปัญหาด้านความรัก,0.0,0.0,0.0,0.0,0.0,0.0,False,0.029464459538472272,1,0.4374632
Full V6,LOVE_005,moderate,เคสปัญหาด้านความรัก,0.0,0.0,0.0,0.0,0.0,0.0,False,0.39974980846936103,4,2.5870839620000003
Full V6,FAMILY_001,moderate,เคสปัญหาครอบครัว,0.4,1.0,0.5714285714285715,1.0,1.0,1.0,False,0.7331801637551582,4,4.624638376000001
Full V6,FAMILY_002,complex,เคสปัญหาครอบครัว,0.2,1.0,0.33333333333333337,1.0,1.0,1.0,False,0.3214206052540019,4,2.105487746
Full V6,FAMILY_003,simple,เคสปัญหาครอบครัว,0.0,0.0,0.0,0.0,0.0,0.0,False,0.022626691868724666,1,0.36103998600000003
Full V6,VIOLENCE_001,complex,เคสประสบปัญหาถูกกระทำความรุนแรง,0.4,1.0,0.5714285714285715,0.9197207891481876,0.8333333333333333,1.0,False,1.5446672377776762,5,7.795041818
Full V6,VIOLENCE_002,moderate,เคสประสบปัญหาถูกกระทำความรุนแรง,0.2,1.0,0.33333333333333337,1.0,1.0,1.0,False,0.40233238457422255,4,2.4962808680000004
Full V6,VIOLENCE_003,moderate,เคสประสบปัญหาถูกกระทำความรุนแรง,0.4,0.6666666666666666,0.5,0.6713860725233041,0.5714285714285714,1.0,False,0.44272165230904215,3,2.53731229
Full V6,VIOLENCE_004,simple,เคสประสบปัญหาถูกกระทำความรุนแรง,0.0,0.0,0.0,0.0,0.0,0.0,True,0.04782551850157313,0,0.030452145999999996
Full V6,VIOLENCE_005,complex,เคสประสบปัญหาถูกกระทำความรุนแรง,0.8,0.8,0.8000000000000002,0.7364185288376675,0.8766666666666666,1.0,False,0.039689775297432124,1,0.5187446280000001
Full V6,CHILD_001_PAR_01,moderate,เด็กและเยาวชน,0.0,0.0,0.0,0.0,0.08333333333333333,0.08333333333333333,False,0.09457184614738927,2,0.799089874
Full V6,CHILD_002_PAR_01,complex,เด็กและเยาวชน,0.8,0.8,0.8000000000000002,0.5088013258915567,0.8509090909090908,1.0,False,0.4730233565780672,5,2.9382703279999998
Full V6,CHILD_003_PAR_01,simple,เด็กและเยาวชน,0.0,0.0,0.0,0.0,0.0,0.0,False,0.09532273211580544,2,0.77457049
Full V6,CHILD_004_PAR_01,moderate,เด็กและเยาวชน,0.4,0.5,0.4444444444444445,0.35753408824606947,0.6659090909090909,1.0,False,0.23084957554315658,3,1.605540186
Full V6,CHILD_005_PAR_01,complex,เด็กและเยาวชน,0.0,0.0,0.0,0.0,0.0,0.0,True,0.04987471005317376,0,0.029557706
Full V6,ELDER_003_PAR_01,simple,ผู้สูงอายุ,0.0,0.0,0.0,0.0,0.0,0.0,False,0.08955410790378207,2,0.728302692
Full V6,ELDER_004_PAR_01,complex,ผู้สูงอายุ,0.6,0.42857142857142855,0.5,0.6843515475204855,0.7408686551543695,1.0,False,2.190004512427092,10,10.790295084
Full V6,ELDER_007_PAR_01,simple,ผู้สูงอายุ,0.0,0.0,0.0,0.0,0.0,0.0,True,0.05026799668215699,0,0.031161605999999998
Full V6,ELDER_008_PAR_01,complex,ผู้สูงอายุ,0.4,0.5,0.4444444444444445,0.4232448892278954,0.42658730158730157,0.3333333333333333,False,1.2536260148136376,6,7.077356638
Full V6,ELDER_010_PAR_01,complex,ผู้สูงอายุ,0.2,1.0,0.33333333333333337,1.0,1.0,1.0,False,0.3897782214190825,3,2.500596994
Full V6,DISABLED_001_PAR_01,simple,คนพิการ,0.0,0.0,0.0,0.0,0.0,0.0,False,0.12119784667496543,2,0.9660692040000001
Full V6,DISABLED_002_PAR_01,moderate,คนพิการ,0.2,1.0,0.33333333333333337,1.0,1.0,1.0,False,0.09139616649247244,2,0.75464954
Full V6,DISABLED_003_PAR_01,complex,คนพิการ,0.2,0.5,0.28571428571428575,0.6131471927654584,0.5769230769230769,1.0,False,0.030164493442321423,1,0.387860174
Full V6,DISABLED_004_PAR_01,moderate,คนพิการ,0.0,0.0,0.0,0.0,0.12692307692307692,0.1,False,0.13019538779642328,2,1.0096139140000002
Full V6,DISABLED_005_PAR_01,simple,คนพิการ,0.2,1.0,0.33333333333333337,1.0,1.0,1.0,False,0.2509443930047888,3,1.7131816579999999
Full V6,DISABLED_006_PAR_01,moderate,คนพิการ,0.4,0.6666666666666666,0.5,0.819876640193745,0.5499999999999999,1.0,False,0.8179991756671685,4,4.548270996000001
Full V6,DISABLED_007_PAR_01,complex,คนพิการ,0.8,0.8,0.8000000000000002,0.9129675424759451,0.8314285714285713,1.0,False,0.6202571964275493,8,3.8023526199999997
Full V6,DISABLED_008_PAR_01,moderate,คนพิการ,0.0,0.0,0.0,0.0,0.0,0.0,False,0.04738379369191301,1,0.51534647
Full V6,DISABLED_009_PAR_01,simple,คนพิการ,0.0,0.0,0.0,0.0,0.0,0.0,False,0.1421940684764855,2,1.16146631
Full V6,DISABLED_010_PAR_01,moderate,คนพิการ,0.2,1.0,0.33333333333333337,1.0,1.0,1.0,False,0.4460750521082932,4,2.5283287299999992
Full V6,HOMELESS_002_PAR_01,complex,คนเร่ร่อน/ไร้ที่อยู่,0.2,1.0,0.33333333333333337,0.43067655807339306,0.25,0.25,False,0.13096260225581532,2,0.9846786020000001
Full V6,MENTAL_001_PAR_01,moderate,ผู้ประสบปัญหาสุขภาพจิตและจิตเวช,0.4,0.5,0.4444444444444445,0.6097426926720908,0.5682539682539682,1.0,False,0.7684536665200041,4,4.885666435999999
Full V6,MENTAL_003_PAR_01,simple,ผู้ประสบปัญหาสุขภาพจิตและจิตเวช,0.0,0.0,0.0,0.0,0.0,0.0,False,0.03684771818335382,1,0.46159151200000004
Full V6,MENTAL_008_PAR_01,moderate,ผู้ประสบปัญหาสุขภาพจิตและจิตเวช,0.0,0.0,0.0,0.0,0.0,0.0,False,0.7350436696913742,7,4.499153762
Full V6,MENTAL_010_PAR_01,moderate,ผู้ประสบปัญหาสุขภาพจิตและจิตเวช,0.2,1.0,0.33333333333333337,1.0,1.0,1.0,False,0.32344712736540565,4,2.0832001079999998
Full V6,SUBSTANCE_002_PAR_01,complex,ผู้ประสบปัญหายาเสพติด,0.2,1.0,0.33333333333333337,1.0,1.0,1.0,False,1.237971184403488,7,7.160363401999999
Full V6,SUBSTANCE_003_PAR_01,simple,ผู้ประสบปัญหายาเสพติด,0.0,0.0,0.0,0.0,0.0,0.0,False,0.037393666302104236,1,0.4452321680000001
Full V6,NCD_001_PAR_01,simple,ผู้ป่วยโรคเรื้อรังไม่ติดต่อ (NCD),0.0,0.0,0.0,0.0,0.0,0.0,False,0.030963863275749702,1,0.456543062
Full V6,NCD_009_PAR_01,simple,ผู้ป่วยโรคเรื้อรังไม่ติดต่อ (NCD),0.0,0.0,0.0,0.0,0.0,0.0,False,0.03550047677760059,1,0.421402926
Full V6,NCD_010_PAR_01,moderate,ผู้ป่วยโรคเรื้อรังไม่ติดต่อ (NCD),0.2,1.0,0.33333333333333337,1.0,1.0,1.0,False,0.8423202735226663,5,4.959404524000001
Full V6,HIV_TB_005_PAR_01,complex,ผู้ป่วยเอดส์และวัณโรค,0.2,1.0,0.33333333333333337,0.6309297535714575,0.5,0.5,False,1.0563634432186884,5,6.5684384819999995
Full V6,BEDRIDDEN_006_PAR_01,simple,เคสติดเตียงไร้ญาติ,0.0,0.0,0.0,0.0,0.0,0.0,False,0.02931701241019425,1,0.4635693819999999
Full V6,BEDRIDDEN_010_PAR_01,complex,เคสติดเตียงไร้ญาติ,0.0,0.0,0.0,0.0,0.0,0.0,False,0.23872598608266135,2,1.6249962180000002
Full V6,REHAB_001_PAR_01,moderate,เคสขอทุนฝึกอาชีพและฟื้นฟูสมรรถภาพ,0.2,1.0,0.33333333333333337,1.0,1.0,1.0,False,0.2695584328199685,3,1.7157760219999996
Full V6,REHAB_003_PAR_01,moderate,เคสขอทุนฝึกอาชีพและฟื้นฟูสมรรถภาพ,0.2,0.5,0.28571428571428575,0.6131471927654584,0.6428571428571428,1.0,False,0.2743579450974137,4,1.7611731039999998
Full V6,REHAB_004_PAR_01,simple,เคสขอทุนฝึกอาชีพและฟื้นฟูสมรรถภาพ,0.4,1.0,0.5714285714285715,0.8772153153380493,0.75,1.0,False,0.07303740240780697,2,0.6370577239999999
Full V6,REHAB_005_PAR_01,moderate,เคสขอทุนฝึกอาชีพและฟื้นฟูสมรรถภาพ,0.2,0.5,0.28571428571428575,0.6131471927654584,0.6666666666666666,1.0,False,0.025446888689595482,1,0.357326856
Full V6,FINANCE_001_PAR_01,simple,เคสปัญหาด้านการเงิน,0.4,1.0,0.5714285714285715,0.944847956559586,0.75,1.0,False,0.14485667150304954,3,1.0750568919999999
Full V6,FINANCE_002_PAR_01,moderate,เคสปัญหาด้านการเงิน,0.0,0.0,0.0,0.0,0.0,0.0,False,0.0904888101747412,2,0.7968691160000001
Full V6,FINANCE_003_PAR_01,moderate,เคสปัญหาด้านการเงิน,0.2,1.0,0.33333333333333337,1.0,1.0,1.0,False,0.2797544482233967,4,1.838721678
Full V6,LOVE_005_PAR_01,moderate,เคสปัญหาด้านความรัก,0.0,0.0,0.0,0.0,0.0,0.0,False,0.33647486687402306,4,2.2249702019999997
Full V6,FAMILY_001_PAR_01,moderate,เคสปัญหาครอบครัว,0.4,1.0,0.5714285714285715,1.0,1.0,1.0,False,0.7357016687980281,4,4.84032215
Full V6,FAMILY_002_PAR_01,complex,เคสปัญหาครอบครัว,0.2,1.0,0.33333333333333337,1.0,1.0,1.0,False,0.31856330807798644,4,2.0923458060000004
Full V6,FAMILY_003_PAR_01,simple,เคสปัญหาครอบครัว,0.0,0.0,0.0,0.0,0.0,0.0,True,0.05207978754088103,0,0.030429259999999996
Full V6,CHILD_003_ESC_01,complex,เด็กและเยาวชน,0.0,0.0,0.0,0.0,0.0,0.0,False,0.09545817292544682,2,0.7753094700000001
Full V6,ELDER_001_ESC_01,complex,ผู้สูงอายุ,0.0,0.0,0.0,0.0,0.0,0.0,False,0.038376465385820895,1,0.447693886
Full V6,ELDER_003_ESC_01,complex,ผู้สูงอายุ,0.0,0.0,0.0,0.0,0.0,0.0,False,0.11617845071019389,2,0.9269377719999999
Full V6,ELDER_007_ESC_01,complex,ผู้สูงอายุ,0.0,0.0,0.0,0.0,0.0,0.0,True,0.04855508994038489,0,0.030732341999999996
Full V6,DISABLED_001_ESC_01,complex,คนพิการ,0.0,0.0,0.0,0.0,0.0,0.0,False,0.1160017988739016,2,0.9273975580000002
Full V6,DISABLED_005_ESC_01,complex,คนพิการ,0.2,1.0,0.33333333333333337,1.0,1.0,1.0,False,0.3337332654669646,3,2.114015182
Full V6,DISABLED_009_ESC_01,complex,คนพิการ,0.0,0.0,0.0,0.0,0.0,0.0,False,0.12043485074941745,2,0.9675723780000001
Full V6,HOMELESS_003_ESC_01,complex,คนเร่ร่อน/ไร้ที่อยู่,0.4,0.6666666666666666,0.5,0.7653606369886217,0.7916666666666666,1.0,False,0.27257828541325296,4,1.80625472
Full V6,MENTAL_003_ESC_01,complex,ผู้ประสบปัญหาสุขภาพจิตและจิตเวช,0.0,0.0,0.0,0.0,0.0,0.0,False,0.03314292549652516,1,0.41580808
Full V6,MENTAL_007_ESC_01,complex,ผู้ประสบปัญหาสุขภาพจิตและจิตเวช,0.0,0.0,0.0,0.0,0.0,0.0,False,0.04274809620723799,1,0.5171592620000001
Full V6,CHILD_002_SIM_01,simple,เด็กและเยาวชน,0.0,0.0,0.0,0.0,0.0,0.0,True,0.04711087332017431,0,0.031068912000000004
Full V6,CHILD_005_SIM_01,simple,เด็กและเยาวชน,0.0,0.0,0.0,0.0,0.0,0.0,True,0.0486809954421236,0,0.029614604
Full V6,ELDER_004_SIM_01,simple,ผู้สูงอายุ,0.2,0.3333333333333333,0.25,0.23463936301137822,0.27136752136752135,0.3333333333333333,True,0.04519348541341765,0,0.030176364
Full V6,ELDER_008_SIM_01,simple,ผู้สูงอายุ,0.0,0.0,0.0,0.0,0.0,0.0,True,0.07673846767048036,0,0.03013534
Full V6,ELDER_010_SIM_01,simple,ผู้สูงอายุ,0.2,1.0,0.33333333333333337,0.5,0.3333333333333333,0.3333333333333333,True,0.08603515894309889,0,0.03113127
Full V6,DISABLED_003_SIM_01,simple,คนพิการ,0.0,0.0,0.0,0.0,0.0,0.0,True,0.04455674549540396,0,0.030547407999999998
Full V6,DISABLED_007_SIM_01,simple,คนพิการ,0.2,0.5,0.28571428571428575,0.38685280723454163,0.39285714285714285,0.5,True,0.04720857893949622,0,0.030820122
Full V6,HOMELESS_002_SIM_01,simple,คนเร่ร่อน/ไร้ที่อยู่,0.0,0.0,0.0,0.0,0.0,0.0,True,0.036642581242552964,0,0.030239815999999996
Full V6,HOMELESS_005_SIM_01,simple,คนเร่ร่อน/ไร้ที่อยู่,0.0,0.0,0.0,0.0,0.0,0.0,True,0.03973980717523305,0,0.031339352
Full V6,MENTAL_002_SIM_01,simple,ผู้ประสบปัญหาสุขภาพจิตและจิตเวช,0.0,0.0,0.0,0.0,0.0,0.0,True,0.07357744217470936,0,0.030789564
Full V6,ADV_001,moderate,adversarial_l2_test,0.0,0.0,0.0,0.0,0.0,0.0,False,0.005885236822903713,1,0.087627708
Full V6,ADV_002,moderate,adversarial_l2_test,0.0,0.0,0.0,0.0,0.0,0.0,False,0.0004548778885051539,2,0.002185054
Full V6,ADV_003,moderate,adversarial_l2_test,0.0,0.0,0.0,0.0,0.0,0.0,False,0.0019962397349791217,1,0.027393906000000003
Full V6,ADV_004,moderate,adversarial_l2_test,0.0,0.0,0.0,0.0,0.0,0.0,False,0.005349865679153462,1,0.08554935
Full V6,ADV_005,moderate,adversarial_l2_test,0.0,0.0,0.0,0.0,0.06666666666666667,0.06666666666666667,False,0.004202145786898137,1,0.050191922
Full V6,NEG_SH_POS,moderate,ผู้ประสบปัญหาสุขภาพจิตและจิตเวช,0.4,0.5,0.4444444444444445,0.6366824387328317,0.7678571428571428,1.0,False,0.08165110818156747,1,0.78837471
Full V6,NEG_SH_NEG,moderate,ผู้ประสบปัญหาสุขภาพจิตและจิตเวช,0.0,0.0,0.0,0.0,0.0,0.0,False,0.0032892363168692974,1,0.069489138
Full V6,NEG_SM_POS,simple,เคสปัญหาด้านการเงิน,0.6,0.75,0.6666666666666665,0.75369761125927,0.6810897435897436,1.0,False,0.057908541821463766,2,0.3919457860000001
Full V6,NEG_SM_NEG,simple,เคสปัญหาด้านการเงิน,0.0,0.0,0.0,0.0,0.0,0.0,False,0.02345988005971209,2,0.156642006
Full V6,NEG_SL_POS,simple,ผู้ป่วยโรคเรื้อรังไม่ติดต่อ (NCD),0.0,0.0,0.0,0.0,0.0,0.0,False,0.0038799639615122914,2,0.018833127999999998
Full V6,NEG_SL_NEG,simple,ผู้ป่วยโรคเรื้อรังไม่ติดต่อ (NCD),0.0,0.0,0.0,0.0,0.0,0.0,False,0.001331489543502056,1,0.008537471999999999
Full V6,NEG_MH_POS,complex,เคสประสบปัญหาถูกกระทำความรุนแรง,0.4,0.4,0.4000000000000001,0.5052077707304854,0.6055555555555554,1.0,False,0.494071297925805,3,3.279826164
Full V6,NEG_MH_NEG,complex,เคสประสบปัญหาถูกกระทำความรุนแรง,0.0,0.0,0.0,0.0,0.0,0.0,False,0.265644954192702,4,1.708243226
Full V6,NEG_MM_POS,moderate,เคสปัญหาครอบครัว,0.0,0.0,0.0,0.0,0.0,0.0,False,0.16253704346322007,5,0.885070898
Full V6,NEG_MM_NEG,moderate,เคสปัญหาครอบครัว,0.0,0.0,0.0,0.0,0.0,0.0,False,0.19013540261604026,6,1.1031539540000002
Full V6,NEG_ML_POS,simple,ผู้สูงอายุ,0.0,0.0,0.0,0.0,0.0,0.0,False,0.03480059453833054,3,0.21376901999999998
Full V6,NEG_ML_NEG,simple,ผู้สูงอายุ,0.0,0.0,0.0,0.0,0.0,0.0,False,0.10747034987222531,4,0.683011006
Full V6,NEG_LH_POS,complex,เคสประสบปัญหาถูกกระทำความรุนแรง,0.6,0.75,0.6666666666666665,0.8318724637288826,0.8928571428571428,1.0,False,1.4724748902309133,5,7.60102927
Full V6,NEG_LH_NEG,complex,เคสประสบปัญหาถูกกระทำความรุนแรง,0.0,0.0,0.0,0.0,0.0,0.0,False,0.03781037185460632,3,0.22635290800000002
Full V6,NEG_LM_POS,complex,เคสปัญหาครอบครัว,0.0,0.0,0.0,0.0,0.18560606060606064,0.125,False,0.5487957855983492,6,3.235082206
Full V6,NEG_LM_NEG,complex,เคสปัญหาครอบครัว,0.0,0.0,0.0,0.0,0.0,0.0,True,0.020093820593210892,0,0.030973406
Full V6,NEG_LL_POS,simple,ผู้สูงอายุ,0.0,0.0,0.0,0.0,0.0,0.0,False,0.8815492751118317,4,4.281166442
Full V6,NEG_LL_NEG,simple,ผู้สูงอายุ,0.0,0.0,0.0,0.0,0.0,0.0,False,0.5941130036367591,5,2.843706542
Full V6,NEG_SH_POS_V2,moderate,ผู้ประสบปัญหาสุขภาพจิตและจิตเวช,0.6,0.75,0.6666666666666665,0.8318724637288826,0.875,1.0,False,0.06643417141943618,1,0.733879282
Full V6,NEG_SH_NEG_V2,moderate,ผู้ประสบปัญหาสุขภาพจิตและจิตเวช,0.0,0.0,0.0,0.0,0.0,0.0,False,0.0027492191496688674,1,0.089840458
Full V6,NEG_SM_POS_V2,simple,เคสปัญหาครอบครัว,0.0,0.0,0.0,0.0,0.0,0.0,False,0.014996221416364279,2,0.12527375199999996
Full V6,NEG_SM_NEG_V2,simple,เคสปัญหาครอบครัว,0.0,0.0,0.0,0.0,0.0,0.0,False,0.004517887269997679,3,0.024740252
Full V6,NEG_SL_POS_V2,simple,ผู้สูงอายุ,0.0,0.0,0.0,0.0,0.0,0.0,True,0.019038220651160752,0,0.030304622000000003
Full V6,NEG_SL_NEG_V2,simple,ผู้สูงอายุ,0.0,0.0,0.0,0.0,0.0,0.0,True,0.014603990860919963,0,0.030000359999999997
Full V6,NEG_MH_POS_V2,complex,เด็กและสตรี,0.0,0.0,0.0,0.0,0.0,0.0,False,0.11783347708832866,3,0.8490234339999999
Full V6,NEG_MH_NEG_V2,complex,เด็กและสตรี,0.0,0.0,0.0,0.0,0.0,0.0,False,0.08230667612276542,4,0.5195983
Full V6,NEG_MM_POS_V2,moderate,ปัญหาครอบครัว,0.0,0.0,0.0,0.0,0.0,0.0,False,0.03205274464182581,4,0.18409372400000001
Full V6,NEG_MM_NEG_V2,moderate,ปัญหาครอบครัว,0.0,0.0,0.0,0.0,0.0,0.0,False,0.001743076914696036,2,0.009066174
Full V6,NEG_ML_POS_V2,simple,ผู้สูงอายุ,0.0,0.0,0.0,0.0,0.0,0.0,False,0.019974890585763114,2,0.16170861799999997
Full V6,NEG_ML_NEG_V2,simple,ผู้สูงอายุ,0.0,0.0,0.0,0.0,0.0,0.0,False,0.0007067596333092519,1,0.007672625999999999
Full V6,NEG_LH_POS_V2,complex,รุนแรง/วัยรุ่น,0.0,0.0,0.0,0.0,0.06666666666666667,0.06666666666666667,False,0.12507379559072054,6,0.6895719600000001
Full V6,NEG_LH_NEG_V2,complex,รุนแรง/วัยรุ่น,0.0,0.0,0.0,0.0,0.0,0.0,False,0.05023645053722437,7,0.26479234199999996
Full V6,NEG_LM_POS_V2,complex,ครอบครัว/หนี้สิน,0.2,0.5,0.28571428571428575,0.6131471927654584,0.5714285714285714,1.0,False,0.0931404675612846,5,0.5984320519999999
Full V6,NEG_LM_NEG_V2,complex,ครอบครัว/หนี้สิน,0.0,0.0,0.0,0.0,0.0,0.0,False,0.009459784792748437,3,0.06658153
Full V6,NEG_LL_POS_V2,simple,ผู้สูงอายุ,0.0,0.0,0.0,0.0,0.0,0.0,False,0.0006367799327033854,1,0.007759649999999998
Full V6,NEG_LL_NEG_V2,simple,ผู้สูงอายุ,0.0,0.0,0.0,0.0,0.0,0.0,False,0.00022421700299893367,1,0.0033521939999999993
w/o Adaptive Alpha,CHILD_001,moderate,เด็กและเยาวชน,0.0,0.0,0.0,0.0,0.0,0.0,False,0.09348123918410502,2,0.783107156
w/o Adaptive Alpha,CHILD_002,complex,เด็กและเยาวชน,0.8,0.8,0.8000000000000002,0.5088013258915567,0.9028571428571428,1.0,False,0.20388058614923432,5,1.3740286899999998
w/o Adaptive Alpha,CHILD_003,simple,เด็กและเยาวชน,0.0,0.0,0.0,0.0,0.0,0.0,False,0.0935422783869994,2,0.764348856
w/o Adaptive Alpha,CHILD_004,moderate,เด็กและเยาวชน,0.4,0.5,0.4444444444444445,0.35753408824606947,0.6519230769230768,1.0,False,0.1641020311361011,3,1.206677928
w/o Adaptive Alpha,CHILD_005,complex,เด็กและเยาวชน,0.0,0.0,0.0,0.0,0.0,0.0,True,0.04989887136298358,0,0.029469802
w/o Adaptive Alpha,ELDER_001,simple,ผู้สูงอายุ,0.0,0.0,0.0,0.0,0.0,0.0,True,0.0478793260399862,1,0.508795248
w/o Adaptive Alpha,ELDER_002,moderate,ผู้สูงอายุ,0.0,0.0,0.0,0.0,0.0,0.0,False,1.32890249556739,7,5.809763867999999
w/o Adaptive Alpha,ELDER_003,simple,ผู้สูงอายุ,0.0,0.0,0.0,0.0,0.0,0.0,False,0.08889182240434164,2,0.7259940300000001
w/o Adaptive Alpha,ELDER_004,complex,ผู้สูงอายุ,0.6,0.375,0.4615384615384615,0.6843515475204855,0.705384199134199,1.0,False,1.2041820992448407,10,6.111858558
w/o Adaptive Alpha,ELDER_005,moderate,ผู้สูงอายุ,0.0,0.0,0.0,0.0,0.0,0.0,False,0.1531349554009858,2,1.092147298
w/o Adaptive Alpha,ELDER_006,moderate,ผู้สูงอายุ,0.2,1.0,0.33333333333333337,1.0,1.0,1.0,False,0.34710601537484337,5,2.160401232
w/o Adaptive Alpha,ELDER_007,simple,ผู้สูงอายุ,0.0,0.0,0.0,0.0,0.0,0.0,True,0.05053300915366159,0,0.031301532
w/o Adaptive Alpha,ELDER_008,complex,ผู้สูงอายุ,0.4,0.5,0.4444444444444445,0.4232448892278954,0.42658730158730157,0.3333333333333333,False,0.40870097409602585,6,2.493749812
w/o Adaptive Alpha,ELDER_009,moderate,ผู้สูงอายุ,0.2,1.0,0.33333333333333337,0.6309297535714575,0.5,0.5,False,0.2425341634305768,4,1.4751123419999996
w/o Adaptive Alpha,ELDER_010,complex,ผู้สูงอายุ,0.2,1.0,0.33333333333333337,1.0,1.0,1.0,False,0.27748647039481794,3,1.90147977
w/o Adaptive Alpha,DISABLED_001,simple,คนพิการ,0.0,0.0,0.0,0.0,0.0,0.0,False,0.11279537805862971,2,0.902580174
w/o Adaptive Alpha,DISABLED_002,moderate,คนพิการ,0.2,1.0,0.33333333333333337,1.0,1.0,1.0,False,0.09243303470780884,2,0.758721316
w/o Adaptive Alpha,DISABLED_003,complex,คนพิการ,0.2,0.5,0.28571428571428575,0.6131471927654584,0.5833333333333334,1.0,False,0.04125486175961272,1,0.459442032
w/o Adaptive Alpha,DISABLED_004,moderate,คนพิการ,0.0,0.0,0.0,0.0,0.1,0.1,False,0.17616491398332237,3,1.265017676
w/o Adaptive Alpha,DISABLED_005,simple,คนพิการ,0.2,1.0,0.33333333333333337,1.0,1.0,1.0,False,0.17773115306772327,3,1.288345554
w/o Adaptive Alpha,DISABLED_006,moderate,คนพิการ,0.4,1.0,0.5714285714285715,0.944847956559586,0.75,1.0,False,0.3454038695822123,4,2.184294732
w/o Adaptive Alpha,DISABLED_007,complex,คนพิการ,0.8,0.5714285714285714,0.6666666666666666,0.8989584458539029,0.7204295704295703,1.0,False,0.27915140167437164,8,1.8302128119999999
w/o Adaptive Alpha,DISABLED_008,moderate,คนพิการ,0.0,0.0,0.0,0.0,0.0,0.0,False,0.3715925774437255,3,2.003967854
w/o Adaptive Alpha,DISABLED_009,simple,คนพิการ,0.0,0.0,0.0,0.0,0.0,0.0,False,0.14108588960298465,2,1.131332204
w/o Adaptive Alpha,DISABLED_010,moderate,คนพิการ,0.2,1.0,0.33333333333333337,1.0,1.0,1.0,False,0.3342146476874583,4,1.8131346800000003
w/o Adaptive Alpha,HOMELESS_001,moderate,คนเร่ร่อน/ไร้ที่อยู่,0.2,1.0,0.33333333333333337,1.0,1.0,1.0,False,0.17662275501907648,4,1.204472972
w/o Adaptive Alpha,HOMELESS_002,complex,คนเร่ร่อน/ไร้ที่อยู่,0.2,1.0,0.33333333333333337,0.6309297535714575,0.5,0.5,False,0.12677223858530656,2,0.96665645
w/o Adaptive Alpha,HOMELESS_003,simple,คนเร่ร่อน/ไร้ที่อยู่,0.2,1.0,0.33333333333333337,0.6309297535714575,0.5,0.5,False,0.1469090396076958,4,1.072773604
w/o Adaptive Alpha,HOMELESS_004,moderate,คนเร่ร่อน/ไร้ที่อยู่,0.2,1.0,0.33333333333333337,1.0,1.0,1.0,False,0.10287516615890512,2,0.8135607200000001
w/o Adaptive Alpha,HOMELESS_005,complex,คนเร่ร่อน/ไร้ที่อยู่,0.0,0.0,0.0,0.0,0.0,0.0,False,0.2382566405796071,4,1.6012990220000003
w/o Adaptive Alpha,MENTAL_001,moderate,ผู้ประสบปัญหาสุขภาพจิตและจิตเวช,0.4,0.5,0.4444444444444445,0.6097426926720908,0.54375,1.0,False,0.3500593984244728,4,2.441554882
w/o Adaptive Alpha,MENTAL_002,complex,ผู้ประสบปัญหาสุขภาพจิตและจิตเวช,0.0,0.0,0.0,0.0,0.0,0.0,False,0.10687385231616847,2,0.8332470479999999
w/o Adaptive Alpha,MENTAL_003,simple,ผู้ประสบปัญหาสุขภาพจิตและจิตเวช,0.0,0.0,0.0,0.0,0.0,0.0,False,0.04463113863461959,1,0.4987612940000001
w/o Adaptive Alpha,MENTAL_004,moderate,ผู้ประสบปัญหาสุขภาพจิตและจิตเวช,0.0,0.0,0.0,0.0,0.0,0.0,False,0.24554800005653035,4,1.3685317759999998
w/o Adaptive Alpha,MENTAL_005,moderate,ผู้ประสบปัญหาสุขภาพจิตและจิตเวช,0.0,0.0,0.0,0.0,0.0,0.0,True,0.05276407562806382,0,0.030886392000000002
w/o Adaptive Alpha,MENTAL_006,complex,ผู้ประสบปัญหาสุขภาพจิตและจิตเวช,0.0,0.0,0.0,0.0,0.1111111111111111,0.1111111111111111,False,0.04900383369474729,1,0.522433304
w/o Adaptive Alpha,MENTAL_007,simple,ผู้ประสบปัญหาสุขภาพจิตและจิตเวช,0.0,0.0,0.0,0.0,0.0,0.0,False,0.057761813371478135,1,0.622405196
w/o Adaptive Alpha,MENTAL_008,moderate,ผู้ประสบปัญหาสุขภาพจิตและจิตเวช,0.0,0.0,0.0,0.0,0.0,0.0,False,0.2725269415444131,6,1.8599518300000004
w/o Adaptive Alpha,MENTAL_009,complex,ผู้ประสบปัญหาสุขภาพจิตและจิตเวช,0.0,0.0,0.0,0.0,0.0,0.0,True,0.04747362844334628,0,0.031235451999999997
w/o Adaptive Alpha,MENTAL_010,moderate,ผู้ประสบปัญหาสุขภาพจิตและจิตเวช,0.2,1.0,0.33333333333333337,1.0,1.0,1.0,False,0.1835632854010846,4,1.253044538
w/o Adaptive Alpha,SUBSTANCE_001,moderate,ผู้ประสบปัญหายาเสพติด,0.0,0.0,0.0,0.0,0.06666666666666667,0.06666666666666667,False,0.31927797887895554,4,2.053987858
w/o Adaptive Alpha,SUBSTANCE_002,complex,ผู้ประสบปัญหายาเสพติด,0.2,1.0,0.33333333333333337,1.0,1.0,1.0,False,0.4508090869065597,7,2.894739972
w/o Adaptive Alpha,SUBSTANCE_003,simple,ผู้ประสบปัญหายาเสพติด,0.0,0.0,0.0,0.0,0.0,0.0,False,0.045384144399431094,1,0.49286448800000004
w/o Adaptive Alpha,SUBSTANCE_005,moderate,ผู้ประสบปัญหายาเสพติด,0.0,0.0,0.0,0.0,0.0,0.0,False,0.16482042719129716,3,1.1692865300000002
w/o Adaptive Alpha,NCD_001,simple,ผู้ป่วยโรคเรื้อรังไม่ติดต่อ (NCD),0.0,0.0,0.0,0.0,0.0,0.0,False,0.04082201428926937,1,0.50724756
w/o Adaptive Alpha,NCD_002,moderate,ผู้ป่วยโรคเรื้อรังไม่ติดต่อ (NCD),0.0,0.0,0.0,0.0,0.1111111111111111,0.1111111111111111,False,0.0716645561176102,1,0.8222741680000001
w/o Adaptive Alpha,NCD_003,moderate,ผู้ป่วยโรคเรื้อรังไม่ติดต่อ (NCD),0.4,0.6666666666666666,0.5,0.6508205185601091,0.5435897435897435,1.0,False,0.5441451745486333,5,2.92890771
w/o Adaptive Alpha,NCD_004,complex,ผู้ป่วยโรคเรื้อรังไม่ติดต่อ (NCD),0.0,0.0,0.0,0.0,0.16666666666666666,0.16666666666666666,False,0.6369892292523794,4,3.540418972
w/o Adaptive Alpha,NCD_005,simple,ผู้ป่วยโรคเรื้อรังไม่ติดต่อ (NCD),0.0,0.0,0.0,0.0,0.0,0.0,True,0.046554190965082135,1,0.48492671400000004
w/o Adaptive Alpha,NCD_006,moderate,ผู้ป่วยโรคเรื้อรังไม่ติดต่อ (NCD),0.0,0.0,0.0,0.0,0.0,0.0,False,0.028345040419693917,1,0.376280146
w/o Adaptive Alpha,NCD_007,moderate,ผู้ป่วยโรคเรื้อรังไม่ติดต่อ (NCD),0.2,1.0,0.33333333333333337,1.0,1.0,1.0,False,0.3343618675247653,4,1.9250475180000002
w/o Adaptive Alpha,NCD_008,complex,ผู้ป่วยโรคเรื้อรังไม่ติดต่อ (NCD),0.0,0.0,0.0,0.0,0.0,0.0,False,0.27860847491181695,2,1.9626794520000002
w/o Adaptive Alpha,NCD_009,simple,ผู้ป่วยโรคเรื้อรังไม่ติดต่อ (NCD),0.0,0.0,0.0,0.0,0.0,0.0,False,0.04358665824841438,1,0.4688081099999999
w/o Adaptive Alpha,NCD_010,moderate,ผู้ป่วยโรคเรื้อรังไม่ติดต่อ (NCD),0.2,1.0,0.33333333333333337,1.0,1.0,1.0,False,0.2863585868865721,4,1.868870344
w/o Adaptive Alpha,HIV_TB_001,moderate,ผู้ป่วยเอดส์และวัณโรค,0.4,1.0,0.5714285714285715,1.0,1.0,1.0,False,0.30781545495652396,3,2.103638976
w/o Adaptive Alpha,HIV_TB_002,complex,ผู้ป่วยเอดส์และวัณโรค,0.2,1.0,0.33333333333333337,1.0,1.0,1.0,False,0.4146349236423425,3,2.307346464
w/o Adaptive Alpha,HIV_TB_003,simple,ผู้ป่วยเอดส์และวัณโรค,0.0,0.0,0.0,0.0,0.0,0.0,False,0.05352866474784545,1,0.580904466
w/o Adaptive Alpha,HIV_TB_004,moderate,ผู้ป่วยเอดส์และวัณโรค,0.0,0.0,0.0,0.0,0.0,0.0,False,0.10807793142014765,2,0.8431202600000001
w/o Adaptive Alpha,HIV_TB_005,complex,ผู้ป่วยเอดส์และวัณโรค,0.2,1.0,0.33333333333333337,0.6309297535714575,0.5,0.5,False,0.5628417847541314,6,3.7742525900000006
w/o Adaptive Alpha,BEDRIDDEN_001,complex,เคสติดเตียงไร้ญาติ,0.4,0.3333333333333333,0.3636363636363636,0.5531464700081437,0.7271825396825397,1.0,False,0.5477162323799445,5,2.9518258439999996
w/o Adaptive Alpha,BEDRIDDEN_002,moderate,เคสติดเตียงไร้ญาติ,0.2,1.0,0.33333333333333337,1.0,1.0,1.0,False,0.5264279457494587,3,3.0392414119999995
w/o Adaptive Alpha,BEDRIDDEN_003,moderate,เคสติดเตียงไร้ญาติ,0.2,1.0,0.33333333333333337,1.0,1.0,1.0,False,0.15618717845949748,3,1.1070767359999996
w/o Adaptive Alpha,BEDRIDDEN_004,complex,เคสติดเตียงไร้ญาติ,0.2,1.0,0.33333333333333337,1.0,1.0,1.0,False,0.8626505805776752,4,3.9091483659999993
w/o Adaptive Alpha,BEDRIDDEN_005,moderate,เคสติดเตียงไร้ญาติ,0.2,1.0,0.33333333333333337,1.0,1.0,1.0,False,0.32758241856508225,4,1.839715994
w/o Adaptive Alpha,BEDRIDDEN_006,simple,เคสติดเตียงไร้ญาติ,0.0,0.0,0.0,0.0,0.0,0.0,False,0.1095915957751096,2,0.9022942579999998
w/o Adaptive Alpha,BEDRIDDEN_007,complex,เคสติดเตียงไร้ญาติ,0.2,1.0,0.33333333333333337,1.0,1.0,1.0,False,0.8166073413080728,6,4.471669712000001
w/o Adaptive Alpha,BEDRIDDEN_008,moderate,เคสติดเตียงไร้ญาติ,0.0,0.0,0.0,0.0,0.0,0.0,False,0.46384809978909924,3,2.7102018300000004
w/o Adaptive Alpha,BEDRIDDEN_009,moderate,เคสติดเตียงไร้ญาติ,0.4,1.0,0.5714285714285715,0.8503449055347546,0.7,1.0,False,0.1520029525737113,2,1.1235229320000002
w/o Adaptive Alpha,BEDRIDDEN_010,complex,เคสติดเตียงไร้ญาติ,0.0,0.0,0.0,0.0,0.0,0.0,False,0.49731408055951365,5,2.6221044260000004
w/o Adaptive Alpha,REHAB_001,moderate,เคสขอทุนฝึกอาชีพและฟื้นฟูสมรรถภาพ,0.2,1.0,0.33333333333333337,1.0,1.0,1.0,False,0.20040089918359857,3,1.340031344
w/o Adaptive Alpha,REHAB_002,simple,เคสขอทุนฝึกอาชีพและฟื้นฟูสมรรถภาพ,0.2,1.0,0.33333333333333337,1.0,1.0,1.0,False,0.1488951579013068,2,1.205180452
w/o Adaptive Alpha,REHAB_003,moderate,เคสขอทุนฝึกอาชีพและฟื้นฟูสมรรถภาพ,0.2,0.5,0.28571428571428575,0.6131471927654584,0.6666666666666666,1.0,False,0.18890413384018892,5,1.304329566
w/o Adaptive Alpha,REHAB_004,simple,เคสขอทุนฝึกอาชีพและฟื้นฟูสมรรถภาพ,0.4,1.0,0.5714285714285715,0.8772153153380493,0.75,1.0,False,0.07512244850006819,2,0.649628068
w/o Adaptive Alpha,REHAB_005,moderate,เคสขอทุนฝึกอาชีพและฟื้นฟูสมรรถภาพ,0.2,0.5,0.28571428571428575,0.6131471927654584,0.6666666666666666,1.0,False,0.09679008411939068,2,0.777238758
w/o Adaptive Alpha,FINANCE_001,simple,เคสปัญหาด้านการเงิน,0.4,1.0,0.5714285714285715,0.944847956559586,0.75,1.0,False,0.10827834928695554,3,0.85752994
w/o Adaptive Alpha,FINANCE_002,moderate,เคสปัญหาด้านการเงิน,0.0,0.0,0.0,0.0,0.07142857142857142,0.07142857142857142,False,0.114679289593188,2,0.994249546
w/o Adaptive Alpha,FINANCE_003,moderate,เคสปัญหาด้านการเงิน,0.2,1.0,0.33333333333333337,1.0,1.0,1.0,False,0.2530960518520278,8,1.7191480419999998
w/o Adaptive Alpha,FINANCE_004,simple,เคสปัญหาด้านการเงิน,0.0,0.0,0.0,0.0,0.14285714285714285,0.14285714285714285,False,0.0753535059755879,2,0.6526083800000001
w/o Adaptive Alpha,FINANCE_005,moderate,เคสปัญหาด้านการเงิน,0.0,0.0,0.0,0.0,0.2216931216931217,0.14285714285714285,False,0.16862621642194578,4,1.2025657180000002
w/o Adaptive Alpha,LOVE_001,simple,เคสปัญหาด้านความรัก,0.2,0.3333333333333333,0.25,0.2960819109658652,0.2888888888888889,0.5,False,0.16379564667625743,2,1.3154322319999998
w/o Adaptive Alpha,LOVE_002,moderate,เคสปัญหาด้านความรัก,0.6,0.75,0.6666666666666665,0.7903299296767691,0.8928571428571428,1.0,False,0.12000823931277832,2,0.942141138
w/o Adaptive Alpha,LOVE_003,moderate,เคสปัญหาด้านความรัก,0.0,0.0,0.0,0.0,0.0,0.0,False,0.22613461415439717,4,1.583329226
w/o Adaptive Alpha,LOVE_004,simple,เคสปัญหาด้านความรัก,0.0,0.0,0.0,0.0,0.0,0.0,False,0.03966164433757299,1,0.49589399400000006
w/o Adaptive Alpha,LOVE_005,moderate,เคสปัญหาด้านความรัก,0.0,0.0,0.0,0.0,0.0,0.0,False,0.21562450386672458,4,1.5311926699999998
w/o Adaptive Alpha,FAMILY_001,moderate,เคสปัญหาครอบครัว,0.4,1.0,0.5714285714285715,1.0,1.0,1.0,False,0.3925383686666868,4,2.7182054879999997
w/o Adaptive Alpha,FAMILY_002,complex,เคสปัญหาครอบครัว,0.2,1.0,0.33333333333333337,1.0,1.0,1.0,False,0.16667824499319778,4,1.192485044
w/o Adaptive Alpha,FAMILY_003,simple,เคสปัญหาครอบครัว,0.0,0.0,0.0,0.0,0.0,0.0,False,0.031093227088384818,1,0.41057558
w/o Adaptive Alpha,VIOLENCE_001,complex,เคสประสบปัญหาถูกกระทำความรุนแรง,0.4,1.0,0.5714285714285715,0.9197207891481876,0.8333333333333333,1.0,False,0.6185178142102136,5,3.4829850720000004
w/o Adaptive Alpha,VIOLENCE_002,moderate,เคสประสบปัญหาถูกกระทำความรุนแรง,0.2,1.0,0.33333333333333337,1.0,1.0,1.0,False,0.21410468472618768,4,1.455800414
w/o Adaptive Alpha,VIOLENCE_003,moderate,เคสประสบปัญหาถูกกระทำความรุนแรง,0.4,0.6666666666666666,0.5,0.6713860725233041,0.5714285714285714,1.0,False,0.3128440183730103,3,1.9052057680000005
w/o Adaptive Alpha,VIOLENCE_004,simple,เคสประสบปัญหาถูกกระทำความรุนแรง,0.0,0.0,0.0,0.0,0.0,0.0,True,0.04782551850157313,0,0.030452145999999996
w/o Adaptive Alpha,VIOLENCE_005,complex,เคสประสบปัญหาถูกกระทำความรุนแรง,0.8,0.8,0.8000000000000002,0.7364185288376675,0.8766666666666666,1.0,False,0.05017246757680647,1,0.579900718
w/o Adaptive Alpha,CHILD_001_PAR_01,moderate,เด็กและเยาวชน,0.0,0.0,0.0,0.0,0.08333333333333333,0.08333333333333333,False,0.09453932912192982,2,0.798895654
w/o Adaptive Alpha,CHILD_002_PAR_01,complex,เด็กและเยาวชน,0.8,0.8,0.8000000000000002,0.5088013258915567,0.8509090909090908,1.0,False,0.19131362884783032,5,1.3276172960000001
w/o Adaptive Alpha,CHILD_003_PAR_01,simple,เด็กและเยาวชน,0.0,0.0,0.0,0.0,0.0,0.0,False,0.0939024739890185,2,0.766085298
w/o Adaptive Alpha,CHILD_004_PAR_01,moderate,เด็กและเยาวชน,0.4,0.5,0.4444444444444445,0.35753408824606947,0.6659090909090909,1.0,False,0.16573938531790947,3,1.227962702
w/o Adaptive Alpha,CHILD_005_PAR_01,complex,เด็กและเยาวชน,0.0,0.0,0.0,0.0,0.0,0.0,True,0.04987471005317376,0,0.029557706
w/o Adaptive Alpha,ELDER_003_PAR_01,simple,ผู้สูงอายุ,0.0,0.0,0.0,0.0,0.0,0.0,False,0.08953867461585972,2,0.728213702
w/o Adaptive Alpha,ELDER_004_PAR_01,complex,ผู้สูงอายุ,0.6,0.42857142857142855,0.5,0.6843515475204855,0.7408686551543695,1.0,False,1.188809385854767,10,6.142647934
w/o Adaptive Alpha,ELDER_007_PAR_01,simple,ผู้สูงอายุ,0.0,0.0,0.0,0.0,0.0,0.0,True,0.05026799668215699,0,0.031161605999999998
w/o Adaptive Alpha,ELDER_008_PAR_01,complex,ผู้สูงอายุ,0.4,0.5,0.4444444444444445,0.4232448892278954,0.42658730158730157,0.3333333333333333,False,0.3945044103222537,6,2.5252308980000002
w/o Adaptive Alpha,ELDER_010_PAR_01,complex,ผู้สูงอายุ,0.2,1.0,0.33333333333333337,1.0,1.0,1.0,False,0.2820195920684076,3,1.9247451860000002
w/o Adaptive Alpha,DISABLED_001_PAR_01,simple,คนพิการ,0.0,0.0,0.0,0.0,0.0,0.0,False,0.11956711334307597,2,0.956657506
w/o Adaptive Alpha,DISABLED_002_PAR_01,moderate,คนพิการ,0.2,1.0,0.33333333333333337,1.0,1.0,1.0,False,0.0903734009798036,2,0.748606882
w/o Adaptive Alpha,DISABLED_003_PAR_01,complex,คนพิการ,0.2,0.5,0.28571428571428575,0.6131471927654584,0.5769230769230769,1.0,False,0.03885532225323684,1,0.43659054799999997
w/o Adaptive Alpha,DISABLED_004_PAR_01,moderate,คนพิการ,0.0,0.0,0.0,0.0,0.12692307692307692,0.1,False,0.13023431991520326,2,1.0098316820000002
w/o Adaptive Alpha,DISABLED_005_PAR_01,simple,คนพิการ,0.2,1.0,0.33333333333333337,1.0,1.0,1.0,False,0.18270254576955144,3,1.3284256540000001
w/o Adaptive Alpha,DISABLED_006_PAR_01,moderate,คนพิการ,0.4,0.6666666666666666,0.5,0.819876640193745,0.5499999999999999,1.0,False,0.41645848875752794,4,2.51770444
w/o Adaptive Alpha,DISABLED_007_PAR_01,complex,คนพิการ,0.8,0.8,0.8000000000000002,0.9129675424759451,0.8314285714285713,1.0,False,0.2675059933321619,8,1.766198332
w/o Adaptive Alpha,DISABLED_008_PAR_01,moderate,คนพิการ,0.0,0.0,0.0,0.0,0.0,0.0,False,0.057686040474786364,1,0.5707984660000001
w/o Adaptive Alpha,DISABLED_009_PAR_01,simple,คนพิการ,0.0,0.0,0.0,0.0,0.0,0.0,False,0.1420168498302969,2,1.1604242280000001
w/o Adaptive Alpha,DISABLED_010_PAR_01,moderate,คนพิการ,0.2,1.0,0.33333333333333337,1.0,1.0,1.0,False,0.23509725766998837,4,1.453024702
w/o Adaptive Alpha,HOMELESS_002_PAR_01,complex,คนเร่ร่อน/ไร้ที่อยู่,0.2,1.0,0.33333333333333337,0.43067655807339306,0.25,0.25,False,0.13431595326817475,2,1.001652106
w/o Adaptive Alpha,MENTAL_001_PAR_01,moderate,ผู้ประสบปัญหาสุขภาพจิตและจิตเวช,0.4,0.5,0.4444444444444445,0.6097426926720908,0.5682539682539682,1.0,False,0.41416797925649557,4,2.882982804
w/o Adaptive Alpha,MENTAL_003_PAR_01,simple,ผู้ประสบปัญหาสุขภาพจิตและจิตเวช,0.0,0.0,0.0,0.0,0.0,0.0,False,0.04640286522265165,1,0.5164641680000001
w/o Adaptive Alpha,MENTAL_008_PAR_01,moderate,ผู้ประสบปัญหาสุขภาพจิตและจิตเวช,0.0,0.0,0.0,0.0,0.0,0.0,False,0.3196393568158694,7,2.103052272
w/o Adaptive Alpha,MENTAL_010_PAR_01,moderate,ผู้ประสบปัญหาสุขภาพจิตและจิตเวช,0.2,1.0,0.33333333333333337,1.0,1.0,1.0,False,0.171259040918895,4,1.205923492
w/o Adaptive Alpha,SUBSTANCE_002_PAR_01,complex,ผู้ประสบปัญหายาเสพติด,0.2,1.0,0.33333333333333337,1.0,1.0,1.0,False,0.47584178571686137,7,3.0077393740000002
w/o Adaptive Alpha,SUBSTANCE_003_PAR_01,simple,ผู้ประสบปัญหายาเสพติด,0.0,0.0,0.0,0.0,0.0,0.0,False,0.04586332044861429,1,0.49391023600000006
w/o Adaptive Alpha,NCD_001_PAR_01,simple,ผู้ป่วยโรคเรื้อรังไม่ติดต่อ (NCD),0.0,0.0,0.0,0.0,0.0,0.0,False,0.04181535307253492,1,0.517813996
w/o Adaptive Alpha,NCD_009_PAR_01,simple,ผู้ป่วยโรคเรื้อรังไม่ติดต่อ (NCD),0.0,0.0,0.0,0.0,0.0,0.0,False,0.04359203644405129,1,0.46872396000000005
w/o Adaptive Alpha,NCD_010_PAR_01,moderate,ผู้ป่วยโรคเรื้อรังไม่ติดต่อ (NCD),0.2,1.0,0.33333333333333337,1.0,1.0,1.0,False,0.32461410806074514,5,2.1128329599999995
w/o Adaptive Alpha,HIV_TB_005_PAR_01,complex,ผู้ป่วยเอดส์และวัณโรค,0.2,1.0,0.33333333333333337,0.6309297535714575,0.5,0.5,False,0.4247074325098354,5,2.954399198
w/o Adaptive Alpha,BEDRIDDEN_006_PAR_01,simple,เคสติดเตียงไร้ญาติ,0.0,0.0,0.0,0.0,0.0,0.0,False,0.040978037883065484,1,0.526814526
w/o Adaptive Alpha,BEDRIDDEN_010_PAR_01,complex,เคสติดเตียงไร้ญาติ,0.0,0.0,0.0,0.0,0.0,0.0,False,0.24469625991360475,2,1.652816146
w/o Adaptive Alpha,REHAB_001_PAR_01,moderate,เคสขอทุนฝึกอาชีพและฟื้นฟูสมรรถภาพ,0.2,1.0,0.33333333333333337,1.0,1.0,1.0,False,0.1987070073638398,3,1.3445912800000002
w/o Adaptive Alpha,REHAB_003_PAR_01,moderate,เคสขอทุนฝึกอาชีพและฟื้นฟูสมรรถภาพ,0.2,0.5,0.28571428571428575,0.6131471927654584,0.6428571428571428,1.0,False,0.1500277372804069,4,1.05907028
w/o Adaptive Alpha,REHAB_004_PAR_01,simple,เคสขอทุนฝึกอาชีพและฟื้นฟูสมรรถภาพ,0.4,1.0,0.5714285714285715,0.8772153153380493,0.75,1.0,False,0.07447470684683849,2,0.6456061240000001
w/o Adaptive Alpha,REHAB_005_PAR_01,moderate,เคสขอทุนฝึกอาชีพและฟื้นฟูสมรรถภาพ,0.2,0.5,0.28571428571428575,0.6131471927654584,0.6666666666666666,1.0,False,0.03329888343916475,1,0.40290204799999996
w/o Adaptive Alpha,FINANCE_001_PAR_01,simple,เคสปัญหาด้านการเงิน,0.4,1.0,0.5714285714285715,0.944847956559586,0.75,1.0,False,0.10946470577687197,3,0.865820158
w/o Adaptive Alpha,FINANCE_002_PAR_01,moderate,เคสปัญหาด้านการเงิน,0.0,0.0,0.0,0.0,0.0,0.0,False,0.0925168656950734,2,0.8088601219999999
w/o Adaptive Alpha,FINANCE_003_PAR_01,moderate,เคสปัญหาด้านการเงิน,0.2,1.0,0.33333333333333337,1.0,1.0,1.0,False,0.1520188593738897,4,1.096449174
w/o Adaptive Alpha,LOVE_005_PAR_01,moderate,เคสปัญหาด้านความรัก,0.0,0.0,0.0,0.0,0.0,0.0,False,0.18148833352647128,4,1.3168484839999999
w/o Adaptive Alpha,FAMILY_001_PAR_01,moderate,เคสปัญหาครอบครัว,0.4,1.0,0.5714285714285715,1.0,1.0,1.0,False,0.39388630392053897,4,2.84502495
w/o Adaptive Alpha,FAMILY_002_PAR_01,complex,เคสปัญหาครอบครัว,0.2,1.0,0.33333333333333337,1.0,1.0,1.0,False,0.16519301266477157,4,1.1850164939999999
w/o Adaptive Alpha,FAMILY_003_PAR_01,simple,เคสปัญหาครอบครัว,0.0,0.0,0.0,0.0,0.0,0.0,True,0.05207978754088103,0,0.030429259999999996
w/o Adaptive Alpha,CHILD_003_ESC_01,complex,เด็กและเยาวชน,0.0,0.0,0.0,0.0,0.0,0.0,False,0.09403590796339298,2,0.7668163320000001
w/o Adaptive Alpha,ELDER_001_ESC_01,complex,ผู้สูงอายุ,0.0,0.0,0.0,0.0,0.0,0.0,False,0.047243934163767175,1,0.49830175599999993
w/o Adaptive Alpha,ELDER_003_ESC_01,complex,ผู้สูงอายุ,0.0,0.0,0.0,0.0,0.0,0.0,False,0.11615844177194705,2,0.9268246720000001
w/o Adaptive Alpha,ELDER_007_ESC_01,complex,ผู้สูงอายุ,0.0,0.0,0.0,0.0,0.0,0.0,True,0.04855508994038489,0,0.030732341999999996
w/o Adaptive Alpha,DISABLED_001_ESC_01,complex,คนพิการ,0.0,0.0,0.0,0.0,0.0,0.0,False,0.11444085238099115,2,0.918360944
w/o Adaptive Alpha,DISABLED_005_ESC_01,complex,คนพิการ,0.2,1.0,0.33333333333333337,1.0,1.0,1.0,False,0.24303493349936106,3,1.639620314
w/o Adaptive Alpha,DISABLED_009_ESC_01,complex,คนพิการ,0.0,0.0,0.0,0.0,0.0,0.0,False,0.12028470350986996,2,0.966703528
w/o Adaptive Alpha,HOMELESS_003_ESC_01,complex,คนเร่ร่อน/ไร้ที่อยู่,0.4,0.6666666666666666,0.5,0.7653606369886217,0.7916666666666666,1.0,False,0.14884593053622255,4,1.0870652580000002
w/o Adaptive Alpha,MENTAL_003_ESC_01,complex,ผู้ประสบปัญหาสุขภาพจิตและจิตเวช,0.0,0.0,0.0,0.0,0.0,0.0,False,0.0417376442265627,1,0.4652475180000001
w/o Adaptive Alpha,MENTAL_007_ESC_01,complex,ผู้ประสบปัญหาสุขภาพจิตและจิตเวช,0.0,0.0,0.0,0.0,0.0,0.0,False,0.05318388081025167,1,0.577186934
w/o Adaptive Alpha,CHILD_002_SIM_01,simple,เด็กและเยาวชน,0.0,0.0,0.0,0.0,0.0,0.0,True,0.04711087332017431,0,0.031068912000000004
w/o Adaptive Alpha,CHILD_005_SIM_01,simple,เด็กและเยาวชน,0.0,0.0,0.0,0.0,0.0,0.0,True,0.0486809954421236,0,0.029614604
w/o Adaptive Alpha,ELDER_004_SIM_01,simple,ผู้สูงอายุ,0.2,0.3333333333333333,0.25,0.23463936301137822,0.27136752136752135,0.3333333333333333,True,0.04519348541341765,0,0.030176364
w/o Adaptive Alpha,ELDER_008_SIM_01,simple,ผู้สูงอายุ,0.0,0.0,0.0,0.0,0.0,0.0,True,0.07673846767048036,0,0.03013534
w/o Adaptive Alpha,ELDER_010_SIM_01,simple,ผู้สูงอายุ,0.2,1.0,0.33333333333333337,0.5,0.3333333333333333,0.3333333333333333,True,0.08603515894309889,0,0.03113127
w/o Adaptive Alpha,DISABLED_003_SIM_01,simple,คนพิการ,0.0,0.0,0.0,0.0,0.0,0.0,True,0.04455674549540396,0,0.030547407999999998
w/o Adaptive Alpha,DISABLED_007_SIM_01,simple,คนพิการ,0.2,0.5,0.28571428571428575,0.38685280723454163,0.39285714285714285,0.5,True,0.04720857893949622,0,0.030820122
w/o Adaptive Alpha,HOMELESS_002_SIM_01,simple,คนเร่ร่อน/ไร้ที่อยู่,0.0,0.0,0.0,0.0,0.0,0.0,True,0.036642581242552964,0,0.030239815999999996
w/o Adaptive Alpha,HOMELESS_005_SIM_01,simple,คนเร่ร่อน/ไร้ที่อยู่,0.0,0.0,0.0,0.0,0.0,0.0,True,0.03973980717523305,0,0.031339352
w/o Adaptive Alpha,MENTAL_002_SIM_01,simple,ผู้ประสบปัญหาสุขภาพจิตและจิตเวช,0.0,0.0,0.0,0.0,0.0,0.0,True,0.07357744217470936,0,0.030789564
w/o Adaptive Alpha,ADV_001,moderate,adversarial_l2_test,0.0,0.0,0.0,0.0,0.0,0.0,False,0.007982489500743522,1,0.09947415
w/o Adaptive Alpha,ADV_002,moderate,adversarial_l2_test,0.0,0.0,0.0,0.0,0.0,0.0,False,0.0004657351294985854,2,0.002220946
w/o Adaptive Alpha,ADV_003,moderate,adversarial_l2_test,0.0,0.0,0.0,0.0,0.0,0.0,False,0.0027129291754993613,1,0.031097157999999996
w/o Adaptive Alpha,ADV_004,moderate,adversarial_l2_test,0.0,0.0,0.0,0.0,0.0,0.0,False,0.007305617262729783,1,0.09718890599999999
w/o Adaptive Alpha,ADV_005,moderate,adversarial_l2_test,0.0,0.0,0.0,0.0,0.06666666666666667,0.06666666666666667,False,0.005170637934498761,1,0.055813136
w/o Adaptive Alpha,NEG_SH_POS,moderate,ผู้ประสบปัญหาสุขภาพจิตและจิตเวช,0.4,0.5,0.4444444444444445,0.6366824387328317,0.7678571428571428,1.0,False,0.09409991568842592,1,0.8571979680000001
w/o Adaptive Alpha,NEG_SH_NEG,moderate,ผู้ประสบปัญหาสุขภาพจิตและจิตเวช,0.0,0.0,0.0,0.0,0.0,0.0,False,0.005370340381462024,1,0.080365574
w/o Adaptive Alpha,NEG_SM_POS,simple,เคสปัญหาด้านการเงิน,0.6,0.75,0.6666666666666665,0.75369761125927,0.6810897435897436,1.0,False,0.055819186986603146,2,0.38136411400000003
w/o Adaptive Alpha,NEG_SM_NEG,simple,เคสปัญหาด้านการเงิน,0.0,0.0,0.0,0.0,0.0,0.0,False,0.02286754282459602,2,0.153729948
w/o Adaptive Alpha,NEG_SL_POS,simple,ผู้ป่วยโรคเรื้อรังไม่ติดต่อ (NCD),0.0,0.0,0.0,0.0,0.0,0.0,False,0.003675012775370389,2,0.018054262
w/o Adaptive Alpha,NEG_SL_NEG,simple,ผู้ป่วยโรคเรื้อรังไม่ติดต่อ (NCD),0.0,0.0,0.0,0.0,0.0,0.0,False,0.0017255300595280102,1,0.009612172
w/o Adaptive Alpha,NEG_MH_POS,complex,เคสประสบปัญหาถูกกระทำความรุนแรง,0.4,0.4,0.4000000000000001,0.5052077707304854,0.6055555555555554,1.0,False,0.364372925446232,3,2.5781182940000003
w/o Adaptive Alpha,NEG_MH_NEG,complex,เคสประสบปัญหาถูกกระทำความรุนแรง,0.0,0.0,0.0,0.0,0.0,0.0,False,0.13317760091335293,4,0.932321204
w/o Adaptive Alpha,NEG_MM_POS,moderate,เคสปัญหาครอบครัว,0.0,0.0,0.0,0.0,0.0,0.0,False,0.06435362644306603,5,0.390049312
w/o Adaptive Alpha,NEG_MM_NEG,moderate,เคสปัญหาครอบครัว,0.0,0.0,0.0,0.0,0.0,0.0,False,0.0691159077266513,6,0.44177579999999994
w/o Adaptive Alpha,NEG_ML_POS,simple,ผู้สูงอายุ,0.0,0.0,0.0,0.0,0.0,0.0,False,0.026044489386122794,3,0.169628756
w/o Adaptive Alpha,NEG_ML_NEG,simple,ผู้สูงอายุ,0.0,0.0,0.0,0.0,0.0,0.0,False,0.05892785818878451,4,0.411588078
w/o Adaptive Alpha,NEG_LH_POS,complex,เคสประสบปัญหาถูกกระทำความรุนแรง,0.6,0.75,0.6666666666666665,0.8318724637288826,0.8928571428571428,1.0,False,0.5417887398234807,5,3.075206954
w/o Adaptive Alpha,NEG_LH_NEG,complex,เคสประสบปัญหาถูกกระทำความรุนแรง,0.0,0.0,0.0,0.0,0.0,0.0,False,0.028974888220142173,3,0.183974054
w/o Adaptive Alpha,NEG_LM_POS,complex,เคสปัญหาครอบครัว,0.0,0.0,0.0,0.0,0.18560606060606064,0.125,False,0.18757903324395978,6,1.2287784079999997
w/o Adaptive Alpha,NEG_LM_NEG,complex,เคสปัญหาครอบครัว,0.0,0.0,0.0,0.0,0.0,0.0,True,0.020093820593210892,0,0.030973406
w/o Adaptive Alpha,NEG_LL_POS,simple,ผู้สูงอายุ,0.0,0.0,0.0,0.0,0.0,0.0,False,0.4625303547825769,4,2.45831873
w/o Adaptive Alpha,NEG_LL_NEG,simple,ผู้สูงอายุ,0.0,0.0,0.0,0.0,0.0,0.0,False,0.24038673671890912,5,1.289912554
w/o Adaptive Alpha,NEG_SH_POS_V2,moderate,ผู้ประสบปัญหาสุขภาพจิตและจิตเวช,0.6,0.75,0.6666666666666665,0.8318724637288826,0.875,1.0,False,0.08144293063601556,1,0.8153348420000001
w/o Adaptive Alpha,NEG_SH_NEG_V2,moderate,ผู้ประสบปัญหาสุขภาพจิตและจิตเวช,0.0,0.0,0.0,0.0,0.0,0.0,False,0.005438552116993563,1,0.104864494
w/o Adaptive Alpha,NEG_SM_POS_V2,simple,เคสปัญหาครอบครัว,0.0,0.0,0.0,0.0,0.0,0.0,False,0.015194985880892218,2,0.126406136
w/o Adaptive Alpha,NEG_SM_NEG_V2,simple,เคสปัญหาครอบครัว,0.0,0.0,0.0,0.0,0.0,0.0,False,0.0034140477016796527,3,0.019906458
w/o Adaptive Alpha,NEG_SL_POS_V2,simple,ผู้สูงอายุ,0.0,0.0,0.0,0.0,0.0,0.0,True,0.019038220651160752,0,0.030304622000000003
w/o Adaptive Alpha,NEG_SL_NEG_V2,simple,ผู้สูงอายุ,0.0,0.0,0.0,0.0,0.0,0.0,True,0.014603990860919963,0,0.030000359999999997
w/o Adaptive Alpha,NEG_MH_POS_V2,complex,เด็กและสตรี,0.0,0.0,0.0,0.0,0.0,0.0,False,0.08874575506547536,3,0.6801295799999999
w/o Adaptive Alpha,NEG_MH_NEG_V2,complex,เด็กและสตรี,0.0,0.0,0.0,0.0,0.0,0.0,False,0.04232727236805156,4,0.291710536
w/o Adaptive Alpha,NEG_MM_POS_V2,moderate,ปัญหาครอบครัว,0.0,0.0,0.0,0.0,0.0,0.0,False,0.01732381973773154,4,0.10908112799999999
w/o Adaptive Alpha,NEG_MM_NEG_V2,moderate,ปัญหาครอบครัว,0.0,0.0,0.0,0.0,0.0,0.0,False,0.001785018751632212,2,0.009218165999999998
w/o Adaptive Alpha,NEG_ML_POS_V2,simple,ผู้สูงอายุ,0.0,0.0,0.0,0.0,0.0,0.0,False,0.02036791416759518,2,0.163877694
w/o Adaptive Alpha,NEG_ML_NEG_V2,simple,ผู้สูงอายุ,0.0,0.0,0.0,0.0,0.0,0.0,False,0.0009544514037237758,1,0.008701516
w/o Adaptive Alpha,NEG_LH_POS_V2,complex,รุนแรง/วัยรุ่น,0.0,0.0,0.0,0.0,0.06666666666666667,0.06666666666666667,False,0.04210750601701616,6,0.259133178
w/o Adaptive Alpha,NEG_LH_NEG_V2,complex,รุนแรง/วัยรุ่น,0.0,0.0,0.0,0.0,0.0,0.0,False,0.019951212957563365,7,0.114211076
w/o Adaptive Alpha,NEG_LM_POS_V2,complex,ครอบครัว/หนี้สิน,0.2,0.5,0.28571428571428575,0.6131471927654584,0.5714285714285714,1.0,False,0.03894347717844552,5,0.282667006
w/o Adaptive Alpha,NEG_LM_NEG_V2,complex,ครอบครัว/หนี้สิน,0.0,0.0,0.0,0.0,0.0,0.0,False,0.00697714897084376,3,0.052405318
w/o Adaptive Alpha,NEG_LL_POS_V2,simple,ผู้สูงอายุ,0.0,0.0,0.0,0.0,0.0,0.0,False,0.0008333091719998757,1,0.008752258000000002
w/o Adaptive Alpha,NEG_LL_NEG_V2,simple,ผู้สูงอายุ,0.0,0.0,0.0,0.0,0.0,0.0,False,0.00030674622659241805,1,0.003800138
w/o Bayesian Prior,CHILD_001,moderate,เด็กและเยาวชน,0.0,0.0,0.0,0.0,0.0,0.0,False,0.09604031884063526,2,0.7983525279999999
w/o Bayesian Prior,CHILD_002,complex,เด็กและเยาวชน,0.8,0.8,0.8000000000000002,0.5088013258915567,0.9028571428571428,1.0,False,0.539864003627996,5,3.239708324
w/o Bayesian Prior,CHILD_003,simple,เด็กและเยาวชน,0.0,0.0,0.0,0.0,0.0,0.0,False,0.09622407721255466,2,0.78039614
w/o Bayesian Prior,CHILD_004,moderate,เด็กและเยาวชน,0.4,0.5,0.4444444444444445,0.35753408824606947,0.6519230769230768,1.0,False,0.22913050495625237,3,1.5809571940000002
w/o Bayesian Prior,CHILD_005,complex,เด็กและเยาวชน,0.0,0.0,0.0,0.0,0.0,0.0,True,0.04989887136298358,0,0.029469802
w/o Bayesian Prior,ELDER_001,simple,ผู้สูงอายุ,0.0,0.0,0.0,0.0,0.0,0.0,True,0.036395638687755985,1,0.4427800200000001
w/o Bayesian Prior,ELDER_002,moderate,ผู้สูงอายุ,0.0,0.0,0.0,0.0,0.0,0.0,False,3.5359513391940633,7,14.266105214000001
w/o Bayesian Prior,ELDER_003,simple,ผู้สูงอายุ,0.0,0.0,0.0,0.0,0.0,0.0,False,0.09160873884017567,2,0.741723986
w/o Bayesian Prior,ELDER_004,complex,ผู้สูงอายุ,0.6,0.375,0.4615384615384615,0.6843515475204855,0.705384199134199,1.0,False,2.5029234266250087,10,12.0411234
w/o Bayesian Prior,ELDER_005,moderate,ผู้สูงอายุ,0.0,0.0,0.0,0.0,0.0,0.0,False,0.15638483467155626,2,1.1087978459999999
w/o Bayesian Prior,ELDER_006,moderate,ผู้สูงอายุ,0.2,1.0,0.33333333333333337,1.0,1.0,1.0,False,0.9189680805695791,5,5.1065044
w/o Bayesian Prior,ELDER_007,simple,ผู้สูงอายุ,0.0,0.0,0.0,0.0,0.0,0.0,True,0.05053300915366159,0,0.031301532
w/o Bayesian Prior,ELDER_008,complex,ผู้สูงอายุ,0.4,0.5,0.4444444444444445,0.4232448892278954,0.42658730158730157,0.3333333333333333,False,1.4145296757324333,6,7.573858614
w/o Bayesian Prior,ELDER_009,moderate,ผู้สูงอายุ,0.2,1.0,0.33333333333333337,0.6309297535714575,0.5,0.5,False,0.4743521221173278,4,2.6365097640000004
w/o Bayesian Prior,ELDER_010,complex,ผู้สูงอายุ,0.2,1.0,0.33333333333333337,1.0,1.0,1.0,False,0.3874819316686159,3,2.4916676860000004
w/o Bayesian Prior,DISABLED_001,simple,คนพิการ,0.0,0.0,0.0,0.0,0.0,0.0,False,0.11502433841603704,2,0.9154472800000001
w/o Bayesian Prior,DISABLED_002,moderate,คนพิการ,0.2,1.0,0.33333333333333337,1.0,1.0,1.0,False,0.09458112230666577,2,0.771297082
w/o Bayesian Prior,DISABLED_003,complex,คนพิการ,0.2,0.5,0.28571428571428575,0.6131471927654584,0.5833333333333334,1.0,False,0.03323195452220625,1,0.4148432379999999
w/o Bayesian Prior,DISABLED_004,moderate,คนพิการ,0.0,0.0,0.0,0.0,0.1,0.1,False,0.2507343779707336,3,1.680744566
w/o Bayesian Prior,DISABLED_005,simple,คนพิการ,0.2,1.0,0.33333333333333337,1.0,1.0,1.0,False,0.24951995643912753,3,1.6918950719999999
w/o Bayesian Prior,DISABLED_006,moderate,คนพิการ,0.4,1.0,0.5714285714285715,0.944847956559586,0.75,1.0,False,0.6793352009628024,4,3.950545648
w/o Bayesian Prior,DISABLED_007,complex,คนพิการ,0.8,0.5714285714285714,0.6666666666666666,0.8989584458539029,0.7204295704295703,1.0,False,0.763891788254552,8,4.608502744000001
w/o Bayesian Prior,DISABLED_008,moderate,คนพิการ,0.0,0.0,0.0,0.0,0.0,0.0,False,0.5165788737325651,3,2.620634224
w/o Bayesian Prior,DISABLED_009,simple,คนพิการ,0.0,0.0,0.0,0.0,0.0,0.0,False,0.14635691739711287,2,1.161744768
w/o Bayesian Prior,DISABLED_010,moderate,คนพิการ,0.2,1.0,0.33333333333333337,1.0,1.0,1.0,False,0.657380252861726,4,3.2586988920000004
w/o Bayesian Prior,HOMELESS_001,moderate,คนเร่ร่อน/ไร้ที่อยู่,0.2,1.0,0.33333333333333337,1.0,1.0,1.0,False,0.3448591299607759,4,2.1297466180000004
w/o Bayesian Prior,HOMELESS_002,complex,คนเร่ร่อน/ไร้ที่อยู่,0.2,1.0,0.33333333333333337,0.6309297535714575,0.5,0.5,False,0.13031589486319678,2,0.9857893339999999
w/o Bayesian Prior,HOMELESS_003,simple,คนเร่ร่อน/ไร้ที่อยู่,0.2,1.0,0.33333333333333337,0.6309297535714575,0.5,0.5,False,0.28749518220050424,4,1.8898167040000005
w/o Bayesian Prior,HOMELESS_004,moderate,คนเร่ร่อน/ไร้ที่อยู่,0.2,1.0,0.33333333333333337,1.0,1.0,1.0,False,0.10515776152047242,2,0.8267473080000001
w/o Bayesian Prior,HOMELESS_005,complex,คนเร่ร่อน/ไร้ที่อยู่,0.0,0.0,0.0,0.0,0.0,0.0,False,0.4586470712435782,4,2.823334792
w/o Bayesian Prior,MENTAL_001,moderate,ผู้ประสบปัญหาสุขภาพจิตและจิตเวช,0.4,0.5,0.4444444444444445,0.6097426926720908,0.54375,1.0,False,0.6839417243727159,4,4.332849602
w/o Bayesian Prior,MENTAL_002,complex,ผู้ประสบปัญหาสุขภาพจิตและจิตเวช,0.0,0.0,0.0,0.0,0.0,0.0,False,0.10975549918269238,2,0.8492233499999999
w/o Bayesian Prior,MENTAL_003,simple,ผู้ประสบปัญหาสุขภาพจิตและจิตเวช,0.0,0.0,0.0,0.0,0.0,0.0,False,0.03492538028157654,1,0.442795032
w/o Bayesian Prior,MENTAL_004,moderate,ผู้ประสบปัญหาสุขภาพจิตและจิตเวช,0.0,0.0,0.0,0.0,0.0,0.0,False,0.48038365178841397,4,2.4248300879999998
w/o Bayesian Prior,MENTAL_005,moderate,ผู้ประสบปัญหาสุขภาพจิตและจิตเวช,0.0,0.0,0.0,0.0,0.0,0.0,True,0.05276407562806382,0,0.030886392000000002
w/o Bayesian Prior,MENTAL_006,complex,ผู้ประสบปัญหาสุขภาพจิตและจิตเวช,0.0,0.0,0.0,0.0,0.1111111111111111,0.1111111111111111,False,0.03701729451606148,1,0.4527023659999999
w/o Bayesian Prior,MENTAL_007,simple,ผู้ประสบปัญหาสุขภาพจิตและจิตเวช,0.0,0.0,0.0,0.0,0.0,0.0,False,0.04448948229165308,1,0.5466290540000001
w/o Bayesian Prior,MENTAL_008,moderate,ผู้ประสบปัญหาสุขภาพจิตและจิตเวช,0.0,0.0,0.0,0.0,0.0,0.0,False,0.8725330101925322,6,5.365907340000001
w/o Bayesian Prior,MENTAL_009,complex,ผู้ประสบปัญหาสุขภาพจิตและจิตเวช,0.0,0.0,0.0,0.0,0.0,0.0,True,0.04747362844334628,0,0.031235451999999997
w/o Bayesian Prior,MENTAL_010,moderate,ผู้ประสบปัญหาสุขภาพจิตและจิตเวช,0.2,1.0,0.33333333333333337,1.0,1.0,1.0,False,0.36054445566486165,4,2.24205718
w/o Bayesian Prior,SUBSTANCE_001,moderate,ผู้ประสบปัญหายาเสพติด,0.0,0.0,0.0,0.0,0.06666666666666667,0.06666666666666667,False,0.6338333124793392,4,3.716014142
w/o Bayesian Prior,SUBSTANCE_002,complex,ผู้ประสบปัญหายาเสพติด,0.2,1.0,0.33333333333333337,1.0,1.0,1.0,False,1.366710519583606,7,7.96608806
w/o Bayesian Prior,SUBSTANCE_003,simple,ผู้ประสบปัญหายาเสพติด,0.0,0.0,0.0,0.0,0.0,0.0,False,0.03437785654309693,1,0.429077874
w/o Bayesian Prior,SUBSTANCE_005,moderate,ผู้ประสบปัญหายาเสพติด,0.0,0.0,0.0,0.0,0.0,0.0,False,0.23027314204621815,3,1.52714237
w/o Bayesian Prior,NCD_001,simple,ผู้ป่วยโรคเรื้อรังไม่ติดต่อ (NCD),0.0,0.0,0.0,0.0,0.0,0.0,False,0.03508264143301939,1,0.474730556
w/o Bayesian Prior,NCD_002,moderate,ผู้ป่วยโรคเรื้อรังไม่ติดต่อ (NCD),0.0,0.0,0.0,0.0,0.1111111111111111,0.1111111111111111,False,0.06158818615996851,1,0.769550684
w/o Bayesian Prior,NCD_003,moderate,ผู้ป่วยโรคเรื้อรังไม่ติดต่อ (NCD),0.4,0.6666666666666666,0.5,0.6508205185601091,0.5435897435897435,1.0,True,1.4727507967047324,5,7.114734258
w/o Bayesian Prior,NCD_004,complex,ผู้ป่วยโรคเรื้อรังไม่ติดต่อ (NCD),0.0,0.0,0.0,0.0,0.16666666666666666,0.16666666666666666,False,1.2339966383632879,4,6.276005244
w/o Bayesian Prior,NCD_005,simple,ผู้ป่วยโรคเรื้อรังไม่ติดต่อ (NCD),0.0,0.0,0.0,0.0,0.0,0.0,True,0.03527701850333022,1,0.42105206400000006
w/o Bayesian Prior,NCD_006,moderate,ผู้ป่วยโรคเรื้อรังไม่ติดต่อ (NCD),0.0,0.0,0.0,0.0,0.0,0.0,False,0.025510158828266582,1,0.36010332199999995
w/o Bayesian Prior,NCD_007,moderate,ผู้ป่วยโรคเรื้อรังไม่ติดต่อ (NCD),0.2,1.0,0.33333333333333337,1.0,1.0,1.0,False,0.6352417875629964,4,3.293184844
w/o Bayesian Prior,NCD_008,complex,ผู้ป่วยโรคเรื้อรังไม่ติดต่อ (NCD),0.0,0.0,0.0,0.0,0.0,0.0,False,0.2860478173287218,2,2.0009314259999997
w/o Bayesian Prior,NCD_009,simple,ผู้ป่วยโรคเรื้อรังไม่ติดต่อ (NCD),0.0,0.0,0.0,0.0,0.0,0.0,False,0.03302856031042964,1,0.407047324
w/o Bayesian Prior,NCD_010,moderate,ผู้ป่วยโรคเรื้อรังไม่ติดต่อ (NCD),0.2,1.0,0.33333333333333337,1.0,1.0,1.0,False,0.5627971985196291,4,3.3591039640000004
w/o Bayesian Prior,HIV_TB_001,moderate,ผู้ป่วยเอดส์และวัณโรค,0.4,1.0,0.5714285714285715,1.0,1.0,1.0,False,0.4318512517254061,3,2.7577026140000003
w/o Bayesian Prior,HIV_TB_002,complex,ผู้ป่วยเอดส์และวัณโรค,0.2,1.0,0.33333333333333337,1.0,1.0,1.0,False,0.5789859387583695,3,3.025085914
w/o Bayesian Prior,HIV_TB_003,simple,ผู้ป่วยเอดส์และวัณโรค,0.0,0.0,0.0,0.0,0.0,0.0,False,0.04095411151735939,1,0.5077203
w/o Bayesian Prior,HIV_TB_004,moderate,ผู้ป่วยเอดส์และวัณโรค,0.0,0.0,0.0,0.0,0.0,0.0,False,0.11097933572552003,2,0.859360554
w/o Bayesian Prior,HIV_TB_005,complex,ผู้ป่วยเอดส์และวัณโรค,0.2,1.0,0.33333333333333337,0.6309297535714575,0.5,0.5,False,1.9781596278842308,6,11.782141677999999
w/o Bayesian Prior,BEDRIDDEN_001,complex,เคสติดเตียงไร้ญาติ,0.4,0.3333333333333333,0.3636363636363636,0.5531464700081437,0.7271825396825397,1.0,False,1.4221846104649591,5,6.832555601999999
w/o Bayesian Prior,BEDRIDDEN_002,moderate,เคสติดเตียงไร้ญาติ,0.2,1.0,0.33333333333333337,1.0,1.0,1.0,False,0.733768009072319,3,3.977962194
w/o Bayesian Prior,BEDRIDDEN_003,moderate,เคสติดเตียงไร้ญาติ,0.2,1.0,0.33333333333333337,1.0,1.0,1.0,False,0.2218251924921417,3,1.471877922
w/o Bayesian Prior,BEDRIDDEN_004,complex,เคสติดเตียงไร้ญาติ,0.2,1.0,0.33333333333333337,1.0,1.0,1.0,False,1.69784333401315,4,7.053164318
w/o Bayesian Prior,BEDRIDDEN_005,moderate,เคสติดเตียงไร้ญาติ,0.2,1.0,0.33333333333333337,1.0,1.0,1.0,False,0.6309746322380868,4,3.1922027780000004
w/o Bayesian Prior,BEDRIDDEN_006,simple,เคสติดเตียงไร้ญาติ,0.0,0.0,0.0,0.0,0.0,0.0,False,0.11652181082900812,2,0.9414301939999998
w/o Bayesian Prior,BEDRIDDEN_007,complex,เคสติดเตียงไร้ญาติ,0.2,1.0,0.33333333333333337,1.0,1.0,1.0,False,2.685135711021552,6,13.193800849999999
w/o Bayesian Prior,BEDRIDDEN_008,moderate,เคสติดเตียงไร้ญาติ,0.0,0.0,0.0,0.0,0.0,0.0,False,0.6615365502867064,3,3.5992443400000007
w/o Bayesian Prior,BEDRIDDEN_009,moderate,เคสติดเตียงไร้ญาติ,0.4,1.0,0.5714285714285715,0.8503449055347546,0.7,1.0,False,0.15739706277387067,2,1.151176608
w/o Bayesian Prior,BEDRIDDEN_010,complex,เคสติดเตียงไร้ญาติ,0.0,0.0,0.0,0.0,0.0,0.0,False,1.327559540254296,5,6.2079856399999995
w/o Bayesian Prior,REHAB_001,moderate,เคสขอทุนฝึกอาชีพและฟื้นฟูสมรรถภาพ,0.2,1.0,0.33333333333333337,1.0,1.0,1.0,False,0.28225971922397336,3,1.7733185860000003
w/o Bayesian Prior,REHAB_002,simple,เคสขอทุนฝึกอาชีพและฟื้นฟูสมรรถภาพ,0.2,1.0,0.33333333333333337,1.0,1.0,1.0,False,0.15489593102969695,2,1.2404068219999997
w/o Bayesian Prior,REHAB_003,moderate,เคสขอทุนฝึกอาชีพและฟื้นฟูสมรรถภาพ,0.2,0.5,0.28571428571428575,0.6131471927654584,0.6666666666666666,1.0,False,0.5052069620429216,5,3.1248143999999995
w/o Bayesian Prior,REHAB_004,simple,เคสขอทุนฝึกอาชีพและฟื้นฟูสมรรถภาพ,0.4,1.0,0.5714285714285715,0.8772153153380493,0.75,1.0,False,0.07888621283797785,2,0.67195811
w/o Bayesian Prior,REHAB_005,moderate,เคสขอทุนฝึกอาชีพและฟื้นฟูสมรรถภาพ,0.2,0.5,0.28571428571428575,0.6131471927654584,0.6666666666666666,1.0,False,0.09963941373791325,2,0.7937623599999999
w/o Bayesian Prior,FINANCE_001,simple,เคสปัญหาด้านการเงิน,0.4,1.0,0.5714285714285715,0.944847956559586,0.75,1.0,False,0.1543602239495575,3,1.130315524
w/o Bayesian Prior,FINANCE_002,moderate,เคสปัญหาด้านการเงิน,0.0,0.0,0.0,0.0,0.07142857142857142,0.07142857142857142,False,0.12077422696312526,2,1.0299862340000001
w/o Bayesian Prior,FINANCE_003,moderate,เคสปัญหาด้านการเงิน,0.2,1.0,0.33333333333333337,1.0,1.0,1.0,False,0.7071406044416955,8,4.409366476
w/o Bayesian Prior,FINANCE_004,simple,เคสปัญหาด้านการเงิน,0.0,0.0,0.0,0.0,0.14285714285714285,0.14285714285714285,False,0.07906126559090755,2,0.674715346
w/o Bayesian Prior,FINANCE_005,moderate,เคสปัญหาด้านการเงิน,0.0,0.0,0.0,0.0,0.2216931216931217,0.14285714285714285,False,0.330070761194991,4,2.14109358
w/o Bayesian Prior,LOVE_001,simple,เคสปัญหาด้านความรัก,0.2,0.3333333333333333,0.25,0.2960819109658652,0.2888888888888889,0.5,False,0.16937978010078034,2,1.34778521
w/o Bayesian Prior,LOVE_002,moderate,เคสปัญหาด้านความรัก,0.6,0.75,0.6666666666666665,0.7903299296767691,0.8928571428571428,1.0,False,0.1208250059782205,2,0.9468875820000001
w/o Bayesian Prior,LOVE_003,moderate,เคสปัญหาด้านความรัก,0.0,0.0,0.0,0.0,0.0,0.0,False,0.43937714825429963,4,2.818405692
w/o Bayesian Prior,LOVE_004,simple,เคสปัญหาด้านความรัก,0.0,0.0,0.0,0.0,0.0,0.0,False,0.03393759326437991,1,0.4630935599999999
w/o Bayesian Prior,LOVE_005,moderate,เคสปัญหาด้านความรัก,0.0,0.0,0.0,0.0,0.0,0.0,False,0.42094281822271284,4,2.708609182
w/o Bayesian Prior,FAMILY_001,moderate,เคสปัญหาครอบครัว,0.4,1.0,0.5714285714285715,1.0,1.0,1.0,False,0.7590941008692804,4,4.769658978
w/o Bayesian Prior,FAMILY_002,complex,เคสปัญหาครอบครัว,0.2,1.0,0.33333333333333337,1.0,1.0,1.0,False,0.32747892520043026,4,2.141231102
w/o Bayesian Prior,FAMILY_003,simple,เคสปัญหาครอบครัว,0.0,0.0,0.0,0.0,0.0,0.0,False,0.02735879119383451,1,0.38872516999999995
w/o Bayesian Prior,VIOLENCE_001,complex,เคสประสบปัญหาถูกกระทำความรุนแรง,0.4,1.0,0.5714285714285715,0.9197207891481876,0.8333333333333333,1.0,False,1.6291930055716084,5,8.188573366
w/o Bayesian Prior,VIOLENCE_002,moderate,เคสประสบปัญหาถูกกระทำความรุนแรง,0.2,1.0,0.33333333333333337,1.0,1.0,1.0,False,0.4181537439108025,4,2.583733156
w/o Bayesian Prior,VIOLENCE_003,moderate,เคสประสบปัญหาถูกกระทำความรุนแรง,0.4,0.6666666666666666,0.5,0.6713860725233041,0.5714285714285714,1.0,False,0.444664225327725,3,2.546763254
w/o Bayesian Prior,VIOLENCE_004,simple,เคสประสบปัญหาถูกกระทำความรุนแรง,0.0,0.0,0.0,0.0,0.0,0.0,True,0.04782551850157313,0,0.030452145999999996
w/o Bayesian Prior,VIOLENCE_005,complex,เคสประสบปัญหาถูกกระทำความรุนแรง,0.8,0.8,0.8000000000000002,0.7364185288376675,0.8766666666666666,1.0,False,0.03950867454442388,1,0.51768811
w/o Bayesian Prior,CHILD_001_PAR_01,moderate,เด็กและเยาวชน,0.0,0.0,0.0,0.0,0.08333333333333333,0.08333333333333333,False,0.09742488627949315,2,0.8161303259999999
w/o Bayesian Prior,CHILD_002_PAR_01,complex,เด็กและเยาวชน,0.8,0.8,0.8000000000000002,0.5088013258915567,0.8509090909090908,1.0,False,0.5066436194205971,5,3.130474714
w/o Bayesian Prior,CHILD_003_PAR_01,simple,เด็กและเยาวชน,0.0,0.0,0.0,0.0,0.0,0.0,False,0.09659459955122353,2,0.7821689519999999
w/o Bayesian Prior,CHILD_004_PAR_01,moderate,เด็กและเยาวชน,0.4,0.5,0.4444444444444445,0.35753408824606947,0.6659090909090909,1.0,False,0.23141642821156996,3,1.6088271060000001
w/o Bayesian Prior,CHILD_005_PAR_01,complex,เด็กและเยาวชน,0.0,0.0,0.0,0.0,0.0,0.0,True,0.04987471005317376,0,0.029557706
w/o Bayesian Prior,ELDER_003_PAR_01,simple,ผู้สูงอายุ,0.0,0.0,0.0,0.0,0.0,0.0,False,0.09227543554680047,2,0.7439917420000001
w/o Bayesian Prior,ELDER_004_PAR_01,complex,ผู้สูงอายุ,0.6,0.42857142857142855,0.5,0.6843515475204855,0.7408686551543695,1.0,False,2.4954017547927454,10,12.210233614
w/o Bayesian Prior,ELDER_007_PAR_01,simple,ผู้สูงอายุ,0.0,0.0,0.0,0.0,0.0,0.0,True,0.05026799668215699,0,0.031161605999999998
w/o Bayesian Prior,ELDER_008_PAR_01,complex,ผู้สูงอายุ,0.4,0.5,0.4444444444444445,0.4232448892278954,0.42658730158730157,0.3333333333333333,False,1.3654460352117708,6,7.669828095999999
w/o Bayesian Prior,ELDER_010_PAR_01,complex,ผู้สูงอายุ,0.2,1.0,0.33333333333333337,1.0,1.0,1.0,False,0.3938069743493911,3,2.522116466
w/o Bayesian Prior,DISABLED_001_PAR_01,simple,คนพิการ,0.0,0.0,0.0,0.0,0.0,0.0,False,0.1219297933983246,2,0.9702928199999998
w/o Bayesian Prior,DISABLED_002_PAR_01,moderate,คนพิการ,0.2,1.0,0.33333333333333337,1.0,1.0,1.0,False,0.09247361807811871,2,0.7610151540000001
w/o Bayesian Prior,DISABLED_003_PAR_01,complex,คนพิการ,0.2,0.5,0.28571428571428575,0.6131471927654584,0.5769230769230769,1.0,False,0.03129900346768704,1,0.39421724999999996
w/o Bayesian Prior,DISABLED_004_PAR_01,moderate,คนพิการ,0.0,0.0,0.0,0.0,0.12692307692307692,0.1,False,0.13402584135354179,2,1.0310337559999998
w/o Bayesian Prior,DISABLED_005_PAR_01,simple,คนพิการ,0.2,1.0,0.33333333333333337,1.0,1.0,1.0,False,0.2564942679554613,3,1.744462146
w/o Bayesian Prior,DISABLED_006_PAR_01,moderate,คนพิการ,0.4,0.6666666666666666,0.5,0.819876640193745,0.5499999999999999,1.0,False,0.818958935091157,4,4.553121922
w/o Bayesian Prior,DISABLED_007_PAR_01,complex,คนพิการ,0.8,0.8,0.8000000000000002,0.9129675424759451,0.8314285714285713,1.0,False,0.7317646973528534,8,4.446130014
w/o Bayesian Prior,DISABLED_008_PAR_01,moderate,คนพิการ,0.0,0.0,0.0,0.0,0.0,0.0,False,0.043292214170818646,1,0.4933480840000001
w/o Bayesian Prior,DISABLED_009_PAR_01,simple,คนพิการ,0.0,0.0,0.0,0.0,0.0,0.0,False,0.14732246938926785,2,1.19161882
w/o Bayesian Prior,DISABLED_010_PAR_01,moderate,คนพิการ,0.2,1.0,0.33333333333333337,1.0,1.0,1.0,False,0.4625182625938105,4,2.61212166
w/o Bayesian Prior,HOMELESS_002_PAR_01,complex,คนเร่ร่อน/ไร้ที่อยู่,0.2,1.0,0.33333333333333337,0.43067655807339306,0.25,0.25,False,0.14196150462384735,2,1.04035444
w/o Bayesian Prior,MENTAL_001_PAR_01,moderate,ผู้ประสบปัญหาสุขภาพจิตและจิตเวช,0.4,0.5,0.4444444444444445,0.6097426926720908,0.5682539682539682,1.0,False,0.8091232553845694,4,5.115560354
w/o Bayesian Prior,MENTAL_003_PAR_01,simple,ผู้ประสบปัญหาสุขภาพจิตและจิตเวช,0.0,0.0,0.0,0.0,0.0,0.0,False,0.03631188325481765,1,0.45851476399999996
w/o Bayesian Prior,MENTAL_008_PAR_01,moderate,ผู้ประสบปัญหาสุขภาพจิตและจิตเวช,0.0,0.0,0.0,0.0,0.0,0.0,False,0.8558775671255617,7,5.196241425999999
w/o Bayesian Prior,MENTAL_010_PAR_01,moderate,ผู้ประสบปัญหาสุขภาพจิตและจิตเวช,0.2,1.0,0.33333333333333337,1.0,1.0,1.0,False,0.33640945455665516,4,2.1579128279999997
w/o Bayesian Prior,SUBSTANCE_002_PAR_01,complex,ผู้ประสบปัญหายาเสพติด,0.2,1.0,0.33333333333333337,1.0,1.0,1.0,False,1.4431601726439856,7,8.278849048000001
w/o Bayesian Prior,SUBSTANCE_003_PAR_01,simple,ผู้ประสบปัญหายาเสพติด,0.0,0.0,0.0,0.0,0.0,0.0,False,0.034740829292648545,1,0.429987646
w/o Bayesian Prior,NCD_001_PAR_01,simple,ผู้ป่วยโรคเรื้อรังไม่ติดต่อ (NCD),0.0,0.0,0.0,0.0,0.0,0.0,False,0.035936256022334044,1,0.48461884
w/o Bayesian Prior,NCD_009_PAR_01,simple,ผู้ป่วยโรคเรื้อรังไม่ติดต่อ (NCD),0.0,0.0,0.0,0.0,0.0,0.0,False,0.03303263327492632,1,0.40697430600000006
w/o Bayesian Prior,NCD_010_PAR_01,moderate,ผู้ป่วยโรคเรื้อรังไม่ติดต่อ (NCD),0.2,1.0,0.33333333333333337,1.0,1.0,1.0,False,0.880037974018293,5,5.1667617980000005
w/o Bayesian Prior,HIV_TB_005_PAR_01,complex,ผู้ป่วยเอดส์และวัณโรค,0.2,1.0,0.33333333333333337,0.6309297535714575,0.5,0.5,False,1.113043385727008,5,6.892729146000001
w/o Bayesian Prior,BEDRIDDEN_006_PAR_01,simple,เคสติดเตียงไร้ญาติ,0.0,0.0,0.0,0.0,0.0,0.0,False,0.03702130787600534,1,0.505355008
w/o Bayesian Prior,BEDRIDDEN_010_PAR_01,complex,เคสติดเตียงไร้ญาติ,0.0,0.0,0.0,0.0,0.0,0.0,False,0.2587330331549553,2,1.7182081019999997
w/o Bayesian Prior,REHAB_001_PAR_01,moderate,เคสขอทุนฝึกอาชีพและฟื้นฟูสมรรถภาพ,0.2,1.0,0.33333333333333337,1.0,1.0,1.0,False,0.28277270794993353,3,1.7849765819999999
w/o Bayesian Prior,REHAB_003_PAR_01,moderate,เคสขอทุนฝึกอาชีพและฟื้นฟูสมรรถภาพ,0.2,0.5,0.28571428571428575,0.6131471927654584,0.6428571428571428,1.0,False,0.2945644057745433,4,1.8752595580000002
w/o Bayesian Prior,REHAB_004_PAR_01,simple,เคสขอทุนฝึกอาชีพและฟื้นฟูสมรรถภาพ,0.4,1.0,0.5714285714285715,0.8772153153380493,0.75,1.0,False,0.07820600153172973,2,0.6677979
w/o Bayesian Prior,REHAB_005_PAR_01,moderate,เคสขอทุนฝึกอาชีพและฟื้นฟูสมรรถภาพ,0.2,0.5,0.28571428571428575,0.6131471927654584,0.6666666666666666,1.0,False,0.02743163747611805,1,0.36884716199999995
w/o Bayesian Prior,FINANCE_001_PAR_01,simple,เคสปัญหาด้านการเงิน,0.4,1.0,0.5714285714285715,0.944847956559586,0.75,1.0,False,0.15605097759651532,3,1.141236054
w/o Bayesian Prior,FINANCE_002_PAR_01,moderate,เคสปัญหาด้านการเงิน,0.0,0.0,0.0,0.0,0.0,0.0,False,0.09743419726711143,2,0.83793399
w/o Bayesian Prior,FINANCE_003_PAR_01,moderate,เคสปัญหาด้านการเงิน,0.2,1.0,0.33333333333333337,1.0,1.0,1.0,False,0.2997777237579751,4,1.955073988
w/o Bayesian Prior,LOVE_005_PAR_01,moderate,เคสปัญหาด้านความรัก,0.0,0.0,0.0,0.0,0.0,0.0,False,0.354312878358815,4,2.3294855560000003
w/o Bayesian Prior,FAMILY_001_PAR_01,moderate,เคสปัญหาครอบครัว,0.4,1.0,0.5714285714285715,1.0,1.0,1.0,False,0.761704625905446,4,4.992106222
w/o Bayesian Prior,FAMILY_002_PAR_01,complex,เคสปัญหาครอบครัว,0.2,1.0,0.33333333333333337,1.0,1.0,1.0,False,0.32456769265874574,4,2.1278660639999996
w/o Bayesian Prior,FAMILY_003_PAR_01,simple,เคสปัญหาครอบครัว,0.0,0.0,0.0,0.0,0.0,0.0,True,0.05207978754088103,0,0.030429259999999996
w/o Bayesian Prior,CHILD_003_ESC_01,complex,เด็กและเยาวชน,0.0,0.0,0.0,0.0,0.0,0.0,False,0.09673185921067597,2,0.7829151860000001
w/o Bayesian Prior,ELDER_001_ESC_01,complex,ผู้สูงอายุ,0.0,0.0,0.0,0.0,0.0,0.0,False,0.03591268115485345,1,0.43363955800000015
w/o Bayesian Prior,ELDER_003_ESC_01,complex,ผู้สูงอายุ,0.0,0.0,0.0,0.0,0.0,0.0,False,0.11971185564273208,2,0.946905804
w/o Bayesian Prior,ELDER_007_ESC_01,complex,ผู้สูงอายุ,0.0,0.0,0.0,0.0,0.0,0.0,True,0.04855508994038489,0,0.030732341999999996
w/o Bayesian Prior,DISABLED_001_ESC_01,complex,คนพิการ,0.0,0.0,0.0,0.0,0.0,0.0,False,0.1167022956757295,2,0.9314521040000001
w/o Bayesian Prior,DISABLED_005_ESC_01,complex,คนพิการ,0.2,1.0,0.33333333333333337,1.0,1.0,1.0,False,0.3411180035305634,3,2.152614374
w/o Bayesian Prior,DISABLED_009_ESC_01,complex,คนพิการ,0.0,0.0,0.0,0.0,0.0,0.0,False,0.12477673286209631,2,0.992691264
w/o Bayesian Prior,HOMELESS_003_ESC_01,complex,คนเร่ร่อน/ไร้ที่อยู่,0.4,0.6666666666666666,0.5,0.7653606369886217,0.7916666666666666,1.0,False,0.2912801105484662,4,1.91494975
w/o Bayesian Prior,MENTAL_003_ESC_01,complex,ผู้ประสบปัญหาสุขภาพจิตและจิตเวช,0.0,0.0,0.0,0.0,0.0,0.0,False,0.03266103801036539,1,0.413036504
w/o Bayesian Prior,MENTAL_007_ESC_01,complex,ผู้ประสบปัญหาสุขภาพจิตและจิตเวช,0.0,0.0,0.0,0.0,0.0,0.0,False,0.04096333986320507,1,0.506895302
w/o Bayesian Prior,CHILD_002_SIM_01,simple,เด็กและเยาวชน,0.0,0.0,0.0,0.0,0.0,0.0,True,0.04711087332017431,0,0.031068912000000004
w/o Bayesian Prior,CHILD_005_SIM_01,simple,เด็กและเยาวชน,0.0,0.0,0.0,0.0,0.0,0.0,True,0.0486809954421236,0,0.029614604
w/o Bayesian Prior,ELDER_004_SIM_01,simple,ผู้สูงอายุ,0.2,0.3333333333333333,0.25,0.23463936301137822,0.27136752136752135,0.3333333333333333,True,0.04519348541341765,0,0.030176364
w/o Bayesian Prior,ELDER_008_SIM_01,simple,ผู้สูงอายุ,0.0,0.0,0.0,0.0,0.0,0.0,True,0.07673846767048036,0,0.03013534
w/o Bayesian Prior,ELDER_010_SIM_01,simple,ผู้สูงอายุ,0.2,1.0,0.33333333333333337,0.5,0.3333333333333333,0.3333333333333333,True,0.08603515894309889,0,0.03113127
w/o Bayesian Prior,DISABLED_003_SIM_01,simple,คนพิการ,0.0,0.0,0.0,0.0,0.0,0.0,True,0.04455674549540396,0,0.030547407999999998
w/o Bayesian Prior,DISABLED_007_SIM_01,simple,คนพิการ,0.2,0.5,0.28571428571428575,0.38685280723454163,0.39285714285714285,0.5,True,0.04720857893949622,0,0.030820122
w/o Bayesian Prior,HOMELESS_002_SIM_01,simple,คนเร่ร่อน/ไร้ที่อยู่,0.0,0.0,0.0,0.0,0.0,0.0,True,0.036642581242552964,0,0.030239815999999996
w/o Bayesian Prior,HOMELESS_005_SIM_01,simple,คนเร่ร่อน/ไร้ที่อยู่,0.0,0.0,0.0,0.0,0.0,0.0,True,0.03973980717523305,0,0.031339352
w/o Bayesian Prior,MENTAL_002_SIM_01,simple,ผู้ประสบปัญหาสุขภาพจิตและจิตเวช,0.0,0.0,0.0,0.0,0.0,0.0,True,0.07357744217470936,0,0.030789564
w/o Bayesian Prior,ADV_001,moderate,adversarial_l2_test,0.0,0.0,0.0,0.0,0.0,0.0,False,0.006899509814753373,1,0.09335630799999999
w/o Bayesian Prior,ADV_002,moderate,adversarial_l2_test,0.0,0.0,0.0,0.0,0.0,0.0,False,0.0004899953815213065,2,0.002301122
w/o Bayesian Prior,ADV_003,moderate,adversarial_l2_test,0.0,0.0,0.0,0.0,0.0,0.0,False,0.002351890327143222,1,0.029231584000000005
w/o Bayesian Prior,ADV_004,moderate,adversarial_l2_test,0.0,0.0,0.0,0.0,0.0,0.0,False,0.0063744422080754225,1,0.09164694799999999
w/o Bayesian Prior,ADV_005,moderate,adversarial_l2_test,0.0,0.0,0.0,0.0,0.06666666666666667,0.06666666666666667,False,0.00392968319875,1,0.04861053
w/o Bayesian Prior,NEG_SH_POS,moderate,ผู้ประสบปัญหาสุขภาพจิตและจิตเวช,0.4,0.5,0.4444444444444445,0.6366824387328317,0.7678571428571428,1.0,False,0.06659247488566203,1,0.7051305140000002
w/o Bayesian Prior,NEG_SH_NEG,moderate,ผู้ประสบปัญหาสุขภาพจิตและจิตเวช,0.0,0.0,0.0,0.0,0.0,0.0,False,0.0058501467781269575,1,0.08287034600000001
w/o Bayesian Prior,NEG_SM_POS,simple,เคสปัญหาด้านการเงิน,0.6,0.75,0.6666666666666665,0.75369761125927,0.6810897435897436,1.0,False,0.0560718893574707,2,0.38264458
w/o Bayesian Prior,NEG_SM_NEG,simple,เคสปัญหาด้านการเงิน,0.0,0.0,0.0,0.0,0.0,0.0,False,0.023128213069007322,2,0.15501173199999999
w/o Bayesian Prior,NEG_SL_POS,simple,ผู้ป่วยโรคเรื้อรังไม่ติดต่อ (NCD),0.0,0.0,0.0,0.0,0.0,0.0,False,0.0036219984672193496,2,0.017852622
w/o Bayesian Prior,NEG_SL_NEG,simple,ผู้ป่วยโรคเรื้อรังไม่ติดต่อ (NCD),0.0,0.0,0.0,0.0,0.0,0.0,False,0.0014024523194326422,1,0.008731062000000001
w/o Bayesian Prior,NEG_MH_POS,complex,เคสประสบปัญหาถูกกระทำความรุนแรง,0.4,0.4,0.4000000000000001,0.5052077707304854,0.6055555555555554,1.0,False,0.5130772252935465,3,3.3826546200000003
w/o Bayesian Prior,NEG_MH_NEG,complex,เคสประสบปัญหาถูกกระทำความรุนแรง,0.0,0.0,0.0,0.0,0.0,0.0,False,0.2568761603659899,4,1.656880482
w/o Bayesian Prior,NEG_MM_POS,moderate,เคสปัญหาครอบครัว,0.0,0.0,0.0,0.0,0.0,0.0,False,0.17136915982987147,5,0.9296026999999999
w/o Bayesian Prior,NEG_MM_NEG,moderate,เคสปัญหาครอบครัว,0.0,0.0,0.0,0.0,0.0,0.0,False,0.22345185979342178,6,1.285241634
w/o Bayesian Prior,NEG_ML_POS,simple,ผู้สูงอายุ,0.0,0.0,0.0,0.0,0.0,0.0,False,0.03742718641541846,3,0.22700984800000001
w/o Bayesian Prior,NEG_ML_NEG,simple,ผู้สูงอายุ,0.0,0.0,0.0,0.0,0.0,0.0,False,0.1159771277493043,4,0.7305773300000001
w/o Bayesian Prior,NEG_LH_POS,complex,เคสประสบปัญหาถูกกระทำความรุนแรง,0.6,0.75,0.6666666666666665,0.8318724637288826,0.8928571428571428,1.0,False,1.4505098143141235,5,7.494216823999999
w/o Bayesian Prior,NEG_LH_NEG,complex,เคสประสบปัญหาถูกกระทำความรุนแรง,0.0,0.0,0.0,0.0,0.0,0.0,False,0.042066697691945605,3,0.24676912599999995
w/o Bayesian Prior,NEG_LM_POS,complex,เคสปัญหาครอบครัว,0.0,0.0,0.0,0.0,0.18560606060606064,0.125,False,0.6427547405472983,6,3.756934298
w/o Bayesian Prior,NEG_LM_NEG,complex,เคสปัญหาครอบครัว,0.0,0.0,0.0,0.0,0.0,0.0,True,0.020093820593210892,0,0.030973406
w/o Bayesian Prior,NEG_LL_POS,simple,ผู้สูงอายุ,0.0,0.0,0.0,0.0,0.0,0.0,False,0.89777172409742,4,4.351737954
w/o Bayesian Prior,NEG_LL_NEG,simple,ผู้สูงอายุ,0.0,0.0,0.0,0.0,0.0,0.0,False,0.6199667988487839,5,2.957272916
w/o Bayesian Prior,NEG_SH_POS_V2,moderate,ผู้ประสบปัญหาสุขภาพจิตและจิตเวช,0.6,0.75,0.6666666666666665,0.8318724637288826,0.875,1.0,False,0.061612025433936506,1,0.7077113420000001
w/o Bayesian Prior,NEG_SH_NEG_V2,moderate,ผู้ประสบปัญหาสุขภาพจิตและจิตเวช,0.0,0.0,0.0,0.0,0.0,0.0,False,0.007109068457018732,1,0.11419438400000001
w/o Bayesian Prior,NEG_SM_POS_V2,simple,เคสปัญหาครอบครัว,0.0,0.0,0.0,0.0,0.0,0.0,False,0.015857913012349654,2,0.130182684
w/o Bayesian Prior,NEG_SM_NEG_V2,simple,เคสปัญหาครอบครัว,0.0,0.0,0.0,0.0,0.0,0.0,False,0.004886427126027882,3,0.026354014000000002
w/o Bayesian Prior,NEG_SL_POS_V2,simple,ผู้สูงอายุ,0.0,0.0,0.0,0.0,0.0,0.0,True,0.019038220651160752,0,0.030304622000000003
w/o Bayesian Prior,NEG_SL_NEG_V2,simple,ผู้สูงอายุ,0.0,0.0,0.0,0.0,0.0,0.0,True,0.014603990860919963,0,0.030000359999999997
w/o Bayesian Prior,NEG_MH_POS_V2,complex,เด็กและสตรี,0.0,0.0,0.0,0.0,0.0,0.0,False,0.1269636304748123,3,0.9020353300000001
w/o Bayesian Prior,NEG_MH_NEG_V2,complex,เด็กและสตรี,0.0,0.0,0.0,0.0,0.0,0.0,False,0.08148365525278176,4,0.5149070179999999
w/o Bayesian Prior,NEG_MM_POS_V2,moderate,ปัญหาครอบครัว,0.0,0.0,0.0,0.0,0.0,0.0,False,0.03420014348324499,4,0.195028796
w/o Bayesian Prior,NEG_MM_NEG_V2,moderate,ปัญหาครอบครัว,0.0,0.0,0.0,0.0,0.0,0.0,False,0.001876001967190706,2,0.009547756
w/o Bayesian Prior,NEG_ML_POS_V2,simple,ผู้สูงอายุ,0.0,0.0,0.0,0.0,0.0,0.0,False,0.021388806927174465,2,0.169511602
w/o Bayesian Prior,NEG_ML_NEG_V2,simple,ผู้สูงอายุ,0.0,0.0,0.0,0.0,0.0,0.0,False,0.0008203657082424351,1,0.008144466
w/o Bayesian Prior,NEG_LH_POS_V2,complex,รุนแรง/วัยรุ่น,0.0,0.0,0.0,0.0,0.06666666666666667,0.06666666666666667,False,0.14845142592097452,6,0.810758964
w/o Bayesian Prior,NEG_LH_NEG_V2,complex,รุนแรง/วัยรุ่น,0.0,0.0,0.0,0.0,0.0,0.0,False,0.057693579865983564,7,0.30186735
w/o Bayesian Prior,NEG_LM_POS_V2,complex,ครอบครัว/หนี้สิน,0.2,0.5,0.28571428571428575,0.6131471927654584,0.5714285714285714,1.0,False,0.09988061624126661,5,0.63770179
w/o Bayesian Prior,NEG_LM_NEG_V2,complex,ครอบครัว/หนี้สิน,0.0,0.0,0.0,0.0,0.0,0.0,False,0.009789043803588065,3,0.06846157600000001
w/o Bayesian Prior,NEG_LL_POS_V2,simple,ผู้สูงอายุ,0.0,0.0,0.0,0.0,0.0,0.0,False,0.0006863146260055018,1,0.008009822
w/o Bayesian Prior,NEG_LL_NEG_V2,simple,ผู้สูงอายุ,0.0,0.0,0.0,0.0,0.0,0.0,False,0.00026905890117855504,1,0.00359552
w/o IDF Specificity,CHILD_001,moderate,เด็กและเยาวชน,0.0,0.0,0.0,0.0,0.0,0.0,False,0.07099015301592886,2,0.6491197120000001
w/o IDF Specificity,CHILD_002,complex,เด็กและเยาวชน,0.8,0.8,0.8000000000000002,0.5088013258915567,0.9028571428571428,1.0,False,0.3299356053222174,5,2.074161356
w/o IDF Specificity,CHILD_003,simple,เด็กและเยาวชน,0.0,0.0,0.0,0.0,0.0,0.0,False,0.07281354313877969,2,0.64031389
w/o IDF Specificity,CHILD_004,moderate,เด็กและเยาวชน,0.4,0.5,0.4444444444444445,0.35753408824606947,0.6519230769230768,1.0,False,0.16574579278864052,3,1.2161811859999998
w/o IDF Specificity,CHILD_005,complex,เด็กและเยาวชน,0.0,0.0,0.0,0.0,0.0,0.0,True,0.04989887136298358,0,0.029469802
w/o IDF Specificity,ELDER_001,simple,ผู้สูงอายุ,0.0,0.0,0.0,0.0,0.0,0.0,True,0.032205698085547865,1,0.41870147399999996
w/o IDF Specificity,ELDER_002,moderate,ผู้สูงอายุ,0.0,0.0,0.0,0.0,0.0,0.0,False,3.0699778115745042,7,12.479694462000001
w/o IDF Specificity,ELDER_003,simple,ผู้สูงอายุ,0.0,0.0,0.0,0.0,0.0,0.0,False,0.06741356893862681,2,0.6016429459999999
w/o IDF Specificity,ELDER_004,complex,ผู้สูงอายุ,0.6,0.375,0.4615384615384615,0.6843515475204855,0.705384199134199,1.0,False,2.2026263739183616,10,10.668373407999999
w/o IDF Specificity,ELDER_005,moderate,ผู้สูงอายุ,0.0,0.0,0.0,0.0,0.0,0.0,False,0.11821496009713477,2,0.9133153059999998
w/o IDF Specificity,ELDER_006,moderate,ผู้สูงอายุ,0.2,1.0,0.33333333333333337,1.0,1.0,1.0,False,0.5690977184155853,5,3.3042040299999997
w/o IDF Specificity,ELDER_007,simple,ผู้สูงอายุ,0.0,0.0,0.0,0.0,0.0,0.0,True,0.05053300915366159,0,0.031301532
w/o IDF Specificity,ELDER_008,complex,ผู้สูงอายุ,0.4,0.5,0.4444444444444445,0.4232448892278954,0.42658730158730157,0.3333333333333333,False,0.8096685763657095,6,4.518980252
w/o IDF Specificity,ELDER_009,moderate,ผู้สูงอายุ,0.2,1.0,0.33333333333333337,0.6309297535714575,0.5,0.5,False,0.32290976274205097,4,1.8782938960000002
w/o IDF Specificity,ELDER_010,complex,ผู้สูงอายุ,0.2,1.0,0.33333333333333337,1.0,1.0,1.0,False,0.27998200806105505,3,1.915116844
w/o IDF Specificity,DISABLED_001,simple,คนพิการ,0.0,0.0,0.0,0.0,0.0,0.0,False,0.0870766771724385,2,0.7541347359999999
w/o IDF Specificity,DISABLED_002,moderate,คนพิการ,0.2,1.0,0.33333333333333337,1.0,1.0,1.0,False,0.07113427757156819,2,0.63403232
w/o IDF Specificity,DISABLED_003,complex,คนพิการ,0.2,0.5,0.28571428571428575,0.6131471927654584,0.5833333333333334,1.0,False,0.025981284060381294,1,0.374577144
w/o IDF Specificity,DISABLED_004,moderate,คนพิการ,0.0,0.0,0.0,0.0,0.1,0.1,False,0.17264255012981228,3,1.2454648819999998
w/o IDF Specificity,DISABLED_005,simple,คนพิการ,0.2,1.0,0.33333333333333337,1.0,1.0,1.0,False,0.17656697481846084,3,1.2819386720000001
w/o IDF Specificity,DISABLED_006,moderate,คนพิการ,0.4,1.0,0.5714285714285715,0.944847956559586,0.75,1.0,False,0.47192299598875687,4,2.8539209380000004
w/o IDF Specificity,DISABLED_007,complex,คนพิการ,0.8,0.5714285714285714,0.6666666666666666,0.8989584458539029,0.7204295704295703,1.0,False,0.6474887086939188,8,3.9412145880000002
w/o IDF Specificity,DISABLED_008,moderate,คนพิการ,0.0,0.0,0.0,0.0,0.0,0.0,False,0.377024076616887,3,2.027421312
w/o IDF Specificity,DISABLED_009,simple,คนพิการ,0.0,0.0,0.0,0.0,0.0,0.0,False,0.10806223258710713,2,0.9407951760000002
w/o IDF Specificity,DISABLED_010,moderate,คนพิการ,0.2,1.0,0.33333333333333337,1.0,1.0,1.0,False,0.4402504332764202,4,2.287639568
w/o IDF Specificity,HOMELESS_001,moderate,คนเร่ร่อน/ไร้ที่อยู่,0.2,1.0,0.33333333333333337,1.0,1.0,1.0,False,0.2260221387509133,4,1.4761575099999997
w/o IDF Specificity,HOMELESS_002,complex,คนเร่ร่อน/ไร้ที่อยู่,0.2,1.0,0.33333333333333337,0.6309297535714575,0.5,0.5,False,0.09674159752220965,2,0.8045204479999999
w/o IDF Specificity,HOMELESS_003,simple,คนเร่ร่อน/ไร้ที่อยู่,0.2,1.0,0.33333333333333337,0.6309297535714575,0.5,0.5,False,0.18487360618553753,4,1.293449306
w/o IDF Specificity,HOMELESS_004,moderate,คนเร่ร่อน/ไร้ที่อยู่,0.2,1.0,0.33333333333333337,1.0,1.0,1.0,False,0.07869415069225306,2,0.673866892
w/o IDF Specificity,HOMELESS_005,complex,คนเร่ร่อน/ไร้ที่อยู่,0.0,0.0,0.0,0.0,0.0,0.0,False,0.3193106367912914,4,2.0508874959999996
w/o IDF Specificity,MENTAL_001,moderate,ผู้ประสบปัญหาสุขภาพจิตและจิตเวช,0.4,0.5,0.4444444444444445,0.6097426926720908,0.54375,1.0,False,0.4506268850866688,4,3.011235192
w/o IDF Specificity,MENTAL_002,complex,ผู้ประสบปัญหาสุขภาพจิตและจิตเวช,0.0,0.0,0.0,0.0,0.0,0.0,False,0.08147921046867314,2,0.69246013
w/o IDF Specificity,MENTAL_003,simple,ผู้ประสบปัญหาสุขภาพจิตและจิตเวช,0.0,0.0,0.0,0.0,0.0,0.0,False,0.02901491431440402,1,0.408717546
w/o IDF Specificity,MENTAL_004,moderate,ผู้ประสบปัญหาสุขภาพจิตและจิตเวช,0.0,0.0,0.0,0.0,0.0,0.0,False,0.3138460798401193,4,1.6761312099999999
w/o IDF Specificity,MENTAL_005,moderate,ผู้ประสบปัญหาสุขภาพจิตและจิตเวช,0.0,0.0,0.0,0.0,0.0,0.0,True,0.05276407562806382,0,0.030886392000000002
w/o IDF Specificity,MENTAL_006,complex,ผู้ประสบปัญหาสุขภาพจิตและจิตเวช,0.0,0.0,0.0,0.0,0.1111111111111111,0.1111111111111111,False,0.03320016205565203,1,0.43050236999999997
w/o IDF Specificity,MENTAL_007,simple,ผู้ประสบปัญหาสุขภาพจิตและจิตเวช,0.0,0.0,0.0,0.0,0.0,0.0,False,0.03825930506673339,1,0.51106572
w/o IDF Specificity,MENTAL_008,moderate,ผู้ประสบปัญหาสุขภาพจิตและจิตเวช,0.0,0.0,0.0,0.0,0.0,0.0,False,0.5903172010866767,6,3.717523474
w/o IDF Specificity,MENTAL_009,complex,ผู้ประสบปัญหาสุขภาพจิตและจิตเวช,0.0,0.0,0.0,0.0,0.0,0.0,True,0.04747362844334628,0,0.031235451999999997
w/o IDF Specificity,MENTAL_010,moderate,ผู้ประสบปัญหาสุขภาพจิตและจิตเวช,0.2,1.0,0.33333333333333337,1.0,1.0,1.0,False,0.24008272518590795,4,1.568995672
w/o IDF Specificity,SUBSTANCE_001,moderate,ผู้ประสบปัญหายาเสพติด,0.0,0.0,0.0,0.0,0.06666666666666667,0.06666666666666667,False,0.42118101819483494,4,2.592788048
w/o IDF Specificity,SUBSTANCE_002,complex,ผู้ประสบปัญหายาเสพติด,0.2,1.0,0.33333333333333337,1.0,1.0,1.0,False,1.170599702153336,7,6.882306300000001
w/o IDF Specificity,SUBSTANCE_003,simple,ผู้ประสบปัญหายาเสพติด,0.0,0.0,0.0,0.0,0.0,0.0,False,0.030549028517073088,1,0.4068903539999999
w/o IDF Specificity,SUBSTANCE_005,moderate,ผู้ประสบปัญหายาเสพติด,0.0,0.0,0.0,0.0,0.0,0.0,False,0.16334922941864727,3,1.1613295600000002
w/o IDF Specificity,NCD_001,simple,ผู้ป่วยโรคเรื้อรังไม่ติดต่อ (NCD),0.0,0.0,0.0,0.0,0.0,0.0,False,0.023857414795964958,1,0.41113248799999996
w/o IDF Specificity,NCD_002,moderate,ผู้ป่วยโรคเรื้อรังไม่ติดต่อ (NCD),0.0,0.0,0.0,0.0,0.1111111111111111,0.1111111111111111,False,0.04188350804615866,1,0.666456546
w/o IDF Specificity,NCD_003,moderate,ผู้ป่วยโรคเรื้อรังไม่ติดต่อ (NCD),0.4,0.6666666666666666,0.5,0.6508205185601091,0.5435897435897435,1.0,True,0.9143407666599123,5,4.597792461999999
w/o IDF Specificity,NCD_004,complex,ผู้ป่วยโรคเรื้อรังไม่ติดต่อ (NCD),0.0,0.0,0.0,0.0,0.16666666666666666,0.16666666666666666,False,0.8480684373607963,4,4.508073758
w/o IDF Specificity,NCD_005,simple,ผู้ป่วยโรคเรื้อรังไม่ติดต่อ (NCD),0.0,0.0,0.0,0.0,0.0,0.0,True,0.03143132304019638,1,0.39927956
w/o IDF Specificity,NCD_006,moderate,ผู้ป่วยโรคเรื้อรังไม่ติดต่อ (NCD),0.0,0.0,0.0,0.0,0.0,0.0,False,0.01567514458152105,1,0.30397217
w/o IDF Specificity,NCD_007,moderate,ผู้ป่วยโรคเรื้อรังไม่ติดต่อ (NCD),0.2,1.0,0.33333333333333337,1.0,1.0,1.0,False,0.4171237414398468,4,2.3021766120000002
w/o IDF Specificity,NCD_008,complex,ผู้ป่วยโรคเรื้อรังไม่ติดต่อ (NCD),0.0,0.0,0.0,0.0,0.0,0.0,False,0.2174214193402936,2,1.6481298739999999
w/o IDF Specificity,NCD_009,simple,ผู้ป่วยโรคเรื้อรังไม่ติดต่อ (NCD),0.0,0.0,0.0,0.0,0.0,0.0,False,0.029429602358446737,1,0.385999
w/o IDF Specificity,NCD_010,moderate,ผู้ป่วยโรคเรื้อรังไม่ติดต่อ (NCD),0.2,1.0,0.33333333333333337,1.0,1.0,1.0,False,0.383625099856262,4,2.393444928
w/o IDF Specificity,HIV_TB_001,moderate,ผู้ป่วยเอดส์และวัณโรค,0.4,1.0,0.5714285714285715,1.0,1.0,1.0,False,0.3047620585697437,3,2.0876055840000003
w/o IDF Specificity,HIV_TB_002,complex,ผู้ป่วยเอดส์และวัณโรค,0.2,1.0,0.33333333333333337,1.0,1.0,1.0,False,0.41777660312967246,3,2.321426816
w/o IDF Specificity,HIV_TB_003,simple,ผู้ป่วยเอดส์และวัณโรค,0.0,0.0,0.0,0.0,0.0,0.0,False,0.03574292115307127,1,0.47739895999999993
w/o IDF Specificity,HIV_TB_004,moderate,ผู้ป่วยเอดส์และวัณโรค,0.0,0.0,0.0,0.0,0.0,0.0,False,0.08237045952929102,2,0.6992259
w/o IDF Specificity,HIV_TB_005,complex,ผู้ป่วยเอดส์และวัณโรค,0.2,1.0,0.33333333333333337,0.6309297535714575,0.5,0.5,False,1.1723554853465368,6,7.2231347239999995
w/o IDF Specificity,BEDRIDDEN_001,complex,เคสติดเตียงไร้ญาติ,0.4,0.3333333333333333,0.3636363636363636,0.5531464700081437,0.7271825396825397,1.0,False,0.8923854747742849,5,4.482201818
w/o IDF Specificity,BEDRIDDEN_002,moderate,เคสติดเตียงไร้ญาติ,0.2,1.0,0.33333333333333337,1.0,1.0,1.0,False,0.5328344425160286,3,3.068995322
w/o IDF Specificity,BEDRIDDEN_003,moderate,เคสติดเตียงไร้ญาติ,0.2,1.0,0.33333333333333337,1.0,1.0,1.0,False,0.15515392966656394,3,1.10142929
w/o IDF Specificity,BEDRIDDEN_004,complex,เคสติดเตียงไร้ญาติ,0.2,1.0,0.33333333333333337,1.0,1.0,1.0,False,1.158718680429648,4,5.0255632
w/o IDF Specificity,BEDRIDDEN_005,moderate,เคสติดเตียงไร้ญาติ,0.2,1.0,0.33333333333333337,1.0,1.0,1.0,False,0.4099190649286847,4,2.2073114879999998
w/o IDF Specificity,BEDRIDDEN_006,simple,เคสติดเตียงไร้ญาติ,0.0,0.0,0.0,0.0,0.0,0.0,False,0.0793614902142869,2,0.731584898
w/o IDF Specificity,BEDRIDDEN_007,complex,เคสติดเตียงไร้ญาติ,0.2,1.0,0.33333333333333337,1.0,1.0,1.0,False,1.7443008761033971,6,8.80723256
w/o IDF Specificity,BEDRIDDEN_008,moderate,เคสติดเตียงไร้ญาติ,0.0,0.0,0.0,0.0,0.0,0.0,False,0.4546956592092445,3,2.6692444760000003
w/o IDF Specificity,BEDRIDDEN_009,moderate,เคสติดเตียงไร้ญาติ,0.4,1.0,0.5714285714285715,0.8503449055347546,0.7,1.0,False,0.114249261962319,2,0.92995687
w/o IDF Specificity,BEDRIDDEN_010,complex,เคสติดเตียงไร้ญาติ,0.0,0.0,0.0,0.0,0.0,0.0,False,0.7989130167217151,5,3.924803864
w/o IDF Specificity,REHAB_001,moderate,เคสขอทุนฝึกอาชีพและฟื้นฟูสมรรถภาพ,0.2,1.0,0.33333333333333337,1.0,1.0,1.0,False,0.20260294482557395,3,1.3518512800000002
w/o IDF Specificity,REHAB_002,simple,เคสขอทุนฝึกอาชีพและฟื้นฟูสมรรถภาพ,0.2,1.0,0.33333333333333337,1.0,1.0,1.0,False,0.11567574801814871,2,1.0101793120000002
w/o IDF Specificity,REHAB_003,moderate,เคสขอทุนฝึกอาชีพและฟื้นฟูสมรรถภาพ,0.2,0.5,0.28571428571428575,0.6131471927654584,0.6666666666666666,1.0,False,0.31377430538966794,5,2.023126452
w/o IDF Specificity,REHAB_004,simple,เคสขอทุนฝึกอาชีพและฟื้นฟูสมรรถภาพ,0.4,1.0,0.5714285714285715,0.8772153153380493,0.75,1.0,False,0.05539504885592346,2,0.53258691
w/o IDF Specificity,REHAB_005,moderate,เคสขอทุนฝึกอาชีพและฟื้นฟูสมรรถภาพ,0.2,0.5,0.28571428571428575,0.6131471927654584,0.6666666666666666,1.0,False,0.07407854875828164,2,0.6455320280000001
w/o IDF Specificity,FINANCE_001,simple,เคสปัญหาด้านการเงิน,0.4,1.0,0.5714285714285715,0.944847956559586,0.75,1.0,False,0.10256653410025006,3,0.8237229599999999
w/o IDF Specificity,FINANCE_002,moderate,เคสปัญหาด้านการเงิน,0.0,0.0,0.0,0.0,0.07142857142857142,0.07142857142857142,False,0.08384690423589093,2,0.8134681519999999
w/o IDF Specificity,FINANCE_003,moderate,เคสปัญหาด้านการเงิน,0.2,1.0,0.33333333333333337,1.0,1.0,1.0,False,0.5797556524415781,8,3.654605418
w/o IDF Specificity,FINANCE_004,simple,เคสปัญหาด้านการเงิน,0.0,0.0,0.0,0.0,0.14285714285714285,0.14285714285714285,False,0.055519384916388075,2,0.5343500179999998
w/o IDF Specificity,FINANCE_005,moderate,เคสปัญหาด้านการเงิน,0.0,0.0,0.0,0.0,0.2216931216931217,0.14285714285714285,False,0.2189291866255694,4,1.49501516
w/o IDF Specificity,LOVE_001,simple,เคสปัญหาด้านความรัก,0.2,0.3333333333333333,0.25,0.2960819109658652,0.2888888888888889,0.5,False,0.12634488822640938,2,1.0984577320000002
w/o IDF Specificity,LOVE_002,moderate,เคสปัญหาด้านความรัก,0.6,0.75,0.6666666666666665,0.7903299296767691,0.8928571428571428,1.0,False,0.09529337536803051,2,0.79855096
w/o IDF Specificity,LOVE_003,moderate,เคสปัญหาด้านความรัก,0.0,0.0,0.0,0.0,0.0,0.0,False,0.29663377772138994,4,1.9916714240000002
w/o IDF Specificity,LOVE_004,simple,เคสปัญหาด้านความรัก,0.0,0.0,0.0,0.0,0.0,0.0,False,0.023295141822335108,1,0.40211397
w/o IDF Specificity,LOVE_005,moderate,เคสปัญหาด้านความรัก,0.0,0.0,0.0,0.0,0.0,0.0,False,0.27571710004448546,4,1.8758540459999995
w/o IDF Specificity,FAMILY_001,moderate,เคสปัญหาครอบครัว,0.4,1.0,0.5714285714285715,1.0,1.0,1.0,False,0.505631798305846,4,3.351223172
w/o IDF Specificity,FAMILY_002,complex,เคสปัญหาครอบครัว,0.2,1.0,0.33333333333333337,1.0,1.0,1.0,False,0.22305081586113168,4,1.525117848
w/o IDF Specificity,FAMILY_003,simple,เคสปัญหาครอบครัว,0.0,0.0,0.0,0.0,0.0,0.0,False,0.017676625310407815,1,0.332079588
w/o IDF Specificity,VIOLENCE_001,complex,เคสประสบปัญหาถูกกระทำความรุนแรง,0.4,1.0,0.5714285714285715,0.9197207891481876,0.8333333333333333,1.0,False,1.0134948563904886,5,5.322031586
w/o IDF Specificity,VIOLENCE_002,moderate,เคสประสบปัญหาถูกกระทำความรุนแรง,0.2,1.0,0.33333333333333337,1.0,1.0,1.0,False,0.27810104081056,4,1.8095942820000002
w/o IDF Specificity,VIOLENCE_003,moderate,เคสประสบปัญหาถูกกระทำความรุนแรง,0.4,0.6666666666666666,0.5,0.6713860725233041,0.5714285714285714,1.0,False,0.3243830925447293,3,1.9615740920000004
w/o IDF Specificity,VIOLENCE_004,simple,เคสประสบปัญหาถูกกระทำความรุนแรง,0.0,0.0,0.0,0.0,0.0,0.0,True,0.04782551850157313,0,0.030452145999999996
w/o IDF Specificity,VIOLENCE_005,complex,เคสประสบปัญหาถูกกระทำความรุนแรง,0.8,0.8,0.8000000000000002,0.7364185288376675,0.8766666666666666,1.0,False,0.032314863145727755,1,0.47572040400000004
w/o IDF Specificity,CHILD_001_PAR_01,moderate,เด็กและเยาวชน,0.0,0.0,0.0,0.0,0.08333333333333333,0.08333333333333333,False,0.0716412975129566,2,0.66213178
w/o IDF Specificity,CHILD_002_PAR_01,complex,เด็กและเยาวชน,0.8,0.8,0.8000000000000002,0.5088013258915567,0.8509090909090908,1.0,False,0.3096410578897288,5,2.0042266300000002
w/o IDF Specificity,CHILD_003_PAR_01,simple,เด็กและเยาวชน,0.0,0.0,0.0,0.0,0.0,0.0,False,0.0730936938468422,2,0.641768482
w/o IDF Specificity,CHILD_004_PAR_01,moderate,เด็กและเยาวชน,0.4,0.5,0.4444444444444445,0.35753408824606947,0.6659090909090909,1.0,False,0.16739921399754495,3,1.237620642
w/o IDF Specificity,CHILD_005_PAR_01,complex,เด็กและเยาวชน,0.0,0.0,0.0,0.0,0.0,0.0,True,0.04987471005317376,0,0.029557706
w/o IDF Specificity,ELDER_003_PAR_01,simple,ผู้สูงอายุ,0.0,0.0,0.0,0.0,0.0,0.0,False,0.06790353638211909,2,0.6034824179999999
w/o IDF Specificity,ELDER_004_PAR_01,complex,ผู้สูงอายุ,0.6,0.42857142857142855,0.5,0.6843515475204855,0.7408686551543695,1.0,False,2.190004512427092,10,10.790295084
w/o IDF Specificity,ELDER_007_PAR_01,simple,ผู้สูงอายุ,0.0,0.0,0.0,0.0,0.0,0.0,True,0.05026799668215699,0,0.031161605999999998
w/o IDF Specificity,ELDER_008_PAR_01,complex,ผู้สูงอายุ,0.4,0.5,0.4444444444444445,0.4232448892278954,0.42658730158730157,0.3333333333333333,False,0.7815782807484282,6,4.576240922
w/o IDF Specificity,ELDER_010_PAR_01,complex,ผู้สูงอายุ,0.2,1.0,0.33333333333333337,1.0,1.0,1.0,False,0.2845493677793153,3,1.938520032
w/o IDF Specificity,DISABLED_001_PAR_01,simple,คนพิการ,0.0,0.0,0.0,0.0,0.0,0.0,False,0.09229972437381355,2,0.7993158499999999
w/o IDF Specificity,DISABLED_002_PAR_01,moderate,คนพิการ,0.2,1.0,0.33333333333333337,1.0,1.0,1.0,False,0.06954973496892819,2,0.6255802239999999
w/o IDF Specificity,DISABLED_003_PAR_01,complex,คนพิการ,0.2,0.5,0.28571428571428575,0.6131471927654584,0.5769230769230769,1.0,False,0.02447024081520215,1,0.355953184
w/o IDF Specificity,DISABLED_004_PAR_01,moderate,คนพิการ,0.0,0.0,0.0,0.0,0.12692307692307692,0.1,False,0.09960644685585036,2,0.8385609939999998
w/o IDF Specificity,DISABLED_005_PAR_01,simple,คนพิการ,0.2,1.0,0.33333333333333337,1.0,1.0,1.0,False,0.18149872549920137,3,1.32176843
w/o IDF Specificity,DISABLED_006_PAR_01,moderate,คนพิการ,0.4,0.6666666666666666,0.5,0.819876640193745,0.5499999999999999,1.0,False,0.5688967667847056,4,3.289229172
w/o IDF Specificity,DISABLED_007_PAR_01,complex,คนพิการ,0.8,0.8,0.8000000000000002,0.9129675424759451,0.8314285714285713,1.0,False,0.6202571964275493,8,3.8023526199999997
w/o IDF Specificity,DISABLED_008_PAR_01,moderate,คนพิการ,0.0,0.0,0.0,0.0,0.0,0.0,False,0.039282675810243355,1,0.471790794
w/o IDF Specificity,DISABLED_009_PAR_01,simple,คนพิการ,0.0,0.0,0.0,0.0,0.0,0.0,False,0.10877655751775396,2,0.9649875480000002
w/o IDF Specificity,DISABLED_010_PAR_01,moderate,คนพิการ,0.2,1.0,0.33333333333333337,1.0,1.0,1.0,False,0.3097707459558098,4,1.8337358160000001
w/o IDF Specificity,HOMELESS_002_PAR_01,complex,คนเร่ร่อน/ไร้ที่อยู่,0.2,1.0,0.33333333333333337,0.43067655807339306,0.25,0.25,False,0.09821593725201176,2,0.818916782
w/o IDF Specificity,MENTAL_001_PAR_01,moderate,ผู้ประสบปัญหาสุขภาพจิตและจิตเวช,0.4,0.5,0.4444444444444445,0.6097426926720908,0.5682539682539682,1.0,False,0.5330866569592988,4,3.555201952
w/o IDF Specificity,MENTAL_003_PAR_01,simple,ผู้ประสบปัญหาสุขภาพจิตและจิตเวช,0.0,0.0,0.0,0.0,0.0,0.0,False,0.030166386011155785,1,0.42322748799999993
w/o IDF Specificity,MENTAL_008_PAR_01,moderate,ผู้ประสบปัญหาสุขภาพจิตและจิตเวช,0.0,0.0,0.0,0.0,0.0,0.0,False,0.7350436696913742,7,4.499153762
w/o IDF Specificity,MENTAL_010_PAR_01,moderate,ผู้ประสบปัญหาสุขภาพจิตและจิตเวช,0.2,1.0,0.33333333333333337,1.0,1.0,1.0,False,0.22401875342322686,4,1.510111306
w/o IDF Specificity,SUBSTANCE_002_PAR_01,complex,ผู้ประสบปัญหายาเสพติด,0.2,1.0,0.33333333333333337,1.0,1.0,1.0,False,1.2357096147455975,7,7.15144251
w/o IDF Specificity,SUBSTANCE_003_PAR_01,simple,ผู้ประสบปัญหายาเสพติด,0.0,0.0,0.0,0.0,0.0,0.0,False,0.030871592032225437,1,0.407753082
w/o IDF Specificity,NCD_001_PAR_01,simple,ผู้ป่วยโรคเรื้อรังไม่ติดต่อ (NCD),0.0,0.0,0.0,0.0,0.0,0.0,False,0.024438036236430496,1,0.419696072
w/o IDF Specificity,NCD_009_PAR_01,simple,ผู้ป่วยโรคเรื้อรังไม่ติดต่อ (NCD),0.0,0.0,0.0,0.0,0.0,0.0,False,0.02943321423809692,1,0.38592975799999996
w/o IDF Specificity,NCD_010_PAR_01,moderate,ผู้ป่วยโรคเรื้อรังไม่ติดต่อ (NCD),0.2,1.0,0.33333333333333337,1.0,1.0,1.0,False,0.5585333513612255,5,3.3992542040000004
w/o IDF Specificity,HIV_TB_005_PAR_01,complex,ผู้ป่วยเอดส์และวัณโรค,0.2,1.0,0.33333333333333337,0.6309297535714575,0.5,0.5,False,0.6915530685316426,5,4.481199255999999
w/o IDF Specificity,BEDRIDDEN_006_PAR_01,simple,เคสติดเตียงไร้ญาติ,0.0,0.0,0.0,0.0,0.0,0.0,False,0.022497534727691854,1,0.42658272999999997
w/o IDF Specificity,BEDRIDDEN_010_PAR_01,complex,เคสติดเตียงไร้ญาติ,0.0,0.0,0.0,0.0,0.0,0.0,False,0.17990711681447688,2,1.3509619039999998
w/o IDF Specificity,REHAB_001_PAR_01,moderate,เคสขอทุนฝึกอาชีพและฟื้นฟูสมรรถภาพ,0.2,1.0,0.33333333333333337,1.0,1.0,1.0,False,0.19498910227431282,3,1.3252711199999998
w/o IDF Specificity,REHAB_003_PAR_01,moderate,เคสขอทุนฝึกอาชีพและฟื้นฟูสมรรถภาพ,0.2,0.5,0.28571428571428575,0.6131471927654584,0.6428571428571428,1.0,False,0.18901062337303573,4,1.2792988360000002
w/o IDF Specificity,REHAB_004_PAR_01,simple,เคสขอทุนฝึกอาชีพและฟื้นฟูสมรรถภาพ,0.4,1.0,0.5714285714285715,0.8772153153380493,0.75,1.0,False,0.05491745398826682,2,0.52928957
w/o IDF Specificity,REHAB_005_PAR_01,moderate,เคสขอทุนฝึกอาชีพและฟื้นฟูสมรรถภาพ,0.2,0.5,0.28571428571428575,0.6131471927654584,0.6666666666666666,1.0,False,0.02041719174035341,1,0.32813239399999994
w/o IDF Specificity,FINANCE_001_PAR_01,simple,เคสปัญหาด้านการเงิน,0.4,1.0,0.5714285714285715,0.944847956559586,0.75,1.0,False,0.10368932744414044,3,0.831681348
w/o IDF Specificity,FINANCE_002_PAR_01,moderate,เคสปัญหาด้านการเงิน,0.0,0.0,0.0,0.0,0.0,0.0,False,0.06764227404889582,2,0.6617880819999999
w/o IDF Specificity,FINANCE_003_PAR_01,moderate,เคสปัญหาด้านการเงิน,0.2,1.0,0.33333333333333337,1.0,1.0,1.0,False,0.19282875756948042,4,1.333609268
w/o IDF Specificity,LOVE_005_PAR_01,moderate,เคสปัญหาด้านความรัก,0.0,0.0,0.0,0.0,0.0,0.0,False,0.23207738378303142,4,1.613291034
w/o IDF Specificity,FAMILY_001_PAR_01,moderate,เคสปัญหาครอบครัว,0.4,1.0,0.5714285714285715,1.0,1.0,1.0,False,0.50737162537067,4,3.5075174419999997
w/o IDF Specificity,FAMILY_002_PAR_01,complex,เคสปัญหาครอบครัว,0.2,1.0,0.33333333333333337,1.0,1.0,1.0,False,0.22106927477072766,4,1.515598438
w/o IDF Specificity,FAMILY_003_PAR_01,simple,เคสปัญหาครอบครัว,0.0,0.0,0.0,0.0,0.0,0.0,True,0.05207978754088103,0,0.030429259999999996
w/o IDF Specificity,CHILD_003_ESC_01,complex,เด็กและเยาวชน,0.0,0.0,0.0,0.0,0.0,0.0,False,0.07319734574442407,2,0.642380764
w/o IDF Specificity,ELDER_001_ESC_01,complex,ผู้สูงอายุ,0.0,0.0,0.0,0.0,0.0,0.0,False,0.03177874549959668,1,0.41005807600000005
w/o IDF Specificity,ELDER_003_ESC_01,complex,ผู้สูงอายุ,0.0,0.0,0.0,0.0,0.0,0.0,False,0.08806708514082633,2,0.76807439
w/o IDF Specificity,ELDER_007_ESC_01,complex,ผู้สูงอายุ,0.0,0.0,0.0,0.0,0.0,0.0,True,0.04855508994038489,0,0.030732341999999996
w/o IDF Specificity,DISABLED_001_ESC_01,complex,คนพิการ,0.0,0.0,0.0,0.0,0.0,0.0,False,0.08834535667017779,2,0.767319324
w/o IDF Specificity,DISABLED_005_ESC_01,complex,คนพิการ,0.2,1.0,0.33333333333333337,1.0,1.0,1.0,False,0.2413279286370993,3,1.6310229020000002
w/o IDF Specificity,DISABLED_009_ESC_01,complex,คนพิการ,0.0,0.0,0.0,0.0,0.0,0.0,False,0.09214242674638708,2,0.803893572
w/o IDF Specificity,HOMELESS_003_ESC_01,complex,คนเร่ร่อน/ไร้ที่อยู่,0.4,0.6666666666666666,0.5,0.7653606369886217,0.7916666666666666,1.0,False,0.18730583567757014,4,1.310651144
w/o IDF Specificity,MENTAL_003_ESC_01,complex,ผู้ประสบปัญหาสุขภาพจิตและจิตเวช,0.0,0.0,0.0,0.0,0.0,0.0,False,0.027134264632526307,1,0.38124923
w/o IDF Specificity,MENTAL_007_ESC_01,complex,ผู้ประสบปัญหาสุขภาพจิตและจิตเวช,0.0,0.0,0.0,0.0,0.0,0.0,False,0.03522888724839165,1,0.473917016
w/o IDF Specificity,CHILD_002_SIM_01,simple,เด็กและเยาวชน,0.0,0.0,0.0,0.0,0.0,0.0,True,0.04711087332017431,0,0.031068912000000004
w/o IDF Specificity,CHILD_005_SIM_01,simple,เด็กและเยาวชน,0.0,0.0,0.0,0.0,0.0,0.0,True,0.0486809954421236,0,0.029614604
w/o IDF Specificity,ELDER_004_SIM_01,simple,ผู้สูงอายุ,0.2,0.3333333333333333,0.25,0.23463936301137822,0.27136752136752135,0.3333333333333333,True,0.04519348541341765,0,0.030176364
w/o IDF Specificity,ELDER_008_SIM_01,simple,ผู้สูงอายุ,0.0,0.0,0.0,0.0,0.0,0.0,True,0.07673846767048036,0,0.03013534
w/o IDF Specificity,ELDER_010_SIM_01,simple,ผู้สูงอายุ,0.2,1.0,0.33333333333333337,0.5,0.3333333333333333,0.3333333333333333,True,0.08603515894309889,0,0.03113127
w/o IDF Specificity,DISABLED_003_SIM_01,simple,คนพิการ,0.0,0.0,0.0,0.0,0.0,0.0,True,0.04455674549540396,0,0.030547407999999998
w/o IDF Specificity,DISABLED_007_SIM_01,simple,คนพิการ,0.2,0.5,0.28571428571428575,0.38685280723454163,0.39285714285714285,0.5,True,0.04720857893949622,0,0.030820122
w/o IDF Specificity,HOMELESS_002_SIM_01,simple,คนเร่ร่อน/ไร้ที่อยู่,0.0,0.0,0.0,0.0,0.0,0.0,True,0.036642581242552964,0,0.030239815999999996
w/o IDF Specificity,HOMELESS_005_SIM_01,simple,คนเร่ร่อน/ไร้ที่อยู่,0.0,0.0,0.0,0.0,0.0,0.0,True,0.03973980717523305,0,0.031339352
w/o IDF Specificity,MENTAL_002_SIM_01,simple,ผู้ประสบปัญหาสุขภาพจิตและจิตเวช,0.0,0.0,0.0,0.0,0.0,0.0,True,0.07357744217470936,0,0.030789564
w/o IDF Specificity,ADV_001,moderate,adversarial_l2_test,0.0,0.0,0.0,0.0,0.0,0.0,False,0.004635034162177282,1,0.08056657999999998
w/o IDF Specificity,ADV_002,moderate,adversarial_l2_test,0.0,0.0,0.0,0.0,0.0,0.0,False,0.00034315295192825687,2,0.0018157919999999997
w/o IDF Specificity,ADV_003,moderate,adversarial_l2_test,0.0,0.0,0.0,0.0,0.0,0.0,False,0.0015693277285398286,1,0.025188012
w/o IDF Specificity,ADV_004,moderate,adversarial_l2_test,0.0,0.0,0.0,0.0,0.0,0.0,False,0.004194296811179114,1,0.078672172
w/o IDF Specificity,ADV_005,moderate,adversarial_l2_test,0.0,0.0,0.0,0.0,0.06666666666666667,0.06666666666666667,False,0.0034751284583951505,1,0.045972264000000006
w/o IDF Specificity,NEG_SH_POS,moderate,ผู้ประสบปัญหาสุขภาพจิตและจิตเวช,0.4,0.5,0.4444444444444445,0.6366824387328317,0.7678571428571428,1.0,False,0.06921070916950717,1,0.719604128
w/o IDF Specificity,NEG_SH_NEG,moderate,ผู้ประสบปัญหาสุขภาพจิตและจิตเวช,0.0,0.0,0.0,0.0,0.0,0.0,False,0.0022672300813710695,1,0.064148978
w/o IDF Specificity,NEG_SM_POS,simple,เคสปัญหาด้านการเงิน,0.6,0.75,0.6666666666666665,0.75369761125927,0.6810897435897436,1.0,False,0.04441353967163509,2,0.32360419
w/o IDF Specificity,NEG_SM_NEG,simple,เคสปัญหาด้านการเงิน,0.0,0.0,0.0,0.0,0.0,0.0,False,0.017931120647571498,2,0.129466014
w/o IDF Specificity,NEG_SL_POS,simple,ผู้ป่วยโรคเรื้อรังไม่ติดต่อ (NCD),0.0,0.0,0.0,0.0,0.0,0.0,False,0.003009254614339777,2,0.015523636000000002
w/o IDF Specificity,NEG_SL_NEG,simple,ผู้ป่วยโรคเรื้อรังไม่ติดต่อ (NCD),0.0,0.0,0.0,0.0,0.0,0.0,False,0.00107474224948847,1,0.007837064
w/o IDF Specificity,NEG_MH_POS,complex,เคสประสบปัญหาถูกกระทำความรุนแรง,0.4,0.4,0.4000000000000001,0.5052077707304854,0.6055555555555554,1.0,False,0.35578923721269706,3,2.5316737419999997
w/o IDF Specificity,NEG_MH_NEG,complex,เคสประสบปัญหาถูกกระทำความรุนแรง,0.0,0.0,0.0,0.0,0.0,0.0,False,0.18379184147421354,4,1.2287929659999999
w/o IDF Specificity,NEG_MM_POS,moderate,เคสปัญหาครอบครัว,0.0,0.0,0.0,0.0,0.0,0.0,False,0.10728727327185178,5,0.606499858
w/o IDF Specificity,NEG_MM_NEG,moderate,เคสปัญหาครอบครัว,0.0,0.0,0.0,0.0,0.0,0.0,False,0.1489875964447585,6,0.87839178
w/o IDF Specificity,NEG_ML_POS,simple,ผู้สูงอายุ,0.0,0.0,0.0,0.0,0.0,0.0,False,0.025213196451827482,3,0.16543829000000002
w/o IDF Specificity,NEG_ML_NEG,simple,ผู้สูงอายุ,0.0,0.0,0.0,0.0,0.0,0.0,False,0.07393549910504402,4,0.495498222
w/o IDF Specificity,NEG_LH_POS,complex,เคสประสบปัญหาถูกกระทำความรุนแรง,0.6,0.75,0.6666666666666665,0.8318724637288826,0.8928571428571428,1.0,False,0.9692811714068553,5,5.1540833720000006
w/o IDF Specificity,NEG_LH_NEG,complex,เคสประสบปัญหาถูกกระทำความรุนแรง,0.0,0.0,0.0,0.0,0.0,0.0,False,0.027574150220563757,3,0.17725306600000001
w/o IDF Specificity,NEG_LM_POS,complex,เคสปัญหาครอบครัว,0.0,0.0,0.0,0.0,0.18560606060606064,0.125,False,0.39440351559407333,6,2.3773113419999996
w/o IDF Specificity,NEG_LM_NEG,complex,เคสปัญหาครอบครัว,0.0,0.0,0.0,0.0,0.0,0.0,True,0.020093820593210892,0,0.030973406
w/o IDF Specificity,NEG_LL_POS,simple,ผู้สูงอายุ,0.0,0.0,0.0,0.0,0.0,0.0,False,0.6083503145808952,4,3.09268593
w/o IDF Specificity,NEG_LL_NEG,simple,ผู้สูงอายุ,0.0,0.0,0.0,0.0,0.0,0.0,False,0.38685402041548894,5,1.93329277
w/o IDF Specificity,NEG_SH_POS_V2,moderate,ผู้ประสบปัญหาสุขภาพจิตและจิตเวช,0.6,0.75,0.6666666666666665,0.8318724637288826,0.875,1.0,False,0.05504246444272805,1,0.6720608479999999
w/o IDF Specificity,NEG_SH_NEG_V2,moderate,ผู้ประสบปัญหาสุขภาพจิตและจิตเวช,0.0,0.0,0.0,0.0,0.0,0.0,False,0.0015443035290122168,1,0.08310985
w/o IDF Specificity,NEG_SM_POS_V2,simple,เคสปัญหาครอบครัว,0.0,0.0,0.0,0.0,0.0,0.0,False,0.011249549252052831,2,0.10392950199999999
w/o IDF Specificity,NEG_SM_NEG_V2,simple,เคสปัญหาครอบครัว,0.0,0.0,0.0,0.0,0.0,0.0,False,0.0032597841763957556,3,0.019231276
w/o IDF Specificity,NEG_SL_POS_V2,simple,ผู้สูงอายุ,0.0,0.0,0.0,0.0,0.0,0.0,True,0.019038220651160752,0,0.030304622000000003
w/o IDF Specificity,NEG_SL_NEG_V2,simple,ผู้สูงอายุ,0.0,0.0,0.0,0.0,0.0,0.0,True,0.014603990860919963,0,0.030000359999999997
w/o IDF Specificity,NEG_MH_POS_V2,complex,เด็กและสตรี,0.0,0.0,0.0,0.0,0.0,0.0,False,0.08479409742777105,3,0.6571887359999999
w/o IDF Specificity,NEG_MH_NEG_V2,complex,เด็กและสตรี,0.0,0.0,0.0,0.0,0.0,0.0,False,0.056760748028934147,4,0.373984596
w/o IDF Specificity,NEG_MM_POS_V2,moderate,ปัญหาครอบครัว,0.0,0.0,0.0,0.0,0.0,0.0,False,0.022146938665362256,4,0.13365096599999998
w/o IDF Specificity,NEG_MM_NEG_V2,moderate,ปัญหาครอบครัว,0.0,0.0,0.0,0.0,0.0,0.0,False,0.0013201810362055962,2,0.007534034
w/o IDF Specificity,NEG_ML_POS_V2,simple,ผู้สูงอายุ,0.0,0.0,0.0,0.0,0.0,0.0,False,0.015018017250909876,2,0.134353104
w/o IDF Specificity,NEG_ML_NEG_V2,simple,ผู้สูงอายุ,0.0,0.0,0.0,0.0,0.0,0.0,False,0.0005576616771715034,1,0.007053378000000001
w/o IDF Specificity,NEG_LH_POS_V2,complex,รุนแรง/วัยรุ่น,0.0,0.0,0.0,0.0,0.06666666666666667,0.06666666666666667,False,0.0870321278786215,6,0.492159586
w/o IDF Specificity,NEG_LH_NEG_V2,complex,รุนแรง/วัยรุ่น,0.0,0.0,0.0,0.0,0.0,0.0,False,0.05023645053722437,7,0.26479234199999996
w/o IDF Specificity,NEG_LM_POS_V2,complex,ครอบครัว/หนี้สิน,0.2,0.5,0.28571428571428575,0.6131471927654584,0.5714285714285714,1.0,False,0.060455827827438684,5,0.408003436
w/o IDF Specificity,NEG_LM_NEG_V2,complex,ครอบครัว/หนี้สิน,0.0,0.0,0.0,0.0,0.0,0.0,False,0.0067978493379533406,3,0.05138207800000001
w/o IDF Specificity,NEG_LL_POS_V2,simple,ผู้สูงอายุ,0.0,0.0,0.0,0.0,0.0,0.0,False,0.0005112504463144213,1,0.007125666000000001
w/o IDF Specificity,NEG_LL_NEG_V2,simple,ผู้สูงอายุ,0.0,0.0,0.0,0.0,0.0,0.0,False,0.0001745825442209132,1,0.0030828539999999995
w/o Margin Activation,CHILD_001,moderate,เด็กและเยาวชน,0.0,0.0,0.0,0.0,0.0,0.0,False,0.0931691638135697,2,0.781328746
w/o Margin Activation,CHILD_002,complex,เด็กและเยาวชน,0.8,0.8,0.8000000000000002,0.5088013258915567,0.9028571428571428,1.0,False,0.4975726454652479,5,3.012203812
w/o Margin Activation,CHILD_003,simple,เด็กและเยาวชน,0.0,0.0,0.0,0.0,0.0,0.0,False,0.0947278858222214,2,0.771483338
w/o Margin Activation,CHILD_004,moderate,เด็กและเยาวชน,0.4,0.5,0.4444444444444445,0.35753408824606947,0.6519230769230768,1.0,False,0.22630293564610948,3,1.5661247139999999
w/o Margin Activation,CHILD_005,complex,เด็กและเยาวชน,0.0,0.0,0.0,0.0,0.0,0.0,True,0.04989887136298358,0,0.029469802
w/o Margin Activation,ELDER_001,simple,ผู้สูงอายุ,0.0,0.0,0.0,0.0,0.0,0.0,True,0.03875411226527598,1,0.456507486
w/o Margin Activation,ELDER_002,moderate,ผู้สูงอายุ,0.0,0.0,0.0,0.0,0.0,0.0,False,3.0699778115745042,7,12.479694462000001
w/o Margin Activation,ELDER_003,simple,ผู้สูงอายุ,0.0,0.0,0.0,0.0,0.0,0.0,False,0.08856771290417878,2,0.72445245
w/o Margin Activation,ELDER_004,complex,ผู้สูงอายุ,0.6,0.375,0.4615384615384615,0.6843515475204855,0.705384199134199,1.0,False,2.2026263739183616,10,10.668373407999999
w/o Margin Activation,ELDER_005,moderate,ผู้สูงอายุ,0.0,0.0,0.0,0.0,0.0,0.0,False,0.1529818940425739,2,1.0935717980000002
w/o Margin Activation,ELDER_006,moderate,ผู้สูงอายุ,0.2,1.0,0.33333333333333337,1.0,1.0,1.0,False,0.8486444936916367,5,4.759133182
w/o Margin Activation,ELDER_007,simple,ผู้สูงอายุ,0.0,0.0,0.0,0.0,0.0,0.0,True,0.05053300915366159,0,0.031301532
w/o Margin Activation,ELDER_008,complex,ผู้สูงอายุ,0.4,0.5,0.4444444444444445,0.4232448892278954,0.42658730158730157,0.3333333333333333,False,1.2620517869181849,6,6.829154888
w/o Margin Activation,ELDER_009,moderate,ผู้สูงอายุ,0.2,1.0,0.33333333333333337,0.6309297535714575,0.5,0.5,False,0.45857958812976973,4,2.57014213
w/o Margin Activation,ELDER_010,complex,ผู้สูงอายุ,0.2,1.0,0.33333333333333337,1.0,1.0,1.0,False,0.3759407215490248,3,2.4337389619999996
w/o Margin Activation,DISABLED_001,simple,คนพิการ,0.0,0.0,0.0,0.0,0.0,0.0,False,0.11360152106930023,2,0.907724464
w/o Margin Activation,DISABLED_002,moderate,คนพิการ,0.2,1.0,0.33333333333333337,1.0,1.0,1.0,False,0.09289224528385229,2,0.76172381
w/o Margin Activation,DISABLED_003,complex,คนพิการ,0.2,0.5,0.28571428571428575,0.6131471927654584,0.5833333333333334,1.0,False,0.03196006998390439,1,0.4080831020000001
w/o Margin Activation,DISABLED_004,moderate,คนพิการ,0.0,0.0,0.0,0.0,0.1,0.1,False,0.23409559079264053,3,1.590045022
w/o Margin Activation,DISABLED_005,simple,คนพิการ,0.2,1.0,0.33333333333333337,1.0,1.0,1.0,False,0.24176428042786974,3,1.6502261480000002
w/o Margin Activation,DISABLED_006,moderate,คนพิการ,0.4,1.0,0.5714285714285715,0.944847956559586,0.75,1.0,False,0.6637575615128083,4,3.876771138
w/o Margin Activation,DISABLED_007,complex,คนพิการ,0.8,0.5714285714285714,0.6666666666666666,0.8989584458539029,0.7204295704295703,1.0,False,0.6474887086939188,8,3.9412145880000002
w/o Margin Activation,DISABLED_008,moderate,คนพิการ,0.0,0.0,0.0,0.0,0.0,0.0,False,0.5059553338135436,3,2.5855330699999994
w/o Margin Activation,DISABLED_009,simple,คนพิการ,0.0,0.0,0.0,0.0,0.0,0.0,False,0.13995132108333347,2,1.1255105479999998
w/o Margin Activation,DISABLED_010,moderate,คนพิการ,0.2,1.0,0.33333333333333337,1.0,1.0,1.0,False,0.6190858172044991,4,3.1033082260000002
w/o Margin Activation,HOMELESS_001,moderate,คนเร่ร่อน/ไร้ที่อยู่,0.2,1.0,0.33333333333333337,1.0,1.0,1.0,False,0.32398828371231314,4,2.0187313700000002
w/o Margin Activation,HOMELESS_002,complex,คนเร่ร่อน/ไร้ที่อยู่,0.2,1.0,0.33333333333333337,0.6309297535714575,0.5,0.5,False,0.12606841983612854,2,0.964229922
w/o Margin Activation,HOMELESS_003,simple,คนเร่ร่อน/ไร้ที่อยู่,0.2,1.0,0.33333333333333337,0.6309297535714575,0.5,0.5,False,0.26721797425444715,4,1.7732414159999998
w/o Margin Activation,HOMELESS_004,moderate,คนเร่ร่อน/ไร้ที่อยู่,0.2,1.0,0.33333333333333337,1.0,1.0,1.0,False,0.10247977833806915,2,0.8117466959999998
w/o Margin Activation,HOMELESS_005,complex,คนเร่ร่อน/ไร้ที่อยู่,0.0,0.0,0.0,0.0,0.0,0.0,False,0.4560809480787942,4,2.8138429360000003
w/o Margin Activation,MENTAL_001,moderate,ผู้ประสบปัญหาสุขภาพจิตและจิตเวช,0.4,0.5,0.4444444444444445,0.6097426926720908,0.54375,1.0,False,0.6342219480622682,4,4.051734
w/o Margin Activation,MENTAL_002,complex,ผู้ประสบปัญหาสุขภาพจิตและจิตเวช,0.0,0.0,0.0,0.0,0.0,0.0,False,0.10652511488857683,2,0.832522232
w/o Margin Activation,MENTAL_003,simple,ผู้ประสบปัญหาสุขภาพจิตและจิตเวช,0.0,0.0,0.0,0.0,0.0,0.0,False,0.035310658536222145,1,0.445126634
w/o Margin Activation,MENTAL_004,moderate,ผู้ประสบปัญหาสุขภาพจิตและจิตเวช,0.0,0.0,0.0,0.0,0.0,0.0,False,0.445719277124588,4,2.2853872440000003
w/o Margin Activation,MENTAL_005,moderate,ผู้ประสบปัญหาสุขภาพจิตและจิตเวช,0.0,0.0,0.0,0.0,0.0,0.0,True,0.05276407562806382,0,0.030886392000000002
w/o Margin Activation,MENTAL_006,complex,ผู้ประสบปัญหาสุขภาพจิตและจิตเวช,0.0,0.0,0.0,0.0,0.1111111111111111,0.1111111111111111,False,0.03983620444731043,1,0.46923756999999994
w/o Margin Activation,MENTAL_007,simple,ผู้ประสบปัญหาสุขภาพจิตและจิตเวช,0.0,0.0,0.0,0.0,0.0,0.0,False,0.04610088206344205,1,0.5559415699999999
w/o Margin Activation,MENTAL_008,moderate,ผู้ประสบปัญหาสุขภาพจิตและจิตเวช,0.0,0.0,0.0,0.0,0.0,0.0,False,0.7286661937968589,6,4.525203808
w/o Margin Activation,MENTAL_009,complex,ผู้ประสบปัญหาสุขภาพจิตและจิตเวช,0.0,0.0,0.0,0.0,0.0,0.0,True,0.04747362844334628,0,0.031235451999999997
w/o Margin Activation,MENTAL_010,moderate,ผู้ประสบปัญหาสุขภาพจิตและจิตเวช,0.2,1.0,0.33333333333333337,1.0,1.0,1.0,False,0.3429461425381965,4,2.1479972820000004
w/o Margin Activation,SUBSTANCE_001,moderate,ผู้ประสบปัญหายาเสพติด,0.0,0.0,0.0,0.0,0.06666666666666667,0.06666666666666667,False,0.593528153314588,4,3.5116195279999998
w/o Margin Activation,SUBSTANCE_002,complex,ผู้ประสบปัญหายาเสพติด,0.2,1.0,0.33333333333333337,1.0,1.0,1.0,False,1.1723911681721637,7,6.8898569179999996
w/o Margin Activation,SUBSTANCE_003,simple,ผู้ประสบปัญหายาเสพติด,0.0,0.0,0.0,0.0,0.0,0.0,False,0.03687388975007179,1,0.44368478799999994
w/o Margin Activation,SUBSTANCE_005,moderate,ผู้ประสบปัญหายาเสพติด,0.0,0.0,0.0,0.0,0.0,0.0,False,0.22360737660321742,3,1.4935261519999998
w/o Margin Activation,NCD_001,simple,ผู้ป่วยโรคเรื้อรังไม่ติดต่อ (NCD),0.0,0.0,0.0,0.0,0.0,0.0,False,0.030068759649196843,1,0.446377324
w/o Margin Activation,NCD_002,moderate,ผู้ป่วยโรคเรื้อรังไม่ติดต่อ (NCD),0.0,0.0,0.0,0.0,0.1111111111111111,0.1111111111111111,False,0.052707549856980306,1,0.723346886
w/o Margin Activation,NCD_003,moderate,ผู้ป่วยโรคเรื้อรังไม่ติดต่อ (NCD),0.4,0.6666666666666666,0.5,0.6508205185601091,0.5435897435897435,1.0,True,1.3530204529571068,5,6.604394072000001
w/o Margin Activation,NCD_004,complex,ผู้ป่วยโรคเรื้อรังไม่ติดต่อ (NCD),0.0,0.0,0.0,0.0,0.16666666666666666,0.16666666666666666,False,1.1974857788472526,4,6.125742046000001
w/o Margin Activation,NCD_005,simple,ผู้ป่วยโรคเรื้อรังไม่ติดต่อ (NCD),0.0,0.0,0.0,0.0,0.0,0.0,True,0.03781864309149101,1,0.435680258
w/o Margin Activation,NCD_006,moderate,ผู้ป่วยโรคเรื้อรังไม่ติดต่อ (NCD),0.0,0.0,0.0,0.0,0.0,0.0,False,0.02020249111882413,1,0.32992220000000005
w/o Margin Activation,NCD_007,moderate,ผู้ป่วยโรคเรื้อรังไม่ติดต่อ (NCD),0.2,1.0,0.33333333333333337,1.0,1.0,1.0,False,0.5964775711020415,4,3.128557706
w/o Margin Activation,NCD_008,complex,ผู้ป่วยโรคเรื้อรังไม่ติดต่อ (NCD),0.0,0.0,0.0,0.0,0.0,0.0,False,0.2800982050028446,2,1.972620984
w/o Margin Activation,NCD_009,simple,ผู้ป่วยโรคเรื้อรังไม่ติดต่อ (NCD),0.0,0.0,0.0,0.0,0.0,0.0,False,0.03544372779679401,1,0.42127603599999996
w/o Margin Activation,NCD_010,moderate,ผู้ป่วยโรคเรื้อรังไม่ติดต่อ (NCD),0.2,1.0,0.33333333333333337,1.0,1.0,1.0,False,0.5394509600885449,4,3.239806634
w/o Margin Activation,HIV_TB_001,moderate,ผู้ป่วยเอดส์และวัณโรค,0.4,1.0,0.5714285714285715,1.0,1.0,1.0,False,0.4116244279920674,3,2.6541324819999996
w/o Margin Activation,HIV_TB_002,complex,ผู้ป่วยเอดส์และวัณโรค,0.2,1.0,0.33333333333333337,1.0,1.0,1.0,False,0.5632277887669065,3,2.96431279
w/o Margin Activation,HIV_TB_003,simple,ผู้ป่วยเอดส์และวัณโรค,0.0,0.0,0.0,0.0,0.0,0.0,False,0.04321621394321528,1,0.521039738
w/o Margin Activation,HIV_TB_004,moderate,ผู้ป่วยเอดส์และวัณโรค,0.0,0.0,0.0,0.0,0.0,0.0,False,0.10734568434680392,2,0.8399452860000001
w/o Margin Activation,HIV_TB_005,complex,ผู้ป่วยเอดส์และวัณโรค,0.2,1.0,0.33333333333333337,0.6309297535714575,0.5,0.5,False,1.6738693330140004,6,10.06066695
w/o Margin Activation,BEDRIDDEN_001,complex,เคสติดเตียงไร้ญาติ,0.4,0.3333333333333333,0.3636363636363636,0.5531464700081437,0.7271825396825397,1.0,False,1.329926513856541,5,6.442866526
w/o Margin Activation,BEDRIDDEN_002,moderate,เคสติดเตียงไร้ญาติ,0.2,1.0,0.33333333333333337,1.0,1.0,1.0,False,0.7151530726250271,3,3.9051445560000007
w/o Margin Activation,BEDRIDDEN_003,moderate,เคสติดเตียงไร้ญาติ,0.2,1.0,0.33333333333333337,1.0,1.0,1.0,False,0.21133465011224326,3,1.4157030979999998
w/o Margin Activation,BEDRIDDEN_004,complex,เคสติดเตียงไร้ญาติ,0.2,1.0,0.33333333333333337,1.0,1.0,1.0,False,1.6177209261841121,4,6.788024846000001
w/o Margin Activation,BEDRIDDEN_005,moderate,เคสติดเตียงไร้ญาติ,0.2,1.0,0.33333333333333337,1.0,1.0,1.0,False,0.5852236481064247,4,3.0006586960000003
w/o Margin Activation,BEDRIDDEN_006,simple,เคสติดเตียงไร้ญาติ,0.0,0.0,0.0,0.0,0.0,0.0,False,0.10485896658041742,2,0.8760296860000001
w/o Margin Activation,BEDRIDDEN_007,complex,เคสติดเตียงไร้ญาติ,0.2,1.0,0.33333333333333337,1.0,1.0,1.0,False,2.2880537416218636,6,11.339821946
w/o Margin Activation,BEDRIDDEN_008,moderate,เคสติดเตียงไร้ญาติ,0.0,0.0,0.0,0.0,0.0,0.0,False,0.6180798718577815,3,3.410809424000001
w/o Margin Activation,BEDRIDDEN_009,moderate,เคสติดเตียงไร้ญาติ,0.4,1.0,0.5714285714285715,0.8503449055347546,0.7,1.0,False,0.1497015744315577,2,1.1140631519999997
w/o Margin Activation,BEDRIDDEN_010,complex,เคสติดเตียงไร้ญาติ,0.0,0.0,0.0,0.0,0.0,0.0,False,1.1843547107168186,5,5.6119810800000005
w/o Margin Activation,REHAB_001,moderate,เคสขอทุนฝึกอาชีพและฟื้นฟูสมรรถภาพ,0.2,1.0,0.33333333333333337,1.0,1.0,1.0,False,0.27504316268538354,3,1.738701304
w/o Margin Activation,REHAB_002,simple,เคสขอทุนฝึกอาชีพและฟื้นฟูสมรรถภาพ,0.2,1.0,0.33333333333333337,1.0,1.0,1.0,False,0.14860333443125698,2,1.203807146
w/o Margin Activation,REHAB_003,moderate,เคสขอทุนฝึกอาชีพและฟื้นฟูสมรรถภาพ,0.2,0.5,0.28571428571428575,0.6131471927654584,0.6666666666666666,1.0,False,0.47386500630587,5,2.94873078
w/o Margin Activation,REHAB_004,simple,เคสขอทุนฝึกอาชีพและฟื้นฟูสมรรถภาพ,0.4,1.0,0.5714285714285715,0.8772153153380493,0.75,1.0,False,0.07335012403756426,2,0.63925222
w/o Margin Activation,REHAB_005,moderate,เคสขอทุนฝึกอาชีพและฟื้นฟูสมรรถภาพ,0.2,0.5,0.28571428571428575,0.6131471927654584,0.6666666666666666,1.0,False,0.09641078997877658,2,0.775455126
w/o Margin Activation,FINANCE_001,simple,เคสปัญหาด้านการเงิน,0.4,1.0,0.5714285714285715,0.944847956559586,0.75,1.0,False,0.1422842536841156,3,1.05910742
w/o Margin Activation,FINANCE_002,moderate,เคสปัญหาด้านการเงิน,0.0,0.0,0.0,0.0,0.07142857142857142,0.07142857142857142,False,0.1105073272400256,2,0.970013296
w/o Margin Activation,FINANCE_003,moderate,เคสปัญหาด้านการเงิน,0.2,1.0,0.33333333333333337,1.0,1.0,1.0,False,0.5797556524415781,8,3.654605418
w/o Margin Activation,FINANCE_004,simple,เคสปัญหาด้านการเงิน,0.0,0.0,0.0,0.0,0.14285714285714285,0.14285714285714285,False,0.07351256022295205,2,0.6416883760000001
w/o Margin Activation,FINANCE_005,moderate,เคสปัญหาด้านการเงิน,0.0,0.0,0.0,0.0,0.2216931216931217,0.14285714285714285,False,0.31532410674310346,4,2.057266566
w/o Margin Activation,LOVE_001,simple,เคสปัญหาด้านความรัก,0.2,0.3333333333333333,0.25,0.2960819109658652,0.2888888888888889,0.5,False,0.16318813537078425,2,1.312297682
w/o Margin Activation,LOVE_002,moderate,เคสปัญหาด้านความรัก,0.6,0.75,0.6666666666666665,0.7903299296767691,0.9166666666666666,1.0,False,0.12347414947349836,2,0.9627949619999999
w/o Margin Activation,LOVE_003,moderate,เคสปัญหาด้านความรัก,0.0,0.0,0.0,0.0,0.0,0.0,False,0.41978112066437695,4,2.7068207040000005
w/o Margin Activation,LOVE_004,simple,เคสปัญหาด้านความรัก,0.0,0.0,0.0,0.0,0.0,0.0,False,0.02917889081624735,1,0.435899516
w/o Margin Activation,LOVE_005,moderate,เคสปัญหาด้านความรัก,0.0,0.0,0.0,0.0,0.0,0.0,False,0.3927189415931335,4,2.549503158
w/o Margin Activation,FAMILY_001,moderate,เคสปัญหาครอบครัว,0.4,1.0,0.5714285714285715,1.0,1.0,1.0,True,0.7231914980934402,4,4.5764322239999995
w/o Margin Activation,FAMILY_002,complex,เคสปัญหาครอบครัว,0.2,1.0,0.33333333333333337,1.0,1.0,1.0,False,0.3194229419182109,4,2.0947575359999995
w/o Margin Activation,FAMILY_003,simple,เคสปัญหาครอบครัว,0.0,0.0,0.0,0.0,0.0,0.0,False,0.022473311312000414,1,0.36020944599999993
w/o Margin Activation,VIOLENCE_001,complex,เคสประสบปัญหาถูกกระทำความรุนแรง,0.4,1.0,0.5714285714285715,0.9197207891481876,0.8333333333333333,1.0,False,1.5004194142810259,5,7.624839283999999
w/o Margin Activation,VIOLENCE_002,moderate,เคสประสบปัญหาถูกกระทำความรุนแรง,0.2,1.0,0.33333333333333337,1.0,1.0,1.0,False,0.39721468769883456,4,2.4724748539999997
w/o Margin Activation,VIOLENCE_003,moderate,เคสประสบปัญหาถูกกระทำความรุนแรง,0.4,0.6666666666666666,0.5,0.6713860725233041,0.5714285714285714,1.0,False,0.4340966152178255,3,2.500705034
w/o Margin Activation,VIOLENCE_004,simple,เคสประสบปัญหาถูกกระทำความรุนแรง,0.0,0.0,0.0,0.0,0.0,0.0,True,0.04782551850157313,0,0.030452145999999996
w/o Margin Activation,VIOLENCE_005,complex,เคสประสบปัญหาถูกกระทำความรุนแรง,0.8,0.8,0.8000000000000002,0.7364185288376675,0.8766666666666666,1.0,False,0.039540612165606524,1,0.517935108
w/o Margin Activation,CHILD_001_PAR_01,moderate,เด็กและเยาวชน,0.0,0.0,0.0,0.0,0.08333333333333333,0.08333333333333333,False,0.0928488414650695,2,0.788834344
w/o Margin Activation,CHILD_002_PAR_01,complex,เด็กและเยาวชน,0.8,0.8,0.8000000000000002,0.5088013258915567,0.8509090909090908,1.0,False,0.46815851817049586,5,2.9146180139999998
w/o Margin Activation,CHILD_003_PAR_01,simple,เด็กและเยาวชน,0.0,0.0,0.0,0.0,0.0,0.0,False,0.09508404827573441,2,0.77320597
w/o Margin Activation,CHILD_004_PAR_01,moderate,เด็กและเยาวชน,0.4,0.5,0.4444444444444445,0.35753408824606947,0.6659090909090909,1.0,False,0.228521312361977,3,1.593184226
w/o Margin Activation,CHILD_005_PAR_01,complex,เด็กและเยาวชน,0.0,0.0,0.0,0.0,0.0,0.0,True,0.04987471005317376,0,0.029557706
w/o Margin Activation,ELDER_003_PAR_01,simple,ผู้สูงอายุ,0.0,0.0,0.0,0.0,0.0,0.0,False,0.08919745117225877,2,0.726572688
w/o Margin Activation,ELDER_004_PAR_01,complex,ผู้สูงอายุ,0.6,0.42857142857142855,0.5,0.6843515475204855,0.7408686551543695,1.0,False,2.190004512427092,10,10.790295084
w/o Margin Activation,ELDER_007_PAR_01,simple,ผู้สูงอายุ,0.0,0.0,0.0,0.0,0.0,0.0,True,0.05026799668215699,0,0.031161605999999998
w/o Margin Activation,ELDER_008_PAR_01,complex,ผู้สูงอายุ,0.4,0.5,0.4444444444444445,0.4232448892278954,0.42658730158730157,0.3333333333333333,False,1.21963976675143,6,6.917343701999999
w/o Margin Activation,ELDER_010_PAR_01,complex,ผู้สูงอายุ,0.2,1.0,0.33333333333333337,1.0,1.0,1.0,False,0.38196506363813765,3,2.4629885440000003
w/o Margin Activation,DISABLED_001_PAR_01,simple,คนพิการ,0.0,0.0,0.0,0.0,0.0,0.0,False,0.12031759939392568,2,0.961489508
w/o Margin Activation,DISABLED_002_PAR_01,moderate,คนพิการ,0.2,1.0,0.33333333333333337,1.0,1.0,1.0,False,0.09086294834319335,2,0.751692806
w/o Margin Activation,DISABLED_003_PAR_01,complex,คนพิการ,0.2,0.5,0.28571428571428575,0.6131471927654584,0.5769230769230769,1.0,False,0.03010322802098695,1,0.387736438
w/o Margin Activation,DISABLED_004_PAR_01,moderate,คนพิการ,0.0,0.0,0.0,0.0,0.12692307692307692,0.1,False,0.12904190657922704,2,1.0039513500000001
w/o Margin Activation,DISABLED_005_PAR_01,simple,คนพิการ,0.2,1.0,0.33333333333333337,1.0,1.0,1.0,False,0.24844511049618392,3,1.700870802
w/o Margin Activation,DISABLED_006_PAR_01,moderate,คนพิการ,0.4,0.6666666666666666,0.5,0.819876640193745,0.5499999999999999,1.0,False,0.7983144999198671,4,4.461813986
w/o Margin Activation,DISABLED_007_PAR_01,complex,คนพิการ,0.8,0.8,0.8000000000000002,0.9129675424759451,0.8314285714285713,1.0,False,0.6202571964275493,8,3.8023526199999997
w/o Margin Activation,DISABLED_008_PAR_01,moderate,คนพิการ,0.0,0.0,0.0,0.0,0.0,0.0,False,0.04705590289878148,1,0.5140641
w/o Margin Activation,DISABLED_009_PAR_01,simple,คนพิการ,0.0,0.0,0.0,0.0,0.0,0.0,False,0.14093053956088405,2,1.1544289
w/o Margin Activation,DISABLED_010_PAR_01,moderate,คนพิการ,0.2,1.0,0.33333333333333337,1.0,1.0,1.0,False,0.4390337571551482,4,2.50220617
w/o Margin Activation,HOMELESS_002_PAR_01,complex,คนเร่ร่อน/ไร้ที่อยู่,0.2,1.0,0.33333333333333337,0.5,0.3333333333333333,0.3333333333333333,True,0.12881140204593508,2,0.9751346599999999
w/o Margin Activation,MENTAL_001_PAR_01,moderate,ผู้ประสบปัญหาสุขภาพจิตและจิตเวช,0.4,0.5,0.4444444444444445,0.6097426926720908,0.5682539682539682,1.0,False,0.747900874623019,4,4.769467967999999
w/o Margin Activation,MENTAL_003_PAR_01,simple,ผู้ประสบปัญหาสุขภาพจิตและจิตเวช,0.0,0.0,0.0,0.0,0.0,0.0,False,0.0366903419867253,1,0.46080761
w/o Margin Activation,MENTAL_008_PAR_01,moderate,ผู้ประสบปัญหาสุขภาพจิตและจิตเวช,0.0,0.0,0.0,0.0,0.0,0.0,False,0.7350436696913742,7,4.499153762
w/o Margin Activation,MENTAL_010_PAR_01,moderate,ผู้ประสบปัญหาสุขภาพจิตและจิตเวช,0.2,1.0,0.33333333333333337,1.0,1.0,1.0,False,0.3207105370942997,4,2.0698840600000006
w/o Margin Activation,SUBSTANCE_002_PAR_01,complex,ผู้ประสบปัญหายาเสพติด,0.2,1.0,0.33333333333333337,1.0,1.0,1.0,False,1.237971184403488,7,7.160363401999999
w/o Margin Activation,SUBSTANCE_003_PAR_01,simple,ผู้ประสบปัญหายาเสพติด,0.0,0.0,0.0,0.0,0.0,0.0,False,0.03725488188472043,1,0.444585862
w/o Margin Activation,NCD_001_PAR_01,simple,ผู้ป่วยโรคเรื้อรังไม่ติดต่อ (NCD),0.0,0.0,0.0,0.0,0.0,0.0,False,0.03077464126008476,1,0.45553418599999995
w/o Margin Activation,NCD_009_PAR_01,simple,ผู้ป่วยโรคเรื้อรังไม่ติดต่อ (NCD),0.0,0.0,0.0,0.0,0.0,0.0,False,0.035447761167152494,1,0.42119998399999997
w/o Margin Activation,NCD_010_PAR_01,moderate,ผู้ป่วยโรคเรื้อรังไม่ติดต่อ (NCD),0.2,1.0,0.33333333333333337,1.0,1.0,1.0,False,0.8153899831736827,5,4.817199798
w/o Margin Activation,HIV_TB_005_PAR_01,complex,ผู้ป่วยเอดส์และวัณโรค,0.2,1.0,0.33333333333333337,0.6309297535714575,0.5,0.5,False,1.0228304229825624,5,6.381509948
w/o Margin Activation,BEDRIDDEN_006_PAR_01,simple,เคสติดเตียงไร้ญาติ,0.0,0.0,0.0,0.0,0.0,0.0,False,0.02921702440673029,1,0.46313146200000005
w/o Margin Activation,BEDRIDDEN_010_PAR_01,complex,เคสติดเตียงไร้ญาติ,0.0,0.0,0.0,0.0,0.0,0.0,False,0.2349788152058388,2,1.6109795359999999
w/o Margin Activation,REHAB_001_PAR_01,moderate,เคสขอทุนฝึกอาชีพและฟื้นฟูสมรรถภาพ,0.2,1.0,0.33333333333333337,1.0,1.0,1.0,False,0.2653334676256262,3,1.6970457920000002
w/o Margin Activation,REHAB_003_PAR_01,moderate,เคสขอทุนฝึกอาชีพและฟื้นฟูสมรรถภาพ,0.2,0.5,0.28571428571428575,0.6131471927654584,0.6428571428571428,1.0,False,0.2722782074539179,4,1.7525876020000002
w/o Margin Activation,REHAB_004_PAR_01,simple,เคสขอทุนฝึกอาชีพและฟื้นฟูสมรรถภาพ,0.4,1.0,0.5714285714285715,0.8772153153380493,0.75,1.0,False,0.07273528212221243,2,0.635369488
w/o Margin Activation,REHAB_005_PAR_01,moderate,เคสขอทุนฝึกอาชีพและฟื้นฟูสมรรถภาพ,0.2,0.5,0.28571428571428575,0.6131471927654584,0.6666666666666666,1.0,False,0.02535089415841923,1,0.356860986
w/o Margin Activation,FINANCE_001_PAR_01,simple,เคสปัญหาด้านการเงิน,0.4,1.0,0.5714285714285715,0.944847956559586,0.75,1.0,True,0.14379065349028367,3,1.0690700139999998
w/o Margin Activation,FINANCE_002_PAR_01,moderate,เคสปัญหาด้านการเงิน,0.0,0.0,0.0,0.0,0.0,0.0,False,0.08953842743390036,2,0.79140275
w/o Margin Activation,FINANCE_003_PAR_01,moderate,เคสปัญหาด้านการเงิน,0.2,1.0,0.33333333333333337,1.0,1.0,1.0,False,0.2774120044154768,4,1.82666507
w/o Margin Activation,LOVE_005_PAR_01,moderate,เคสปัญหาด้านความรัก,0.0,0.0,0.0,0.0,0.0,0.0,False,0.33199213854541326,4,2.2001138559999993
w/o Margin Activation,FAMILY_001_PAR_01,moderate,เคสปัญหาครอบครัว,0.4,1.0,0.5714285714285715,1.0,1.0,1.0,False,0.7273212729903835,4,4.794992244
w/o Margin Activation,FAMILY_002_PAR_01,complex,เคสปัญหาครอบครัว,0.2,1.0,0.33333333333333337,1.0,1.0,1.0,False,0.3167258410011915,4,2.0824565739999996
w/o Margin Activation,FAMILY_003_PAR_01,simple,เคสปัญหาครอบครัว,0.0,0.0,0.0,0.0,0.0,0.0,True,0.05207978754088103,0,0.030429259999999996
w/o Margin Activation,CHILD_003_ESC_01,complex,เด็กและเยาวชน,0.0,0.0,0.0,0.0,0.0,0.0,False,0.09521132003703797,2,0.7739019260000001
w/o Margin Activation,ELDER_001_ESC_01,complex,ผู้สูงอายุ,0.0,0.0,0.0,0.0,0.0,0.0,False,0.038248581360463524,1,0.447166104
w/o Margin Activation,ELDER_003_ESC_01,complex,ผู้สูงอายุ,0.0,0.0,0.0,0.0,0.0,0.0,False,0.11501351521264476,2,0.920871142
w/o Margin Activation,ELDER_007_ESC_01,complex,ผู้สูงอายุ,0.0,0.0,0.0,0.0,0.0,0.0,True,0.04855508994038489,0,0.030732341999999996
w/o Margin Activation,DISABLED_001_ESC_01,complex,คนพิการ,0.0,0.0,0.0,0.0,0.0,0.0,False,0.11523839753569928,2,0.9235422799999998
w/o Margin Activation,DISABLED_005_ESC_01,complex,คนพิการ,0.2,1.0,0.33333333333333337,1.0,1.0,1.0,True,0.3289743259788842,3,2.093974326
w/o Margin Activation,DISABLED_009_ESC_01,complex,คนพิการ,0.0,0.0,0.0,0.0,0.0,0.0,False,0.11955274831850723,2,0.963108404
w/o Margin Activation,HOMELESS_003_ESC_01,complex,คนเร่ร่อน/ไร้ที่อยู่,0.4,0.6666666666666666,0.5,0.7653606369886217,0.7916666666666666,1.0,False,0.27068433394436614,4,1.7967148379999998
w/o Margin Activation,MENTAL_003_ESC_01,complex,ผู้ประสบปัญหาสุขภาพจิตและจิตเวช,0.0,0.0,0.0,0.0,0.0,0.0,False,0.03306954367178723,1,0.415529516
w/o Margin Activation,MENTAL_007_ESC_01,complex,ผู้ประสบปัญหาสุขภาพจิตและจิตเวช,0.0,0.0,0.0,0.0,0.0,0.0,False,0.042488016686726984,1,0.515765512
w/o Margin Activation,CHILD_002_SIM_01,simple,เด็กและเยาวชน,0.0,0.0,0.0,0.0,0.0,0.0,True,0.04711087332017431,0,0.031068912000000004
w/o Margin Activation,CHILD_005_SIM_01,simple,เด็กและเยาวชน,0.0,0.0,0.0,0.0,0.0,0.0,True,0.0486809954421236,0,0.029614604
w/o Margin Activation,ELDER_004_SIM_01,simple,ผู้สูงอายุ,0.2,0.3333333333333333,0.25,0.23463936301137822,0.27136752136752135,0.3333333333333333,True,0.04519348541341765,0,0.030176364
w/o Margin Activation,ELDER_008_SIM_01,simple,ผู้สูงอายุ,0.0,0.0,0.0,0.0,0.0,0.0,True,0.07673846767048036,0,0.03013534
w/o Margin Activation,ELDER_010_SIM_01,simple,ผู้สูงอายุ,0.2,1.0,0.33333333333333337,0.5,0.3333333333333333,0.3333333333333333,True,0.08603515894309889,0,0.03113127
w/o Margin Activation,DISABLED_003_SIM_01,simple,คนพิการ,0.0,0.0,0.0,0.0,0.0,0.0,True,0.04455674549540396,0,0.030547407999999998
w/o Margin Activation,DISABLED_007_SIM_01,simple,คนพิการ,0.2,0.5,0.28571428571428575,0.38685280723454163,0.39285714285714285,0.5,True,0.04720857893949622,0,0.030820122
w/o Margin Activation,HOMELESS_002_SIM_01,simple,คนเร่ร่อน/ไร้ที่อยู่,0.0,0.0,0.0,0.0,0.0,0.0,True,0.036642581242552964,0,0.030239815999999996
w/o Margin Activation,HOMELESS_005_SIM_01,simple,คนเร่ร่อน/ไร้ที่อยู่,0.0,0.0,0.0,0.0,0.0,0.0,True,0.03973980717523305,0,0.031339352
w/o Margin Activation,MENTAL_002_SIM_01,simple,ผู้ประสบปัญหาสุขภาพจิตและจิตเวช,0.0,0.0,0.0,0.0,0.0,0.0,True,0.07357744217470936,0,0.030789564
w/o Margin Activation,ADV_001,moderate,adversarial_l2_test,0.0,0.0,0.0,0.0,0.0,0.0,False,0.005842180379123283,1,0.08740367
w/o Margin Activation,ADV_002,moderate,adversarial_l2_test,0.0,0.0,0.0,0.0,0.0,0.0,False,0.00044087714953552985,2,0.002136598
w/o Margin Activation,ADV_003,moderate,adversarial_l2_test,0.0,0.0,0.0,0.0,0.0,0.0,False,0.001976413328192219,1,0.027309584000000005
w/o Margin Activation,ADV_004,moderate,adversarial_l2_test,0.0,0.0,0.0,0.0,0.0,0.0,False,0.005212747664249086,1,0.084733956
w/o Margin Activation,ADV_005,moderate,adversarial_l2_test,0.0,0.0,0.0,0.0,0.06666666666666667,0.06666666666666667,False,0.004116607113212249,1,0.049695526
w/o Margin Activation,NEG_SH_POS,moderate,ผู้ประสบปัญหาสุขภาพจิตและจิตเวช,0.6,0.75,0.6666666666666665,0.787702056960637,0.7928571428571429,1.0,True,0.08079928724313905,1,0.7838829399999999
w/o Margin Activation,NEG_SH_NEG,moderate,ผู้ประสบปัญหาสุขภาพจิตและจิตเวช,0.0,0.0,0.0,0.0,0.0,0.0,False,0.0032189418613587186,1,0.069144328
w/o Margin Activation,NEG_SM_POS,simple,เคสปัญหาด้านการเงิน,0.6,0.75,0.6666666666666665,0.75369761125927,0.6810897435897436,1.0,False,0.05647313322175314,2,0.384865098
w/o Margin Activation,NEG_SM_NEG,simple,เคสปัญหาด้านการเงิน,0.0,0.0,0.0,0.0,0.0,0.0,False,0.02294355007653436,2,0.154264948
w/o Margin Activation,NEG_SL_POS,simple,ผู้ป่วยโรคเรื้อรังไม่ติดต่อ (NCD),0.0,0.0,0.0,0.0,0.0,0.0,False,0.0037817447932169284,2,0.018476193999999998
w/o Margin Activation,NEG_SL_NEG,simple,ผู้ป่วยโรคเรื้อรังไม่ติดต่อ (NCD),0.0,0.0,0.0,0.0,0.0,0.0,False,0.0013025220792066722,1,0.008457532
w/o Margin Activation,NEG_MH_POS,complex,เคสประสบปัญหาถูกกระทำความรุนแรง,0.4,0.4,0.4000000000000001,0.5052077707304854,0.6055555555555554,1.0,False,0.4773577970873305,3,3.1887118340000002
w/o Margin Activation,NEG_MH_NEG,complex,เคสประสบปัญหาถูกกระทำความรุนแรง,0.0,0.0,0.0,0.0,0.0,0.0,False,0.2544890756257046,4,1.6428830260000002
w/o Margin Activation,NEG_MM_POS,moderate,เคสปัญหาครอบครัว,0.0,0.0,0.0,0.0,0.0,0.0,False,0.1553013460987197,5,0.8484441939999998
w/o Margin Activation,NEG_MM_NEG,moderate,เคสปัญหาครอบครัว,0.0,0.0,0.0,0.0,0.0,0.0,False,0.19013540261604026,6,1.1031539540000002
w/o Margin Activation,NEG_ML_POS,simple,ผู้สูงอายุ,0.0,0.0,0.0,0.0,0.0,0.0,False,0.03352231030742724,3,0.20731883399999998
w/o Margin Activation,NEG_ML_NEG,simple,ผู้สูงอายุ,0.0,0.0,0.0,0.0,0.0,0.0,False,0.10357908154909833,4,0.6614771420000001
w/o Margin Activation,NEG_LH_POS,complex,เคสประสบปัญหาถูกกระทำความรุนแรง,0.6,0.75,0.6666666666666665,0.8318724637288826,0.8928571428571428,1.0,False,1.417985466536495,5,7.346406306
w/o Margin Activation,NEG_LH_NEG,complex,เคสประสบปัญหาถูกกระทำความรุนแรง,0.0,0.0,0.0,0.0,0.0,0.0,False,0.0366456298420701,3,0.220844468
w/o Margin Activation,NEG_LM_POS,complex,เคสปัญหาครอบครัว,0.0,0.0,0.0,0.0,0.18560606060606064,0.125,False,0.5487957855983492,6,3.235082206
w/o Margin Activation,NEG_LM_NEG,complex,เคสปัญหาครอบครัว,0.0,0.0,0.0,0.0,0.0,0.0,True,0.020093820593210892,0,0.030973406
w/o Margin Activation,NEG_LL_POS,simple,ผู้สูงอายุ,0.0,0.0,0.0,0.0,0.0,0.0,False,0.8443069722462657,4,4.118996924
w/o Margin Activation,NEG_LL_NEG,simple,ผู้สูงอายุ,0.0,0.0,0.0,0.0,0.0,0.0,False,0.565090420149615,5,2.7161661080000004
w/o Margin Activation,NEG_SH_POS_V2,moderate,ผู้ประสบปัญหาสุขภาพจิตและจิตเวช,0.6,0.75,0.6666666666666665,0.8318724637288826,0.875,1.0,False,0.06520518415684082,1,0.72725322
w/o Margin Activation,NEG_SH_NEG_V2,moderate,ผู้ประสบปัญหาสุขภาพจิตและจิตเวช,0.0,0.0,0.0,0.0,0.0,0.0,False,0.002619226695573741,1,0.08911774400000001
w/o Margin Activation,NEG_SM_POS_V2,simple,เคสปัญหาครอบครัว,0.0,0.0,0.0,0.0,0.0,0.0,True,0.014557174808779744,2,0.12278931600000001
w/o Margin Activation,NEG_SM_NEG_V2,simple,เคสปัญหาครอบครัว,0.0,0.0,0.0,0.0,0.0,0.0,False,0.004363339461818887,3,0.024064458
w/o Margin Activation,NEG_SL_POS_V2,simple,ผู้สูงอายุ,0.0,0.0,0.0,0.0,0.0,0.0,True,0.019038220651160752,0,0.030304622000000003
w/o Margin Activation,NEG_SL_NEG_V2,simple,ผู้สูงอายุ,0.0,0.0,0.0,0.0,0.0,0.0,True,0.014603990860919963,0,0.030000359999999997
w/o Margin Activation,NEG_MH_POS_V2,complex,เด็กและสตรี,0.0,0.0,0.0,0.0,0.0,0.0,False,0.114116969358596,3,0.8275834200000002
w/o Margin Activation,NEG_MH_NEG_V2,complex,เด็กและสตรี,0.0,0.0,0.0,0.0,0.0,0.0,False,0.07967929346908043,4,0.504757366
w/o Margin Activation,NEG_MM_POS_V2,moderate,ปัญหาครอบครัว,0.0,0.0,0.0,0.0,0.0,0.0,False,0.03107486573589176,4,0.179440136
w/o Margin Activation,NEG_MM_NEG_V2,moderate,ปัญหาครอบครัว,0.0,0.0,0.0,0.0,0.0,0.0,False,0.0016962682637288798,2,0.008897882000000001
w/o Margin Activation,NEG_ML_POS_V2,simple,ผู้สูงอายุ,0.0,0.0,0.0,0.0,0.0,0.0,False,0.01934365152160431,2,0.158209016
w/o Margin Activation,NEG_ML_NEG_V2,simple,ผู้สูงอายุ,0.0,0.0,0.0,0.0,0.0,0.0,False,0.0006895148710482737,1,0.007602163999999999
w/o Margin Activation,NEG_LH_POS_V2,complex,รุนแรง/วัยรุ่น,0.0,0.0,0.0,0.0,0.06666666666666667,0.06666666666666667,False,0.12507379559072054,6,0.6895719600000001
w/o Margin Activation,NEG_LH_NEG_V2,complex,รุนแรง/วัยรุ่น,0.0,0.0,0.0,0.0,0.0,0.0,False,0.05023645053722437,7,0.26479234199999996
w/o Margin Activation,NEG_LM_POS_V2,complex,ครอบครัว/หนี้สิน,0.2,0.5,0.28571428571428575,0.6131471927654584,0.5714285714285714,1.0,False,0.08915071845810528,5,0.5752069479999999
w/o Margin Activation,NEG_LM_NEG_V2,complex,ครอบครัว/หนี้สิน,0.0,0.0,0.0,0.0,0.0,0.0,False,0.00913917519778026,3,0.064761616
w/o Margin Activation,NEG_LL_POS_V2,simple,ผู้สูงอายุ,0.0,0.0,0.0,0.0,0.0,0.0,False,0.0006330837826861635,1,0.00775036
w/o Margin Activation,NEG_LL_NEG_V2,simple,ผู้สูงอายุ,0.0,0.0,0.0,0.0,0.0,0.0,False,0.0002184426728339109,1,0.0033211960000000007
w/o KL Penalty,CHILD_001,moderate,เด็กและเยาวชน,0.0,0.0,0.0,0.0,0.0,0.0,False,0.0937117130446002,2,0.7844801880000001
w/o KL Penalty,CHILD_002,complex,เด็กและเยาวชน,0.8,0.8,0.8000000000000002,0.5088013258915567,0.9028571428571428,1.0,False,0.5057437947134366,5,3.0502712020000002
w/o KL Penalty,CHILD_003,simple,เด็กและเยาวชน,0.0,0.0,0.0,0.0,0.0,0.0,False,0.09525140550131136,2,0.774575964
w/o KL Penalty,CHILD_004,moderate,เด็กและเยาวชน,0.4,0.5,0.4444444444444445,0.35753408824606947,0.6519230769230768,1.0,False,0.22856925289819335,3,1.577727216
w/o KL Penalty,CHILD_005,complex,เด็กและเยาวชน,0.0,0.0,0.0,0.0,0.0,0.0,True,0.04989887136298358,0,0.029469802
w/o KL Penalty,ELDER_001,simple,ผู้สูงอายุ,0.0,0.0,0.0,0.0,0.0,0.0,True,0.03889280130597038,1,0.45713059000000006
w/o KL Penalty,ELDER_002,moderate,ผู้สูงอายุ,0.0,0.0,0.0,0.0,0.0,0.0,False,3.0699778115745042,7,12.479694462000001
w/o KL Penalty,ELDER_003,simple,ผู้สูงอายุ,0.0,0.0,0.0,0.0,0.0,0.0,False,0.08890714450664797,2,0.726082758
w/o KL Penalty,ELDER_004,complex,ผู้สูงอายุ,0.6,0.375,0.4615384615384615,0.6843515475204855,0.705384199134199,1.0,False,2.2026263739183616,10,10.668373407999999
w/o KL Penalty,ELDER_005,moderate,ผู้สูงอายุ,0.0,0.0,0.0,0.0,0.0,0.0,False,0.15516347816443435,2,1.102542808
w/o KL Penalty,ELDER_006,moderate,ผู้สูงอายุ,0.2,1.0,0.33333333333333337,1.0,1.0,1.0,False,0.8709711551491518,5,4.859258205999999
w/o KL Penalty,ELDER_007,simple,ผู้สูงอายุ,0.0,0.0,0.0,0.0,0.0,0.0,True,0.05053300915366159,0,0.031301532
w/o KL Penalty,ELDER_008,complex,ผู้สูงอายุ,0.4,0.5,0.4444444444444445,0.4232448892278954,0.42658730158730157,0.3333333333333333,False,1.303979728420683,6,7.0155224039999995
w/o KL Penalty,ELDER_009,moderate,ผู้สูงอายุ,0.2,1.0,0.33333333333333337,0.6309297535714575,0.5,0.5,False,0.4674407016215273,4,2.60191246
w/o KL Penalty,ELDER_010,complex,ผู้สูงอายุ,0.2,1.0,0.33333333333333337,1.0,1.0,1.0,False,0.38751212151850045,3,2.4918405319999994
w/o KL Penalty,DISABLED_001,simple,คนพิการ,0.0,0.0,0.0,0.0,0.0,0.0,False,0.11433395193546955,2,0.9114624040000001
w/o KL Penalty,DISABLED_002,moderate,คนพิการ,0.2,1.0,0.33333333333333337,1.0,1.0,1.0,False,0.09347909086121205,2,0.764845466
w/o KL Penalty,DISABLED_003,complex,คนพิการ,0.2,0.5,0.28571428571428575,0.6131471927654584,0.5833333333333334,1.0,False,0.03202735000625205,1,0.40815355000000003
w/o KL Penalty,DISABLED_004,moderate,คนพิการ,0.0,0.0,0.0,0.0,0.1,0.1,False,0.23866058863496126,3,1.6134490500000003
w/o KL Penalty,DISABLED_005,simple,คนพิการ,0.2,1.0,0.33333333333333337,1.0,1.0,1.0,False,0.2441212365684159,3,1.661557178
w/o KL Penalty,DISABLED_006,moderate,คนพิการ,0.4,1.0,0.5714285714285715,0.944847956559586,0.75,1.0,False,0.680349493738933,4,3.9559135640000003
w/o KL Penalty,DISABLED_007,complex,คนพิการ,0.8,0.5714285714285714,0.6666666666666666,0.8989584458539029,0.7204295704295703,1.0,False,0.6474887086939188,8,3.9412145880000002
w/o KL Penalty,DISABLED_008,moderate,คนพิการ,0.0,0.0,0.0,0.0,0.0,0.0,False,0.5189320628688043,3,2.6306424760000002
w/o KL Penalty,DISABLED_009,simple,คนพิการ,0.0,0.0,0.0,0.0,0.0,0.0,False,0.14169617779393562,2,1.134854138
w/o KL Penalty,DISABLED_010,moderate,คนพิการ,0.2,1.0,0.33333333333333337,1.0,1.0,1.0,False,0.6393967244511742,4,3.1782789160000005
w/o KL Penalty,HOMELESS_001,moderate,คนเร่ร่อน/ไร้ที่อยู่,0.2,1.0,0.33333333333333337,1.0,1.0,1.0,False,0.3283704562568204,4,2.039060848
w/o KL Penalty,HOMELESS_002,complex,คนเร่ร่อน/ไร้ที่อยู่,0.2,1.0,0.33333333333333337,0.6309297535714575,0.5,0.5,False,0.12742245719751008,2,0.970167554
w/o KL Penalty,HOMELESS_003,simple,คนเร่ร่อน/ไร้ที่อยู่,0.2,1.0,0.33333333333333337,0.6309297535714575,0.5,0.5,False,0.2700237787409054,4,1.7882852280000001
w/o KL Penalty,HOMELESS_004,moderate,คนเร่ร่อน/ไร้ที่อยู่,0.2,1.0,0.33333333333333337,1.0,1.0,1.0,False,0.10329545547626313,2,0.815988776
w/o KL Penalty,HOMELESS_005,complex,คนเร่ร่อน/ไร้ที่อยู่,0.0,0.0,0.0,0.0,0.0,0.0,False,0.4630688565749252,4,2.847849596
w/o KL Penalty,MENTAL_001,moderate,ผู้ประสบปัญหาสุขภาพจิตและจิตเวช,0.4,0.5,0.4444444444444445,0.6097426926720908,0.54375,1.0,False,0.655266727710975,4,4.170420148
w/o KL Penalty,MENTAL_002,complex,ผู้ประสบปัญหาสุขภาพจิตและจิตเวช,0.0,0.0,0.0,0.0,0.0,0.0,False,0.10737128018747531,2,0.8360052840000002
w/o KL Penalty,MENTAL_003,simple,ผู้ประสบปัญหาสุขภาพจิตและจิตเวช,0.0,0.0,0.0,0.0,0.0,0.0,False,0.035440722488002854,1,0.445766298
w/o KL Penalty,MENTAL_004,moderate,ผู้ประสบปัญหาสุขภาพจิตและจิตเวช,0.0,0.0,0.0,0.0,0.0,0.0,False,0.4564394333828499,4,2.31718956
w/o KL Penalty,MENTAL_005,moderate,ผู้ประสบปัญหาสุขภาพจิตและจิตเวช,0.0,0.0,0.0,0.0,0.0,0.0,True,0.05276407562806382,0,0.030886392000000002
w/o KL Penalty,MENTAL_006,complex,ผู้ประสบปัญหาสุขภาพจิตและจิตเวช,0.0,0.0,0.0,0.0,0.1111111111111111,0.1111111111111111,False,0.040013922542837976,1,0.470130402
w/o KL Penalty,MENTAL_007,simple,ผู้ประสบปัญหาสุขภาพจิตและจิตเวช,0.0,0.0,0.0,0.0,0.0,0.0,False,0.046428524964688855,1,0.557697574
w/o KL Penalty,MENTAL_008,moderate,ผู้ประสบปัญหาสุขภาพจิตและจิตเวช,0.0,0.0,0.0,0.0,0.0,0.0,False,0.7286661937968589,6,4.525203808
w/o KL Penalty,MENTAL_009,complex,ผู้ประสบปัญหาสุขภาพจิตและจิตเวช,0.0,0.0,0.0,0.0,0.0,0.0,True,0.04747362844334628,0,0.031235451999999997
w/o KL Penalty,MENTAL_010,moderate,ผู้ประสบปัญหาสุขภาพจิตและจิตเวช,0.2,1.0,0.33333333333333337,1.0,1.0,1.0,False,0.3495673536187884,4,2.1807280540000002
w/o KL Penalty,SUBSTANCE_001,moderate,ผู้ประสบปัญหายาเสพติด,0.0,0.0,0.0,0.0,0.06666666666666667,0.06666666666666667,False,0.6120269959953428,4,3.600846704
w/o KL Penalty,SUBSTANCE_002,complex,ผู้ประสบปัญหายาเสพติด,0.2,1.0,0.33333333333333337,1.0,1.0,1.0,False,1.1723911681721637,7,6.8898569179999996
w/o KL Penalty,SUBSTANCE_003,simple,ผู้ประสบปัญหายาเสพติด,0.0,0.0,0.0,0.0,0.0,0.0,False,0.03700298806298891,1,0.444290142
w/o KL Penalty,SUBSTANCE_005,moderate,ผู้ประสบปัญหายาเสพติด,0.0,0.0,0.0,0.0,0.0,0.0,False,0.22645678317319862,3,1.5062817699999997
w/o KL Penalty,NCD_001,simple,ผู้ป่วยโรคเรื้อรังไม่ติดต่อ (NCD),0.0,0.0,0.0,0.0,0.0,0.0,False,0.030228304279255498,1,0.44722764000000004
w/o KL Penalty,NCD_002,moderate,ผู้ป่วยโรคเรื้อรังไม่ติดต่อ (NCD),0.0,0.0,0.0,0.0,0.1111111111111111,0.1111111111111111,False,0.05306691935943241,1,0.724967734
w/o KL Penalty,NCD_003,moderate,ผู้ป่วยโรคเรื้อรังไม่ติดต่อ (NCD),0.4,0.6666666666666666,0.5,0.6508205185601091,0.5435897435897435,1.0,True,1.3930811617204557,5,6.755638406
w/o KL Penalty,NCD_004,complex,ผู้ป่วยโรคเรื้อรังไม่ติดต่อ (NCD),0.0,0.0,0.0,0.0,0.16666666666666666,0.16666666666666666,False,1.2305661345581067,4,6.2602952819999995
w/o KL Penalty,NCD_005,simple,ผู้ป่วยโรคเรื้อรังไม่ติดต่อ (NCD),0.0,0.0,0.0,0.0,0.0,0.0,True,0.037913714721483985,1,0.43597979000000003
w/o KL Penalty,NCD_006,moderate,ผู้ป่วยโรคเรื้อรังไม่ติดต่อ (NCD),0.0,0.0,0.0,0.0,0.0,0.0,False,0.020293067174904592,1,0.330327932
w/o KL Penalty,NCD_007,moderate,ผู้ป่วยโรคเรื้อรังไม่ติดต่อ (NCD),0.2,1.0,0.33333333333333337,1.0,1.0,1.0,False,0.611471122267028,4,3.18518404
w/o KL Penalty,NCD_008,complex,ผู้ป่วยโรคเรื้อรังไม่ติดต่อ (NCD),0.0,0.0,0.0,0.0,0.0,0.0,False,0.28477787444000785,2,1.9944039500000001
w/o KL Penalty,NCD_009,simple,ผู้ป่วยโรคเรื้อรังไม่ติดต่อ (NCD),0.0,0.0,0.0,0.0,0.0,0.0,False,0.035496087682853165,1,0.42147853400000007
w/o KL Penalty,NCD_010,moderate,ผู้ป่วยโรคเรื้อรังไม่ติดต่อ (NCD),0.2,1.0,0.33333333333333337,1.0,1.0,1.0,False,0.5574697619594453,4,3.330404352
w/o KL Penalty,HIV_TB_001,moderate,ผู้ป่วยเอดส์และวัณโรค,0.4,1.0,0.5714285714285715,1.0,1.0,1.0,False,0.42169802786807953,3,2.7041687860000003
w/o KL Penalty,HIV_TB_002,complex,ผู้ป่วยเอดส์และวัณโรค,0.2,1.0,0.33333333333333337,1.0,1.0,1.0,False,0.5770583509055667,3,3.0166754179999997
w/o KL Penalty,HIV_TB_003,simple,ผู้ป่วยเอดส์และวัณโรค,0.0,0.0,0.0,0.0,0.0,0.0,False,0.04325140557195947,1,0.5210871120000001
w/o KL Penalty,HIV_TB_004,moderate,ผู้ป่วยเอดส์และวัณโรค,0.0,0.0,0.0,0.0,0.0,0.0,False,0.10829600563228974,2,0.844341386
w/o KL Penalty,HIV_TB_005,complex,ผู้ป่วยเอดส์และวัณโรค,0.2,1.0,0.33333333333333337,0.6309297535714575,0.5,0.5,False,1.6738693330140004,6,10.06066695
w/o KL Penalty,BEDRIDDEN_001,complex,เคสติดเตียงไร้ญาติ,0.4,0.3333333333333333,0.3636363636363636,0.5531464700081437,0.7271825396825397,1.0,False,1.368084178185352,5,6.592560570000001
w/o KL Penalty,BEDRIDDEN_002,moderate,เคสติดเตียงไร้ญาติ,0.2,1.0,0.33333333333333337,1.0,1.0,1.0,False,0.7341618064392317,3,3.979751038
w/o KL Penalty,BEDRIDDEN_003,moderate,เคสติดเตียงไร้ญาติ,0.2,1.0,0.33333333333333337,1.0,1.0,1.0,False,0.21367622724432395,3,1.426600398
w/o KL Penalty,BEDRIDDEN_004,complex,เคสติดเตียงไร้ญาติ,0.2,1.0,0.33333333333333337,1.0,1.0,1.0,False,1.6743332545766179,4,6.964766576
w/o KL Penalty,BEDRIDDEN_005,moderate,เคสติดเตียงไร้ญาติ,0.2,1.0,0.33333333333333337,1.0,1.0,1.0,False,0.599067636919446,4,3.050048834
w/o KL Penalty,BEDRIDDEN_006,simple,เคสติดเตียงไร้ญาติ,0.0,0.0,0.0,0.0,0.0,0.0,False,0.10596736526847546,2,0.8818289259999998
w/o KL Penalty,BEDRIDDEN_007,complex,เคสติดเตียงไร้ญาติ,0.2,1.0,0.33333333333333337,1.0,1.0,1.0,False,2.2880537416218636,6,11.339821946
w/o KL Penalty,BEDRIDDEN_008,moderate,เคสติดเตียงไร้ญาติ,0.0,0.0,0.0,0.0,0.0,0.0,False,0.6292962618947897,3,3.45428723
w/o KL Penalty,BEDRIDDEN_009,moderate,เคสติดเตียงไร้ญาติ,0.4,1.0,0.5714285714285715,0.8503449055347546,0.7,1.0,False,0.15147488127482753,2,1.120813452
w/o KL Penalty,BEDRIDDEN_010,complex,เคสติดเตียงไร้ญาติ,0.0,0.0,0.0,0.0,0.0,0.0,False,1.2225739561401285,5,5.754562138
w/o KL Penalty,REHAB_001,moderate,เคสขอทุนฝึกอาชีพและฟื้นฟูสมรรถภาพ,0.2,1.0,0.33333333333333337,1.0,1.0,1.0,False,0.27969482293738074,3,1.7597501519999998
w/o KL Penalty,REHAB_002,simple,เคสขอทุนฝึกอาชีพและฟื้นฟูสมรรถภาพ,0.2,1.0,0.33333333333333337,1.0,1.0,1.0,False,0.15211509240128335,2,1.224083808
w/o KL Penalty,REHAB_003,moderate,เคสขอทุนฝึกอาชีพและฟื้นฟูสมรรถภาพ,0.2,0.5,0.28571428571428575,0.6131471927654584,0.6666666666666666,1.0,False,0.47909802849256966,5,2.974559618
w/o KL Penalty,REHAB_004,simple,เคสขอทุนฝึกอาชีพและฟื้นฟูสมรรถภาพ,0.4,1.0,0.5714285714285715,0.8772153153380493,0.75,1.0,False,0.07367264555341559,2,0.64102643
w/o KL Penalty,REHAB_005,moderate,เคสขอทุนฝึกอาชีพและฟื้นฟูสมรรถภาพ,0.2,0.5,0.28571428571428575,0.6131471927654584,0.6666666666666666,1.0,False,0.09718256447275891,2,0.779514832
w/o KL Penalty,FINANCE_001,simple,เคสปัญหาด้านการเงิน,0.4,1.0,0.5714285714285715,0.944847956559586,0.75,1.0,False,0.1432873411012143,3,1.064769634
w/o KL Penalty,FINANCE_002,moderate,เคสปัญหาด้านการเงิน,0.0,0.0,0.0,0.0,0.07142857142857142,0.07142857142857142,False,0.11216536513346304,2,0.9795094000000001
w/o KL Penalty,FINANCE_003,moderate,เคสปัญหาด้านการเงิน,0.2,1.0,0.33333333333333337,1.0,1.0,1.0,False,0.5797556524415781,8,3.654605418
w/o KL Penalty,FINANCE_004,simple,เคสปัญหาด้านการเงิน,0.0,0.0,0.0,0.0,0.14285714285714285,0.14285714285714285,False,0.07386083705594669,2,0.643708484
w/o KL Penalty,FINANCE_005,moderate,เคสปัญหาด้านการเงิน,0.0,0.0,0.0,0.0,0.2216931216931217,0.14285714285714285,False,0.3181953360197648,4,2.0720606420000003
w/o KL Penalty,LOVE_001,simple,เคสปัญหาด้านความรัก,0.2,0.3333333333333333,0.25,0.2960819109658652,0.2888888888888889,0.5,False,0.1657915030012266,2,1.326996354
w/o KL Penalty,LOVE_002,moderate,เคสปัญหาด้านความรัก,0.6,0.75,0.6666666666666665,0.7903299296767691,0.8928571428571428,1.0,False,0.12452967840812927,2,0.9684116420000001
w/o KL Penalty,LOVE_003,moderate,เคสปัญหาด้านความรัก,0.0,0.0,0.0,0.0,0.0,0.0,False,0.43152201760248526,4,2.7729120959999998
w/o KL Penalty,LOVE_004,simple,เคสปัญหาด้านความรัก,0.0,0.0,0.0,0.0,0.0,0.0,False,0.029464459538472272,1,0.4374632
w/o KL Penalty,LOVE_005,moderate,เคสปัญหาด้านความรัก,0.0,0.0,0.0,0.0,0.0,0.0,False,0.40196802915502444,4,2.5998049439999997
w/o KL Penalty,FAMILY_001,moderate,เคสปัญหาครอบครัว,0.4,1.0,0.5714285714285715,1.0,1.0,1.0,False,0.7347501827335619,4,4.633425306
w/o KL Penalty,FAMILY_002,complex,เคสปัญหาครอบครัว,0.2,1.0,0.33333333333333337,1.0,1.0,1.0,False,0.32481850450787175,4,2.125536172
w/o KL Penalty,FAMILY_003,simple,เคสปัญหาครอบครัว,0.0,0.0,0.0,0.0,0.0,0.0,False,0.022626691868724666,1,0.36103998600000003
w/o KL Penalty,VIOLENCE_001,complex,เคสประสบปัญหาถูกกระทำความรุนแรง,0.4,1.0,0.5714285714285715,0.9197207891481876,0.8333333333333333,1.0,False,1.5502828465742848,5,7.82118794
w/o KL Penalty,VIOLENCE_002,moderate,เคสประสบปัญหาถูกกระทำความรุนแรง,0.2,1.0,0.33333333333333337,1.0,1.0,1.0,False,0.4043396439819684,4,2.50737674
w/o KL Penalty,VIOLENCE_003,moderate,เคสประสบปัญหาถูกกระทำความรุนแรง,0.4,0.6666666666666666,0.5,0.6713860725233041,0.5714285714285714,1.0,False,0.44672422111931825,3,2.556793696
w/o KL Penalty,VIOLENCE_004,simple,เคสประสบปัญหาถูกกระทำความรุนแรง,0.0,0.0,0.0,0.0,0.0,0.0,True,0.04782551850157313,0,0.030452145999999996
w/o KL Penalty,VIOLENCE_005,complex,เคสประสบปัญหาถูกกระทำความรุนแรง,0.8,0.8,0.8000000000000002,0.7364185288376675,0.8766666666666666,1.0,False,0.039689775297432124,1,0.5187446280000001
w/o KL Penalty,CHILD_001_PAR_01,moderate,เด็กและเยาวชน,0.0,0.0,0.0,0.0,0.08333333333333333,0.08333333333333333,False,0.09457184614738927,2,0.799089874
w/o KL Penalty,CHILD_002_PAR_01,complex,เด็กและเยาวชน,0.8,0.8,0.8000000000000002,0.5088013258915567,0.8509090909090908,1.0,False,0.4746245752062063,5,2.9474255900000004
w/o KL Penalty,CHILD_003_PAR_01,simple,เด็กและเยาวชน,0.0,0.0,0.0,0.0,0.0,0.0,False,0.09561816763410208,2,0.7763355399999999
w/o KL Penalty,CHILD_004_PAR_01,moderate,เด็กและเยาวชน,0.4,0.5,0.4444444444444445,0.35753408824606947,0.6659090909090909,1.0,False,0.23084957554315658,3,1.605540186
w/o KL Penalty,CHILD_005_PAR_01,complex,เด็กและเยาวชน,0.0,0.0,0.0,0.0,0.0,0.0,True,0.04987471005317376,0,0.029557706
w/o KL Penalty,ELDER_003_PAR_01,simple,ผู้สูงอายุ,0.0,0.0,0.0,0.0,0.0,0.0,False,0.08955410790378207,2,0.728302692
w/o KL Penalty,ELDER_004_PAR_01,complex,ผู้สูงอายุ,0.6,0.42857142857142855,0.5,0.6843515475204855,0.7408686551543695,1.0,False,2.190004512427092,10,10.790295084
w/o KL Penalty,ELDER_007_PAR_01,simple,ผู้สูงอายุ,0.0,0.0,0.0,0.0,0.0,0.0,True,0.05026799668215699,0,0.031161605999999998
w/o KL Penalty,ELDER_008_PAR_01,complex,ผู้สูงอายุ,0.4,0.5,0.4444444444444445,0.4232448892278954,0.42658730158730157,0.3333333333333333,False,1.2587332622986878,6,7.104418353999999
w/o KL Penalty,ELDER_010_PAR_01,complex,ผู้สูงอายุ,0.2,1.0,0.33333333333333337,1.0,1.0,1.0,False,0.3938373739424853,3,2.522290176
w/o KL Penalty,DISABLED_001_PAR_01,simple,คนพิการ,0.0,0.0,0.0,0.0,0.0,0.0,False,0.12119784667496543,2,0.9660692040000001
w/o KL Penalty,DISABLED_002_PAR_01,moderate,คนพิการ,0.2,1.0,0.33333333333333337,1.0,1.0,1.0,False,0.09139616649247244,2,0.75464954
w/o KL Penalty,DISABLED_003_PAR_01,complex,คนพิการ,0.2,0.5,0.28571428571428575,0.6131471927654584,0.5769230769230769,1.0,False,0.030164493442321423,1,0.387860174
w/o KL Penalty,DISABLED_004_PAR_01,moderate,คนพิการ,0.0,0.0,0.0,0.0,0.12692307692307692,0.1,False,0.13043652887174378,2,1.0109627319999999
w/o KL Penalty,DISABLED_005_PAR_01,simple,คนพิการ,0.2,1.0,0.33333333333333337,1.0,1.0,1.0,False,0.2509443930047888,3,1.7131816579999999
w/o KL Penalty,DISABLED_006_PAR_01,moderate,คนพิการ,0.4,0.6666666666666666,0.5,0.819876640193745,0.5499999999999999,1.0,False,0.8201810756607111,4,4.559306820000001
w/o KL Penalty,DISABLED_007_PAR_01,complex,คนพิการ,0.8,0.8,0.8000000000000002,0.9129675424759451,0.8314285714285713,1.0,False,0.6202571964275493,8,3.8023526199999997
w/o KL Penalty,DISABLED_008_PAR_01,moderate,คนพิการ,0.0,0.0,0.0,0.0,0.0,0.0,False,0.04738379369191301,1,0.51534647
w/o KL Penalty,DISABLED_009_PAR_01,simple,คนพิการ,0.0,0.0,0.0,0.0,0.0,0.0,False,0.1426311830486789,2,1.1640366320000002
w/o KL Penalty,DISABLED_010_PAR_01,moderate,คนพิการ,0.2,1.0,0.33333333333333337,1.0,1.0,1.0,False,0.44986902756340474,4,2.5476668460000003
w/o KL Penalty,HOMELESS_002_PAR_01,complex,คนเร่ร่อน/ไร้ที่อยู่,0.2,1.0,0.33333333333333337,0.43067655807339306,0.25,0.25,False,0.13096260225581532,2,0.9846786020000001
w/o KL Penalty,MENTAL_001_PAR_01,moderate,ผู้ประสบปัญหาสุขภาพจิตและจิตเวช,0.4,0.5,0.4444444444444445,0.6097426926720908,0.5682539682539682,1.0,False,0.7751960467310129,4,4.923779366
w/o KL Penalty,MENTAL_003_PAR_01,simple,ผู้ประสบปัญหาสุขภาพจิตและจิตเวช,0.0,0.0,0.0,0.0,0.0,0.0,False,0.03684771818335382,1,0.46159151200000004
w/o KL Penalty,MENTAL_008_PAR_01,moderate,ผู้ประสบปัญหาสุขภาพจิตและจิตเวช,0.0,0.0,0.0,0.0,0.0,0.0,False,0.7350436696913742,7,4.499153762
w/o KL Penalty,MENTAL_010_PAR_01,moderate,ผู้ประสบปัญหาสุขภาพจิตและจิตเวช,0.2,1.0,0.33333333333333337,1.0,1.0,1.0,False,0.32616847401963656,4,2.098887638
w/o KL Penalty,SUBSTANCE_002_PAR_01,complex,ผู้ประสบปัญหายาเสพติด,0.2,1.0,0.33333333333333337,1.0,1.0,1.0,False,1.237971184403488,7,7.160363401999999
w/o KL Penalty,SUBSTANCE_003_PAR_01,simple,ผู้ประสบปัญหายาเสพติด,0.0,0.0,0.0,0.0,0.0,0.0,False,0.037393666302104236,1,0.4452321680000001
w/o KL Penalty,NCD_001_PAR_01,simple,ผู้ป่วยโรคเรื้อรังไม่ติดต่อ (NCD),0.0,0.0,0.0,0.0,0.0,0.0,False,0.030963863275749702,1,0.456543062
w/o KL Penalty,NCD_009_PAR_01,simple,ผู้ป่วยโรคเรื้อรังไม่ติดต่อ (NCD),0.0,0.0,0.0,0.0,0.0,0.0,False,0.03550047677760059,1,0.421402926
w/o KL Penalty,NCD_010_PAR_01,moderate,ผู้ป่วยโรคเรื้อรังไม่ติดต่อ (NCD),0.2,1.0,0.33333333333333337,1.0,1.0,1.0,False,0.8555252946111088,5,5.032017798
w/o KL Penalty,HIV_TB_005_PAR_01,complex,ผู้ป่วยเอดส์และวัณโรค,0.2,1.0,0.33333333333333337,0.6309297535714575,0.5,0.5,False,1.0601689184822571,5,6.590211818
w/o KL Penalty,BEDRIDDEN_006_PAR_01,simple,เคสติดเตียงไร้ญาติ,0.0,0.0,0.0,0.0,0.0,0.0,False,0.02931701241019425,1,0.4635693819999999
w/o KL Penalty,BEDRIDDEN_010_PAR_01,complex,เคสติดเตียงไร้ญาติ,0.0,0.0,0.0,0.0,0.0,0.0,False,0.23916280964352266,2,1.627031702
w/o KL Penalty,REHAB_001_PAR_01,moderate,เคสขอทุนฝึกอาชีพและฟื้นฟูสมรรถภาพ,0.2,1.0,0.33333333333333337,1.0,1.0,1.0,False,0.2705308997742747,3,1.7208709739999999
w/o KL Penalty,REHAB_003_PAR_01,moderate,เคสขอทุนฝึกอาชีพและฟื้นฟูสมรรถภาพ,0.2,0.5,0.28571428571428575,0.6131471927654584,0.6428571428571428,1.0,False,0.27504801348976193,4,1.7650701940000002
w/o KL Penalty,REHAB_004_PAR_01,simple,เคสขอทุนฝึกอาชีพและฟื้นฟูสมรรถภาพ,0.4,1.0,0.5714285714285715,0.8772153153380493,0.75,1.0,False,0.07303740240780697,2,0.6370577239999999
w/o KL Penalty,REHAB_005_PAR_01,moderate,เคสขอทุนฝึกอาชีพและฟื้นฟูสมรรถภาพ,0.2,0.5,0.28571428571428575,0.6131471927654584,0.6666666666666666,1.0,False,0.025446888689595482,1,0.357326856
w/o KL Penalty,FINANCE_001_PAR_01,simple,เคสปัญหาด้านการเงิน,0.4,1.0,0.5714285714285715,0.944847956559586,0.75,1.0,False,0.14485667150304954,3,1.0750568919999999
w/o KL Penalty,FINANCE_002_PAR_01,moderate,เคสปัญหาด้านการเงิน,0.0,0.0,0.0,0.0,0.0,0.0,False,0.0904888101747412,2,0.7968691160000001
w/o KL Penalty,FINANCE_003_PAR_01,moderate,เคสปัญหาด้านการเงิน,0.2,1.0,0.33333333333333337,1.0,1.0,1.0,False,0.28182989497913,4,1.850782214
w/o KL Penalty,LOVE_005_PAR_01,moderate,เคสปัญหาด้านความรัก,0.0,0.0,0.0,0.0,0.0,0.0,False,0.33834207921820253,4,2.235911002
w/o KL Penalty,FAMILY_001_PAR_01,moderate,เคสปัญหาครอบครัว,0.4,1.0,0.5714285714285715,1.0,1.0,1.0,False,0.7372771017500822,4,4.849518595999999
w/o KL Penalty,FAMILY_002_PAR_01,complex,เคสปัญหาครอบครัว,0.2,1.0,0.33333333333333337,1.0,1.0,1.0,False,0.32193112186027195,4,2.1122698499999997
w/o KL Penalty,FAMILY_003_PAR_01,simple,เคสปัญหาครอบครัว,0.0,0.0,0.0,0.0,0.0,0.0,True,0.05207978754088103,0,0.030429259999999996
w/o KL Penalty,CHILD_003_ESC_01,complex,เด็กและเยาวชน,0.0,0.0,0.0,0.0,0.0,0.0,False,0.09575402586299225,2,0.7770761760000001
w/o KL Penalty,ELDER_001_ESC_01,complex,ผู้สูงอายุ,0.0,0.0,0.0,0.0,0.0,0.0,False,0.038376465385820895,1,0.447693886
w/o KL Penalty,ELDER_003_ESC_01,complex,ผู้สูงอายุ,0.0,0.0,0.0,0.0,0.0,0.0,False,0.11617845071019389,2,0.9269377719999999
w/o KL Penalty,ELDER_007_ESC_01,complex,ผู้สูงอายุ,0.0,0.0,0.0,0.0,0.0,0.0,True,0.04855508994038489,0,0.030732341999999996
w/o KL Penalty,DISABLED_001_ESC_01,complex,คนพิการ,0.0,0.0,0.0,0.0,0.0,0.0,False,0.1160017988739016,2,0.9273975580000002
w/o KL Penalty,DISABLED_005_ESC_01,complex,คนพิการ,0.2,1.0,0.33333333333333337,1.0,1.0,1.0,False,0.3337332654669646,3,2.114015182
w/o KL Penalty,DISABLED_009_ESC_01,complex,คนพิการ,0.0,0.0,0.0,0.0,0.0,0.0,False,0.12080519337982874,2,0.9697154300000002
w/o KL Penalty,HOMELESS_003_ESC_01,complex,คนเร่ร่อน/ไร้ที่อยู่,0.4,0.6666666666666666,0.5,0.7653606369886217,0.7916666666666666,1.0,False,0.2735783554196662,4,1.8120677280000002
w/o KL Penalty,MENTAL_003_ESC_01,complex,ผู้ประสบปัญหาสุขภาพจิตและจิตเวช,0.0,0.0,0.0,0.0,0.0,0.0,False,0.03314292549652516,1,0.41580808
w/o KL Penalty,MENTAL_007_ESC_01,complex,ผู้ประสบปัญหาสุขภาพจิตและจิตเวช,0.0,0.0,0.0,0.0,0.0,0.0,False,0.04274809620723799,1,0.5171592620000001
w/o KL Penalty,CHILD_002_SIM_01,simple,เด็กและเยาวชน,0.0,0.0,0.0,0.0,0.0,0.0,True,0.04711087332017431,0,0.031068912000000004
w/o KL Penalty,CHILD_005_SIM_01,simple,เด็กและเยาวชน,0.0,0.0,0.0,0.0,0.0,0.0,True,0.0486809954421236,0,0.029614604
w/o KL Penalty,ELDER_004_SIM_01,simple,ผู้สูงอายุ,0.2,0.3333333333333333,0.25,0.23463936301137822,0.27136752136752135,0.3333333333333333,True,0.04519348541341765,0,0.030176364
w/o KL Penalty,ELDER_008_SIM_01,simple,ผู้สูงอายุ,0.0,0.0,0.0,0.0,0.0,0.0,True,0.07673846767048036,0,0.03013534
w/o KL Penalty,ELDER_010_SIM_01,simple,ผู้สูงอายุ,0.2,1.0,0.33333333333333337,0.5,0.3333333333333333,0.3333333333333333,True,0.08603515894309889,0,0.03113127
w/o KL Penalty,DISABLED_003_SIM_01,simple,คนพิการ,0.0,0.0,0.0,0.0,0.0,0.0,True,0.04455674549540396,0,0.030547407999999998
w/o KL Penalty,DISABLED_007_SIM_01,simple,คนพิการ,0.2,0.5,0.28571428571428575,0.38685280723454163,0.39285714285714285,0.5,True,0.04720857893949622,0,0.030820122
w/o KL Penalty,HOMELESS_002_SIM_01,simple,คนเร่ร่อน/ไร้ที่อยู่,0.0,0.0,0.0,0.0,0.0,0.0,True,0.036642581242552964,0,0.030239815999999996
w/o KL Penalty,HOMELESS_005_SIM_01,simple,คนเร่ร่อน/ไร้ที่อยู่,0.0,0.0,0.0,0.0,0.0,0.0,True,0.03973980717523305,0,0.031339352
w/o KL Penalty,MENTAL_002_SIM_01,simple,ผู้ประสบปัญหาสุขภาพจิตและจิตเวช,0.0,0.0,0.0,0.0,0.0,0.0,True,0.07357744217470936,0,0.030789564
w/o KL Penalty,ADV_001,moderate,adversarial_l2_test,0.0,0.0,0.0,0.0,0.0,0.0,False,0.005885236822903713,1,0.087627708
w/o KL Penalty,ADV_002,moderate,adversarial_l2_test,0.0,0.0,0.0,0.0,0.0,0.0,False,0.00045571066092066874,2,0.0021878059999999996
w/o KL Penalty,ADV_003,moderate,adversarial_l2_test,0.0,0.0,0.0,0.0,0.0,0.0,False,0.0019962397349791217,1,0.027393906000000003
w/o KL Penalty,ADV_004,moderate,adversarial_l2_test,0.0,0.0,0.0,0.0,0.0,0.0,False,0.005349865679153462,1,0.08554935
w/o KL Penalty,ADV_005,moderate,adversarial_l2_test,0.0,0.0,0.0,0.0,0.06666666666666667,0.06666666666666667,False,0.004202145786898137,1,0.050191922
w/o KL Penalty,NEG_SH_POS,moderate,ผู้ประสบปัญหาสุขภาพจิตและจิตเวช,0.4,0.5,0.4444444444444445,0.6366824387328317,0.7678571428571428,1.0,False,0.08165110818156747,1,0.78837471
w/o KL Penalty,NEG_SH_NEG,moderate,ผู้ประสบปัญหาสุขภาพจิตและจิตเวช,0.0,0.0,0.0,0.0,0.0,0.0,False,0.0032892363168692974,1,0.069489138
w/o KL Penalty,NEG_SM_POS,simple,เคสปัญหาด้านการเงิน,0.6,0.75,0.6666666666666665,0.75369761125927,0.6810897435897436,1.0,False,0.057908541821463766,2,0.3919457860000001
w/o KL Penalty,NEG_SM_NEG,simple,เคสปัญหาด้านการเงิน,0.0,0.0,0.0,0.0,0.0,0.0,False,0.02345988005971209,2,0.156642006
w/o KL Penalty,NEG_SL_POS,simple,ผู้ป่วยโรคเรื้อรังไม่ติดต่อ (NCD),0.0,0.0,0.0,0.0,0.0,0.0,False,0.0038923234736270994,2,0.018880098
w/o KL Penalty,NEG_SL_NEG,simple,ผู้ป่วยโรคเรื้อรังไม่ติดต่อ (NCD),0.0,0.0,0.0,0.0,0.0,0.0,False,0.001331489543502056,1,0.008537471999999999
w/o KL Penalty,NEG_MH_POS,complex,เคสประสบปัญหาถูกกระทำความรุนแรง,0.4,0.4,0.4000000000000001,0.5052077707304854,0.6055555555555554,1.0,False,0.494071297925805,3,3.279826164
w/o KL Penalty,NEG_MH_NEG,complex,เคสประสบปัญหาถูกกระทำความรุนแรง,0.0,0.0,0.0,0.0,0.0,0.0,False,0.2662410463609334,4,1.7117348140000002
w/o KL Penalty,NEG_MM_POS,moderate,เคสปัญหาครอบครัว,0.0,0.0,0.0,0.0,0.0,0.0,False,0.16512652753405885,5,0.898126242
w/o KL Penalty,NEG_MM_NEG,moderate,เคสปัญหาครอบครัว,0.0,0.0,0.0,0.0,0.0,0.0,False,0.19013540261604026,6,1.1031539540000002
w/o KL Penalty,NEG_ML_POS,simple,ผู้สูงอายุ,0.0,0.0,0.0,0.0,0.0,0.0,False,0.03494613195555377,3,0.21450268799999997
w/o KL Penalty,NEG_ML_NEG,simple,ผู้สูงอายุ,0.0,0.0,0.0,0.0,0.0,0.0,False,0.1080627200496948,4,0.686323192
w/o KL Penalty,NEG_LH_POS,complex,เคสประสบปัญหาถูกกระทำความรุนแรง,0.6,0.75,0.6666666666666665,0.8318724637288826,0.8928571428571428,1.0,False,1.475784605859174,5,7.617124163999999
w/o KL Penalty,NEG_LH_NEG,complex,เคสประสบปัญหาถูกกระทำความรุนแรง,0.0,0.0,0.0,0.0,0.0,0.0,False,0.038730713210964086,3,0.23076724199999998
w/o KL Penalty,NEG_LM_POS,complex,เคสปัญหาครอบครัว,0.0,0.0,0.0,0.0,0.18560606060606064,0.125,False,0.5487957855983492,6,3.235082206
w/o KL Penalty,NEG_LM_NEG,complex,เคสปัญหาครอบครัว,0.0,0.0,0.0,0.0,0.0,0.0,True,0.020093820593210892,0,0.030973406
w/o KL Penalty,NEG_LL_POS,simple,ผู้สูงอายุ,0.0,0.0,0.0,0.0,0.0,0.0,False,0.8848897616999398,4,4.29569852
w/o KL Penalty,NEG_LL_NEG,simple,ผู้สูงอายุ,0.0,0.0,0.0,0.0,0.0,0.0,False,0.5941130036367591,5,2.843706542
w/o KL Penalty,NEG_SH_POS_V2,moderate,ผู้ประสบปัญหาสุขภาพจิตและจิตเวช,0.6,0.75,0.6666666666666665,0.8318724637288826,0.875,1.0,False,0.06643417141943618,1,0.733879282
w/o KL Penalty,NEG_SH_NEG_V2,moderate,ผู้ประสบปัญหาสุขภาพจิตและจิตเวช,0.0,0.0,0.0,0.0,0.0,0.0,False,0.0027492191496688674,1,0.089840458
w/o KL Penalty,NEG_SM_POS_V2,simple,เคสปัญหาครอบครัว,0.0,0.0,0.0,0.0,0.0,0.0,False,0.014996221416364279,2,0.12527375199999996
w/o KL Penalty,NEG_SM_NEG_V2,simple,เคสปัญหาครอบครัว,0.0,0.0,0.0,0.0,0.0,0.0,False,0.00456363852153947,3,0.024940603999999998
w/o KL Penalty,NEG_SL_POS_V2,simple,ผู้สูงอายุ,0.0,0.0,0.0,0.0,0.0,0.0,True,0.019038220651160752,0,0.030304622000000003
w/o KL Penalty,NEG_SL_NEG_V2,simple,ผู้สูงอายุ,0.0,0.0,0.0,0.0,0.0,0.0,True,0.014603990860919963,0,0.030000359999999997
w/o KL Penalty,NEG_MH_POS_V2,complex,เด็กและสตรี,0.0,0.0,0.0,0.0,0.0,0.0,False,0.1180779515027135,3,0.8504429439999999
w/o KL Penalty,NEG_MH_NEG_V2,complex,เด็กและสตรี,0.0,0.0,0.0,0.0,0.0,0.0,False,0.08248821832348682,4,0.520633116
w/o KL Penalty,NEG_MM_POS_V2,moderate,ปัญหาครอบครัว,0.0,0.0,0.0,0.0,0.0,0.0,False,0.032134657364602526,4,0.184510912
w/o KL Penalty,NEG_MM_NEG_V2,moderate,ปัญหาครอบครัว,0.0,0.0,0.0,0.0,0.0,0.0,False,0.0017462934439720836,2,0.009077828000000001
w/o KL Penalty,NEG_ML_POS_V2,simple,ผู้สูงอายุ,0.0,0.0,0.0,0.0,0.0,0.0,False,0.019974890585763114,2,0.16170861799999997
w/o KL Penalty,NEG_ML_NEG_V2,simple,ผู้สูงอายุ,0.0,0.0,0.0,0.0,0.0,0.0,False,0.0007067596333092519,1,0.007672625999999999
w/o KL Penalty,NEG_LH_POS_V2,complex,รุนแรง/วัยรุ่น,0.0,0.0,0.0,0.0,0.06666666666666667,0.06666666666666667,False,0.12507379559072054,6,0.6895719600000001
w/o KL Penalty,NEG_LH_NEG_V2,complex,รุนแรง/วัยรุ่น,0.0,0.0,0.0,0.0,0.0,0.0,False,0.05023645053722437,7,0.26479234199999996
w/o KL Penalty,NEG_LM_POS_V2,complex,ครอบครัว/หนี้สิน,0.2,0.5,0.28571428571428575,0.6131471927654584,0.5714285714285714,1.0,False,0.0931404675612846,5,0.5984320519999999
w/o KL Penalty,NEG_LM_NEG_V2,complex,ครอบครัว/หนี้สิน,0.0,0.0,0.0,0.0,0.0,0.0,False,0.009459784792748437,3,0.06658153
w/o KL Penalty,NEG_LL_POS_V2,simple,ผู้สูงอายุ,0.0,0.0,0.0,0.0,0.0,0.0,False,0.0006367799327033854,1,0.007759649999999998
w/o KL Penalty,NEG_LL_NEG_V2,simple,ผู้สูงอายุ,0.0,0.0,0.0,0.0,0.0,0.0,False,0.00022421700299893367,1,0.0033521939999999993
w/o Negation Gate,CHILD_001,moderate,เด็กและเยาวชน,0.0,0.0,0.0,0.0,0.0,0.0,False,0.07099015301592886,2,0.6491197120000001
w/o Negation Gate,CHILD_002,complex,เด็กและเยาวชน,0.8,0.8,0.8000000000000002,0.5088013258915567,0.9028571428571428,1.0,False,0.3299356053222174,5,2.074161356
w/o Negation Gate,CHILD_003,simple,เด็กและเยาวชน,0.0,0.0,0.0,0.0,0.0,0.0,False,0.07281354313877969,2,0.64031389
w/o Negation Gate,CHILD_004,moderate,เด็กและเยาวชน,0.4,0.5,0.4444444444444445,0.35753408824606947,0.6519230769230768,1.0,False,0.16574579278864052,3,1.2161811859999998
w/o Negation Gate,CHILD_005,complex,เด็กและเยาวชน,0.0,0.0,0.0,0.0,0.0,0.0,True,0.04989887136298358,0,0.029469802
w/o Negation Gate,ELDER_001,simple,ผู้สูงอายุ,0.0,0.0,0.0,0.0,0.0,0.0,True,0.032205698085547865,1,0.41870147399999996
w/o Negation Gate,ELDER_002,moderate,ผู้สูงอายุ,0.0,0.0,0.0,0.0,0.0,0.0,False,3.0699778115745042,7,12.479694462000001
w/o Negation Gate,ELDER_003,simple,ผู้สูงอายุ,0.0,0.0,0.0,0.0,0.0,0.0,False,0.06741356893862681,2,0.6016429459999999
w/o Negation Gate,ELDER_004,complex,ผู้สูงอายุ,0.6,0.375,0.4615384615384615,0.6843515475204855,0.705384199134199,1.0,False,2.2026263739183616,10,10.668373407999999
w/o Negation Gate,ELDER_005,moderate,ผู้สูงอายุ,0.0,0.0,0.0,0.0,0.0,0.0,False,0.11821496009713477,2,0.9133153059999998
w/o Negation Gate,ELDER_006,moderate,ผู้สูงอายุ,0.2,1.0,0.33333333333333337,1.0,1.0,1.0,False,0.5690977184155853,5,3.3042040299999997
w/o Negation Gate,ELDER_007,simple,ผู้สูงอายุ,0.0,0.0,0.0,0.0,0.0,0.0,True,0.05053300915366159,0,0.031301532
w/o Negation Gate,ELDER_008,complex,ผู้สูงอายุ,0.4,0.5,0.4444444444444445,0.4232448892278954,0.42658730158730157,0.3333333333333333,False,0.8701444266988798,6,4.824416272
w/o Negation Gate,ELDER_009,moderate,ผู้สูงอายุ,0.2,1.0,0.33333333333333337,0.6309297535714575,0.5,0.5,False,0.34156595709835086,4,1.971698558
w/o Negation Gate,ELDER_010,complex,ผู้สูงอายุ,0.2,1.0,0.33333333333333337,1.0,1.0,1.0,False,0.2891998164916165,3,1.9645544139999997
w/o Negation Gate,DISABLED_001,simple,คนพิการ,0.0,0.0,0.0,0.0,0.0,0.0,False,0.0870766771724385,2,0.7541347359999999
w/o Negation Gate,DISABLED_002,moderate,คนพิการ,0.2,1.0,0.33333333333333337,1.0,1.0,1.0,False,0.07113427757156819,2,0.63403232
w/o Negation Gate,DISABLED_003,complex,คนพิการ,0.2,0.5,0.28571428571428575,0.6131471927654584,0.5833333333333334,1.0,False,0.025981284060381294,1,0.374577144
w/o Negation Gate,DISABLED_004,moderate,คนพิการ,0.0,0.0,0.0,0.0,0.1,0.1,False,0.17264255012981228,3,1.2454648819999998
w/o Negation Gate,DISABLED_005,simple,คนพิการ,0.2,1.0,0.33333333333333337,1.0,1.0,1.0,False,0.17656697481846084,3,1.2819386720000001
w/o Negation Gate,DISABLED_006,moderate,คนพิการ,0.4,1.0,0.5714285714285715,0.944847956559586,0.75,1.0,False,0.47192299598875687,4,2.8539209380000004
w/o Negation Gate,DISABLED_007,complex,คนพิการ,0.8,0.5714285714285714,0.6666666666666666,0.8989584458539029,0.7204295704295703,1.0,False,0.6474887086939188,8,3.9412145880000002
w/o Negation Gate,DISABLED_008,moderate,คนพิการ,0.0,0.0,0.0,0.0,0.0,0.0,False,0.38947881938429496,3,2.080363344
w/o Negation Gate,DISABLED_009,simple,คนพิการ,0.0,0.0,0.0,0.0,0.0,0.0,False,0.10806223258710713,2,0.9407951760000002
w/o Negation Gate,DISABLED_010,moderate,คนพิการ,0.2,1.0,0.33333333333333337,1.0,1.0,1.0,False,0.4402504332764202,4,2.287639568
w/o Negation Gate,HOMELESS_001,moderate,คนเร่ร่อน/ไร้ที่อยู่,0.2,1.0,0.33333333333333337,1.0,1.0,1.0,False,0.2260221387509133,4,1.4761575099999997
w/o Negation Gate,HOMELESS_002,complex,คนเร่ร่อน/ไร้ที่อยู่,0.2,1.0,0.33333333333333337,0.6309297535714575,0.5,0.5,False,0.09674159752220965,2,0.8045204479999999
w/o Negation Gate,HOMELESS_003,simple,คนเร่ร่อน/ไร้ที่อยู่,0.2,1.0,0.33333333333333337,0.6309297535714575,0.5,0.5,False,0.18487360618553753,4,1.293449306
w/o Negation Gate,HOMELESS_004,moderate,คนเร่ร่อน/ไร้ที่อยู่,0.2,1.0,0.33333333333333337,1.0,1.0,1.0,False,0.07869415069225306,2,0.673866892
w/o Negation Gate,HOMELESS_005,complex,คนเร่ร่อน/ไร้ที่อยู่,0.0,0.0,0.0,0.0,0.0,0.0,False,0.3379933368697538,4,2.15445984
w/o Negation Gate,MENTAL_001,moderate,ผู้ประสบปัญหาสุขภาพจิตและจิตเวช,0.4,0.5,0.4444444444444445,0.6097426926720908,0.54375,1.0,False,0.4765896681073011,4,3.158301656
w/o Negation Gate,MENTAL_002,complex,ผู้ประสบปัญหาสุขภาพจิตและจิตเวช,0.0,0.0,0.0,0.0,0.0,0.0,False,0.08147921046867314,2,0.69246013
w/o Negation Gate,MENTAL_003,simple,ผู้ประสบปัญหาสุขภาพจิตและจิตเวช,0.0,0.0,0.0,0.0,0.0,0.0,False,0.02901491431440402,1,0.408717546
w/o Negation Gate,MENTAL_004,moderate,ผู้ประสบปัญหาสุขภาพจิตและจิตเวช,0.0,0.0,0.0,0.0,0.0,0.0,False,0.3138460798401193,4,1.6761312099999999
w/o Negation Gate,MENTAL_005,moderate,ผู้ประสบปัญหาสุขภาพจิตและจิตเวช,0.0,0.0,0.0,0.0,0.0,0.0,True,0.05276407562806382,0,0.030886392000000002
w/o Negation Gate,MENTAL_006,complex,ผู้ประสบปัญหาสุขภาพจิตและจิตเวช,0.0,0.0,0.0,0.0,0.1111111111111111,0.1111111111111111,False,0.03320016205565203,1,0.43050236999999997
w/o Negation Gate,MENTAL_007,simple,ผู้ประสบปัญหาสุขภาพจิตและจิตเวช,0.0,0.0,0.0,0.0,0.0,0.0,False,0.03825930506673339,1,0.51106572
w/o Negation Gate,MENTAL_008,moderate,ผู้ประสบปัญหาสุขภาพจิตและจิตเวช,0.0,0.0,0.0,0.0,0.0,0.0,False,0.5903172010866767,6,3.717523474
w/o Negation Gate,MENTAL_009,complex,ผู้ประสบปัญหาสุขภาพจิตและจิตเวช,0.0,0.0,0.0,0.0,0.0,0.0,True,0.04747362844334628,0,0.031235451999999997
w/o Negation Gate,MENTAL_010,moderate,ผู้ประสบปัญหาสุขภาพจิตและจิตเวช,0.2,1.0,0.33333333333333337,1.0,1.0,1.0,False,0.25043160562711575,4,1.626818462
w/o Negation Gate,SUBSTANCE_001,moderate,ผู้ประสบปัญหายาเสพติด,0.0,0.0,0.0,0.0,0.06666666666666667,0.06666666666666667,False,0.42118101819483494,4,2.592788048
w/o Negation Gate,SUBSTANCE_002,complex,ผู้ประสบปัญหายาเสพติด,0.2,1.0,0.33333333333333337,1.0,1.0,1.0,False,1.1723911681721637,7,6.8898569179999996
w/o Negation Gate,SUBSTANCE_003,simple,ผู้ประสบปัญหายาเสพติด,0.0,0.0,0.0,0.0,0.0,0.0,False,0.03148131693282325,1,0.41229283599999994
w/o Negation Gate,SUBSTANCE_005,moderate,ผู้ประสบปัญหายาเสพติด,0.0,0.0,0.0,0.0,0.0,0.0,False,0.17180148783026053,3,1.2075304499999997
w/o Negation Gate,NCD_001,simple,ผู้ป่วยโรคเรื้อรังไม่ติดต่อ (NCD),0.0,0.0,0.0,0.0,0.0,0.0,False,0.023857414795964958,1,0.41113248799999996
w/o Negation Gate,NCD_002,moderate,ผู้ป่วยโรคเรื้อรังไม่ติดต่อ (NCD),0.0,0.0,0.0,0.0,0.1111111111111111,0.1111111111111111,False,0.04188350804615866,1,0.666456546
w/o Negation Gate,NCD_003,moderate,ผู้ป่วยโรคเรื้อรังไม่ติดต่อ (NCD),0.4,0.6666666666666666,0.5,0.6508205185601091,0.5435897435897435,1.0,True,0.9143407666599123,5,4.597792461999999
w/o Negation Gate,NCD_004,complex,ผู้ป่วยโรคเรื้อรังไม่ติดต่อ (NCD),0.0,0.0,0.0,0.0,0.16666666666666666,0.16666666666666666,False,0.9412336271092587,4,4.934862138
w/o Negation Gate,NCD_005,simple,ผู้ป่วยโรคเรื้อรังไม่ติดต่อ (NCD),0.0,0.0,0.0,0.0,0.0,0.0,True,0.03143132304019638,1,0.39927956
w/o Negation Gate,NCD_006,moderate,ผู้ป่วยโรคเรื้อรังไม่ติดต่อ (NCD),0.0,0.0,0.0,0.0,0.0,0.0,False,0.01567514458152105,1,0.30397217
w/o Negation Gate,NCD_007,moderate,ผู้ป่วยโรคเรื้อรังไม่ติดต่อ (NCD),0.2,1.0,0.33333333333333337,1.0,1.0,1.0,False,0.46499843897374754,4,2.5196928620000003
w/o Negation Gate,NCD_008,complex,ผู้ป่วยโรคเรื้อรังไม่ติดต่อ (NCD),0.0,0.0,0.0,0.0,0.0,0.0,False,0.2219845976141361,2,1.6715887220000003
w/o Negation Gate,NCD_009,simple,ผู้ป่วยโรคเรื้อรังไม่ติดต่อ (NCD),0.0,0.0,0.0,0.0,0.0,0.0,False,0.029429602358446737,1,0.385999
w/o Negation Gate,NCD_010,moderate,ผู้ป่วยโรคเรื้อรังไม่ติดต่อ (NCD),0.2,1.0,0.33333333333333337,1.0,1.0,1.0,False,0.39436639785040933,4,2.45133581
w/o Negation Gate,HIV_TB_001,moderate,ผู้ป่วยเอดส์และวัณโรค,0.4,1.0,0.5714285714285715,1.0,1.0,1.0,False,0.32032706013565865,3,2.169674414
w/o Negation Gate,HIV_TB_002,complex,ผู้ป่วยเอดส์และวัณโรค,0.2,1.0,0.33333333333333337,1.0,1.0,1.0,False,0.438945164370085,3,2.413825004
w/o Negation Gate,HIV_TB_003,simple,ผู้ป่วยเอดส์และวัณโรค,0.0,0.0,0.0,0.0,0.0,0.0,False,0.03574292115307127,1,0.47739895999999993
w/o Negation Gate,HIV_TB_004,moderate,ผู้ป่วยเอดส์และวัณโรค,0.0,0.0,0.0,0.0,0.0,0.0,False,0.08592909745010986,2,0.71914494
w/o Negation Gate,HIV_TB_005,complex,ผู้ป่วยเอดส์และวัณโรค,0.2,1.0,0.33333333333333337,0.6309297535714575,0.5,0.5,False,1.2947683196590085,6,7.915791636
w/o Negation Gate,BEDRIDDEN_001,complex,เคสติดเตียงไร้ญาติ,0.4,0.3333333333333333,0.3636363636363636,0.5531464700081437,0.7271825396825397,1.0,False,0.9947155348173852,5,4.936169798
w/o Negation Gate,BEDRIDDEN_002,moderate,เคสติดเตียงไร้ญาติ,0.2,1.0,0.33333333333333337,1.0,1.0,1.0,False,0.591309400864672,3,3.3335195659999997
w/o Negation Gate,BEDRIDDEN_003,moderate,เคสติดเตียงไร้ญาติ,0.2,1.0,0.33333333333333337,1.0,1.0,1.0,False,0.15515392966656394,3,1.10142929
w/o Negation Gate,BEDRIDDEN_004,complex,เคสติดเตียงไร้ญาติ,0.2,1.0,0.33333333333333337,1.0,1.0,1.0,False,1.158718680429648,4,5.0255632
w/o Negation Gate,BEDRIDDEN_005,moderate,เคสติดเตียงไร้ญาติ,0.2,1.0,0.33333333333333337,1.0,1.0,1.0,False,0.4344005497288431,4,2.3163863279999997
w/o Negation Gate,BEDRIDDEN_006,simple,เคสติดเตียงไร้ญาติ,0.0,0.0,0.0,0.0,0.0,0.0,False,0.08301771596876041,2,0.7522317040000001
w/o Negation Gate,BEDRIDDEN_007,complex,เคสติดเตียงไร้ญาติ,0.2,1.0,0.33333333333333337,1.0,1.0,1.0,False,1.8730643365357202,6,9.408853513999999
w/o Negation Gate,BEDRIDDEN_008,moderate,เคสติดเตียงไร้ญาติ,0.0,0.0,0.0,0.0,0.0,0.0,False,0.4779273524506326,3,2.7736990219999997
w/o Negation Gate,BEDRIDDEN_009,moderate,เคสติดเตียงไร้ญาติ,0.4,1.0,0.5714285714285715,0.8503449055347546,0.7,1.0,False,0.11939991174545238,2,0.956364364
w/o Negation Gate,BEDRIDDEN_010,complex,เคสติดเตียงไร้ญาติ,0.0,0.0,0.0,0.0,0.0,0.0,False,0.8522611714359531,5,4.15521025
w/o Negation Gate,REHAB_001,moderate,เคสขอทุนฝึกอาชีพและฟื้นฟูสมรรถภาพ,0.2,1.0,0.33333333333333337,1.0,1.0,1.0,False,0.20260294482557395,3,1.3518512800000002
w/o Negation Gate,REHAB_002,simple,เคสขอทุนฝึกอาชีพและฟื้นฟูสมรรถภาพ,0.2,1.0,0.33333333333333337,1.0,1.0,1.0,False,0.11567574801814871,2,1.0101793120000002
w/o Negation Gate,REHAB_003,moderate,เคสขอทุนฝึกอาชีพและฟื้นฟูสมรรถภาพ,0.2,0.5,0.28571428571428575,0.6131471927654584,0.6666666666666666,1.0,False,0.3345621012718153,5,2.14275946
w/o Negation Gate,REHAB_004,simple,เคสขอทุนฝึกอาชีพและฟื้นฟูสมรรถภาพ,0.4,1.0,0.5714285714285715,0.8772153153380493,0.75,1.0,False,0.05539504885592346,2,0.53258691
w/o Negation Gate,REHAB_005,moderate,เคสขอทุนฝึกอาชีพและฟื้นฟูสมรรถภาพ,0.2,0.5,0.28571428571428575,0.6131471927654584,0.6666666666666666,1.0,False,0.07407854875828164,2,0.6455320280000001
w/o Negation Gate,FINANCE_001,simple,เคสปัญหาด้านการเงิน,0.4,1.0,0.5714285714285715,0.944847956559586,0.75,1.0,False,0.10256653410025006,3,0.8237229599999999
w/o Negation Gate,FINANCE_002,moderate,เคสปัญหาด้านการเงิน,0.0,0.0,0.0,0.0,0.07142857142857142,0.07142857142857142,False,0.08776673112476015,2,0.8364514960000001
w/o Negation Gate,FINANCE_003,moderate,เคสปัญหาด้านการเงิน,0.2,1.0,0.33333333333333337,1.0,1.0,1.0,False,0.5797556524415781,8,3.654605418
w/o Negation Gate,FINANCE_004,simple,เคสปัญหาด้านการเงิน,0.0,0.0,0.0,0.0,0.14285714285714285,0.14285714285714285,False,0.055519384916388075,2,0.5343500179999998
w/o Negation Gate,FINANCE_005,moderate,เคสปัญหาด้านการเงิน,0.0,0.0,0.0,0.0,0.2216931216931217,0.14285714285714285,False,0.23174143002044623,4,1.569494166
w/o Negation Gate,LOVE_001,simple,เคสปัญหาด้านความรัก,0.2,0.3333333333333333,0.25,0.2960819109658652,0.2888888888888889,0.5,False,0.12901973527192906,2,1.1139547600000002
w/o Negation Gate,LOVE_002,moderate,เคสปัญหาด้านความรัก,0.6,0.75,0.6666666666666665,0.7903299296767691,0.8928571428571428,1.0,False,0.09923160043121158,2,0.8214317120000001
w/o Negation Gate,LOVE_003,moderate,เคสปัญหาด้านความรัก,0.0,0.0,0.0,0.0,0.0,0.0,False,0.29663377772138994,4,1.9916714240000002
w/o Negation Gate,LOVE_004,simple,เคสปัญหาด้านความรัก,0.0,0.0,0.0,0.0,0.0,0.0,False,0.023295141822335108,1,0.40211397
w/o Negation Gate,LOVE_005,moderate,เคสปัญหาด้านความรัก,0.0,0.0,0.0,0.0,0.0,0.0,False,0.28369874973132525,4,1.9216225220000003
w/o Negation Gate,FAMILY_001,moderate,เคสปัญหาครอบครัว,0.4,1.0,0.5714285714285715,1.0,1.0,1.0,False,0.505631798305846,4,3.351223172
w/o Negation Gate,FAMILY_002,complex,เคสปัญหาครอบครัว,0.2,1.0,0.33333333333333337,1.0,1.0,1.0,False,0.22305081586113168,4,1.525117848
w/o Negation Gate,FAMILY_003,simple,เคสปัญหาครอบครัว,0.0,0.0,0.0,0.0,0.0,0.0,False,0.017676625310407815,1,0.332079588
w/o Negation Gate,VIOLENCE_001,complex,เคสประสบปัญหาถูกกระทำความรุนแรง,0.4,1.0,0.5714285714285715,0.9197207891481876,0.8333333333333333,1.0,False,1.0808411655033643,5,5.6355797260000005
w/o Negation Gate,VIOLENCE_002,moderate,เคสประสบปัญหาถูกกระทำความรุนแรง,0.2,1.0,0.33333333333333337,1.0,1.0,1.0,False,0.29428615504174505,4,1.899057218
w/o Negation Gate,VIOLENCE_003,moderate,เคสประสบปัญหาถูกกระทำความรุนแรง,0.4,0.6666666666666666,0.5,0.6713860725233041,0.5714285714285714,1.0,False,0.3243830925447293,3,1.9615740920000004
w/o Negation Gate,VIOLENCE_004,simple,เคสประสบปัญหาถูกกระทำความรุนแรง,0.0,0.0,0.0,0.0,0.0,0.0,True,0.04782551850157313,0,0.030452145999999996
w/o Negation Gate,VIOLENCE_005,complex,เคสประสบปัญหาถูกกระทำความรุนแรง,0.8,0.8,0.8000000000000002,0.7364185288376675,0.8766666666666666,1.0,False,0.03338080800995244,1,0.48193897999999996
w/o Negation Gate,CHILD_001_PAR_01,moderate,เด็กและเยาวชน,0.0,0.0,0.0,0.0,0.08333333333333333,0.08333333333333333,False,0.0716412975129566,2,0.66213178
w/o Negation Gate,CHILD_002_PAR_01,complex,เด็กและเยาวชน,0.8,0.8,0.8000000000000002,0.5088013258915567,0.8509090909090908,1.0,False,0.3096410578897288,5,2.0042266300000002
w/o Negation Gate,CHILD_003_PAR_01,simple,เด็กและเยาวชน,0.0,0.0,0.0,0.0,0.0,0.0,False,0.0730936938468422,2,0.641768482
w/o Negation Gate,CHILD_004_PAR_01,moderate,เด็กและเยาวชน,0.4,0.5,0.4444444444444445,0.35753408824606947,0.6659090909090909,1.0,False,0.16739921399754495,3,1.237620642
w/o Negation Gate,CHILD_005_PAR_01,complex,เด็กและเยาวชน,0.0,0.0,0.0,0.0,0.0,0.0,True,0.04987471005317376,0,0.029557706
w/o Negation Gate,ELDER_003_PAR_01,simple,ผู้สูงอายุ,0.0,0.0,0.0,0.0,0.0,0.0,False,0.06790353638211909,2,0.6034824179999999
w/o Negation Gate,ELDER_004_PAR_01,complex,ผู้สูงอายุ,0.6,0.42857142857142855,0.5,0.6843515475204855,0.7408686551543695,1.0,False,2.190004512427092,10,10.790295084
w/o Negation Gate,ELDER_007_PAR_01,simple,ผู้สูงอายุ,0.0,0.0,0.0,0.0,0.0,0.0,True,0.05026799668215699,0,0.031161605999999998
w/o Negation Gate,ELDER_008_PAR_01,complex,ผู้สูงอายุ,0.4,0.5,0.4444444444444445,0.4232448892278954,0.42658730158730157,0.3333333333333333,False,0.8399551526786249,6,4.885547166
w/o Negation Gate,ELDER_010_PAR_01,complex,ผู้สูงอายุ,0.2,1.0,0.33333333333333337,1.0,1.0,1.0,False,0.2939178924549344,3,1.9885617439999996
w/o Negation Gate,DISABLED_001_PAR_01,simple,คนพิการ,0.0,0.0,0.0,0.0,0.0,0.0,False,0.09229972437381355,2,0.7993158499999999
w/o Negation Gate,DISABLED_002_PAR_01,moderate,คนพิการ,0.2,1.0,0.33333333333333337,1.0,1.0,1.0,False,0.06954973496892819,2,0.6255802239999999
w/o Negation Gate,DISABLED_003_PAR_01,complex,คนพิการ,0.2,0.5,0.28571428571428575,0.6131471927654584,0.5769230769230769,1.0,False,0.02447024081520215,1,0.355953184
w/o Negation Gate,DISABLED_004_PAR_01,moderate,คนพิการ,0.0,0.0,0.0,0.0,0.12692307692307692,0.1,False,0.09960644685585036,2,0.8385609939999998
w/o Negation Gate,DISABLED_005_PAR_01,simple,คนพิการ,0.2,1.0,0.33333333333333337,1.0,1.0,1.0,False,0.18149872549920137,3,1.32176843
w/o Negation Gate,DISABLED_006_PAR_01,moderate,คนพิการ,0.4,0.6666666666666666,0.5,0.819876640193745,0.5499999999999999,1.0,False,0.5688967667847056,4,3.289229172
w/o Negation Gate,DISABLED_007_PAR_01,complex,คนพิการ,0.8,0.8,0.8000000000000002,0.9129675424759451,0.8314285714285713,1.0,False,0.6202571964275493,8,3.8023526199999997
w/o Negation Gate,DISABLED_008_PAR_01,moderate,คนพิการ,0.0,0.0,0.0,0.0,0.0,0.0,False,0.040452712848577835,1,0.47808149999999994
w/o Negation Gate,DISABLED_009_PAR_01,simple,คนพิการ,0.0,0.0,0.0,0.0,0.0,0.0,False,0.10877655751775396,2,0.9649875480000002
w/o Negation Gate,DISABLED_010_PAR_01,moderate,คนพิการ,0.2,1.0,0.33333333333333337,1.0,1.0,1.0,False,0.3097707459558098,4,1.8337358160000001
w/o Negation Gate,HOMELESS_002_PAR_01,complex,คนเร่ร่อน/ไร้ที่อยู่,0.2,1.0,0.33333333333333337,0.43067655807339306,0.25,0.25,False,0.09821593725201176,2,0.818916782
w/o Negation Gate,MENTAL_001_PAR_01,moderate,ผู้ประสบปัญหาสุขภาพจิตและจิตเวช,0.4,0.5,0.4444444444444445,0.6097426926720908,0.5682539682539682,1.0,False,0.5638034271938841,4,3.728835342
w/o Negation Gate,MENTAL_003_PAR_01,simple,ผู้ประสบปัญหาสุขภาพจิตและจิตเวช,0.0,0.0,0.0,0.0,0.0,0.0,False,0.030166386011155785,1,0.42322748799999993
w/o Negation Gate,MENTAL_008_PAR_01,moderate,ผู้ประสบปัญหาสุขภาพจิตและจิตเวช,0.0,0.0,0.0,0.0,0.0,0.0,False,0.7350436696913742,7,4.499153762
w/o Negation Gate,MENTAL_010_PAR_01,moderate,ผู้ประสบปัญหาสุขภาพจิตและจิตเวช,0.2,1.0,0.33333333333333337,1.0,1.0,1.0,False,0.23367425085057436,4,1.5657640039999998
w/o Negation Gate,SUBSTANCE_002_PAR_01,complex,ผู้ประสบปัญหายาเสพติด,0.2,1.0,0.33333333333333337,1.0,1.0,1.0,False,1.237971184403488,7,7.160363401999999
w/o Negation Gate,SUBSTANCE_003_PAR_01,simple,ผู้ประสบปัญหายาเสพติด,0.0,0.0,0.0,0.0,0.0,0.0,False,0.03181371976717816,1,0.41316701800000005
w/o Negation Gate,NCD_001_PAR_01,simple,ผู้ป่วยโรคเรื้อรังไม่ติดต่อ (NCD),0.0,0.0,0.0,0.0,0.0,0.0,False,0.024438036236430496,1,0.419696072
w/o Negation Gate,NCD_009_PAR_01,simple,ผู้ป่วยโรคเรื้อรังไม่ติดต่อ (NCD),0.0,0.0,0.0,0.0,0.0,0.0,False,0.02943321423809692,1,0.38592975799999996
w/o Negation Gate,NCD_010_PAR_01,moderate,ผู้ป่วยโรคเรื้อรังไม่ติดต่อ (NCD),0.2,1.0,0.33333333333333337,1.0,1.0,1.0,False,0.5726800234635834,5,3.477027118
w/o Negation Gate,HIV_TB_005_PAR_01,complex,ผู้ป่วยเอดส์และวัณโรค,0.2,1.0,0.33333333333333337,0.6309297535714575,0.5,0.5,False,0.7707737088035161,5,4.9344550819999995
w/o Negation Gate,BEDRIDDEN_006_PAR_01,simple,เคสติดเตียงไร้ญาติ,0.0,0.0,0.0,0.0,0.0,0.0,False,0.023484660986529925,1,0.43193658599999996
w/o Negation Gate,BEDRIDDEN_010_PAR_01,complex,เคสติดเตียงไร้ญาติ,0.0,0.0,0.0,0.0,0.0,0.0,False,0.18805258069444622,2,1.388911232
w/o Negation Gate,REHAB_001_PAR_01,moderate,เคสขอทุนฝึกอาชีพและฟื้นฟูสมรรถภาพ,0.2,1.0,0.33333333333333337,1.0,1.0,1.0,False,0.19498910227431282,3,1.3252711199999998
w/o Negation Gate,REHAB_003_PAR_01,moderate,เคสขอทุนฝึกอาชีพและฟื้นฟูสมรรถภาพ,0.2,0.5,0.28571428571428575,0.6131471927654584,0.6428571428571428,1.0,False,0.20014004050276618,4,1.342135954
w/o Negation Gate,REHAB_004_PAR_01,simple,เคสขอทุนฝึกอาชีพและฟื้นฟูสมรรถภาพ,0.4,1.0,0.5714285714285715,0.8772153153380493,0.75,1.0,False,0.05491745398826682,2,0.52928957
w/o Negation Gate,REHAB_005_PAR_01,moderate,เคสขอทุนฝึกอาชีพและฟื้นฟูสมรรถภาพ,0.2,0.5,0.28571428571428575,0.6131471927654584,0.6666666666666666,1.0,False,0.02041719174035341,1,0.32813239399999994
w/o Negation Gate,FINANCE_001_PAR_01,simple,เคสปัญหาด้านการเงิน,0.4,1.0,0.5714285714285715,0.944847956559586,0.75,1.0,False,0.10368932744414044,3,0.831681348
w/o Negation Gate,FINANCE_002_PAR_01,moderate,เคสปัญหาด้านการเงิน,0.0,0.0,0.0,0.0,0.0,0.0,False,0.07080467990659865,2,0.68048593
w/o Negation Gate,FINANCE_003_PAR_01,moderate,เคสปัญหาด้านการเงิน,0.2,1.0,0.33333333333333337,1.0,1.0,1.0,False,0.20415626018186364,4,1.3994317219999999
w/o Negation Gate,LOVE_005_PAR_01,moderate,เคสปัญหาด้านความรัก,0.0,0.0,0.0,0.0,0.0,0.0,False,0.2387954837810232,4,1.6526533020000003
w/o Negation Gate,FAMILY_001_PAR_01,moderate,เคสปัญหาครอบครัว,0.4,1.0,0.5714285714285715,1.0,1.0,1.0,False,0.50737162537067,4,3.5075174419999997
w/o Negation Gate,FAMILY_002_PAR_01,complex,เคสปัญหาครอบครัว,0.2,1.0,0.33333333333333337,1.0,1.0,1.0,False,0.22106927477072766,4,1.515598438
w/o Negation Gate,FAMILY_003_PAR_01,simple,เคสปัญหาครอบครัว,0.0,0.0,0.0,0.0,0.0,0.0,True,0.05207978754088103,0,0.030429259999999996
w/o Negation Gate,CHILD_003_ESC_01,complex,เด็กและเยาวชน,0.0,0.0,0.0,0.0,0.0,0.0,False,0.07319734574442407,2,0.642380764
w/o Negation Gate,ELDER_001_ESC_01,complex,ผู้สูงอายุ,0.0,0.0,0.0,0.0,0.0,0.0,False,0.03177874549959668,1,0.41005807600000005
w/o Negation Gate,ELDER_003_ESC_01,complex,ผู้สูงอายุ,0.0,0.0,0.0,0.0,0.0,0.0,False,0.08806708514082633,2,0.76807439
w/o Negation Gate,ELDER_007_ESC_01,complex,ผู้สูงอายุ,0.0,0.0,0.0,0.0,0.0,0.0,True,0.04855508994038489,0,0.030732341999999996
w/o Negation Gate,DISABLED_001_ESC_01,complex,คนพิการ,0.0,0.0,0.0,0.0,0.0,0.0,False,0.08834535667017779,2,0.767319324
w/o Negation Gate,DISABLED_005_ESC_01,complex,คนพิการ,0.2,1.0,0.33333333333333337,1.0,1.0,1.0,False,0.2413279286370993,3,1.6310229020000002
w/o Negation Gate,DISABLED_009_ESC_01,complex,คนพิการ,0.0,0.0,0.0,0.0,0.0,0.0,False,0.09214242674638708,2,0.803893572
w/o Negation Gate,HOMELESS_003_ESC_01,complex,คนเร่ร่อน/ไร้ที่อยู่,0.4,0.6666666666666666,0.5,0.7653606369886217,0.7916666666666666,1.0,False,0.18730583567757014,4,1.310651144
w/o Negation Gate,MENTAL_003_ESC_01,complex,ผู้ประสบปัญหาสุขภาพจิตและจิตเวช,0.0,0.0,0.0,0.0,0.0,0.0,False,0.027134264632526307,1,0.38124923
w/o Negation Gate,MENTAL_007_ESC_01,complex,ผู้ประสบปัญหาสุขภาพจิตและจิตเวช,0.0,0.0,0.0,0.0,0.0,0.0,False,0.03522888724839165,1,0.473917016
w/o Negation Gate,CHILD_002_SIM_01,simple,เด็กและเยาวชน,0.0,0.0,0.0,0.0,0.0,0.0,True,0.04711087332017431,0,0.031068912000000004
w/o Negation Gate,CHILD_005_SIM_01,simple,เด็กและเยาวชน,0.0,0.0,0.0,0.0,0.0,0.0,True,0.0486809954421236,0,0.029614604
w/o Negation Gate,ELDER_004_SIM_01,simple,ผู้สูงอายุ,0.2,0.3333333333333333,0.25,0.23463936301137822,0.27136752136752135,0.3333333333333333,True,0.04519348541341765,0,0.030176364
w/o Negation Gate,ELDER_008_SIM_01,simple,ผู้สูงอายุ,0.0,0.0,0.0,0.0,0.0,0.0,True,0.07673846767048036,0,0.03013534
w/o Negation Gate,ELDER_010_SIM_01,simple,ผู้สูงอายุ,0.2,1.0,0.33333333333333337,0.5,0.3333333333333333,0.3333333333333333,True,0.08603515894309889,0,0.03113127
w/o Negation Gate,DISABLED_003_SIM_01,simple,คนพิการ,0.0,0.0,0.0,0.0,0.0,0.0,True,0.04455674549540396,0,0.030547407999999998
w/o Negation Gate,DISABLED_007_SIM_01,simple,คนพิการ,0.2,0.5,0.28571428571428575,0.38685280723454163,0.39285714285714285,0.5,True,0.04720857893949622,0,0.030820122
w/o Negation Gate,HOMELESS_002_SIM_01,simple,คนเร่ร่อน/ไร้ที่อยู่,0.0,0.0,0.0,0.0,0.0,0.0,True,0.036642581242552964,0,0.030239815999999996
w/o Negation Gate,HOMELESS_005_SIM_01,simple,คนเร่ร่อน/ไร้ที่อยู่,0.0,0.0,0.0,0.0,0.0,0.0,True,0.03973980717523305,0,0.031339352
w/o Negation Gate,MENTAL_002_SIM_01,simple,ผู้ประสบปัญหาสุขภาพจิตและจิตเวช,0.0,0.0,0.0,0.0,0.0,0.0,True,0.07357744217470936,0,0.030789564
w/o Negation Gate,ADV_001,moderate,adversarial_l2_test,0.0,0.0,0.0,0.0,0.0,0.0,False,0.004635034162177282,1,0.08056657999999998
w/o Negation Gate,ADV_002,moderate,adversarial_l2_test,0.0,0.0,0.0,0.0,0.0,0.0,False,0.0003586221178529744,2,0.001866918
w/o Negation Gate,ADV_003,moderate,adversarial_l2_test,0.0,0.0,0.0,0.0,0.0,0.0,False,0.0015693277285398286,1,0.025188012
w/o Negation Gate,ADV_004,moderate,adversarial_l2_test,0.0,0.0,0.0,0.0,0.0,0.0,False,0.004194296811179114,1,0.078672172
w/o Negation Gate,ADV_005,moderate,adversarial_l2_test,0.0,0.0,0.0,0.0,0.06666666666666667,0.06666666666666667,False,0.0034751284583951505,1,0.045972264000000006
w/o Negation Gate,NEG_SH_POS,moderate,ผู้ประสบปัญหาสุขภาพจิตและจิตเวช,0.4,0.5,0.4444444444444445,0.6366824387328317,0.7678571428571428,1.0,False,0.06921070916950717,1,0.719604128
w/o Negation Gate,NEG_SH_NEG,moderate,ผู้ประสบปัญหาสุขภาพจิตและจิตเวช,0.0,0.0,0.0,0.0,0.0,0.0,False,0.0022672300813710695,1,0.064148978
w/o Negation Gate,NEG_SM_POS,simple,เคสปัญหาด้านการเงิน,0.6,0.75,0.6666666666666665,0.75369761125927,0.6810897435897436,1.0,False,0.04441353967163509,2,0.32360419
w/o Negation Gate,NEG_SM_NEG,simple,เคสปัญหาด้านการเงิน,0.0,0.0,0.0,0.0,0.0,0.0,False,0.017931120647571498,2,0.129466014
w/o Negation Gate,NEG_SL_POS,simple,ผู้ป่วยโรคเรื้อรังไม่ติดต่อ (NCD),0.0,0.0,0.0,0.0,0.0,0.0,False,0.003009254614339777,2,0.015523636000000002
w/o Negation Gate,NEG_SL_NEG,simple,ผู้ป่วยโรคเรื้อรังไม่ติดต่อ (NCD),0.0,0.0,0.0,0.0,0.0,0.0,False,0.00107474224948847,1,0.007837064
w/o Negation Gate,NEG_MH_POS,complex,เคสประสบปัญหาถูกกระทำความรุนแรง,0.4,0.4,0.4000000000000001,0.5052077707304854,0.6055555555555554,1.0,False,0.35578923721269706,3,2.5316737419999997
w/o Negation Gate,NEG_MH_NEG,complex,เคสประสบปัญหาถูกกระทำความรุนแรง,0.0,0.0,0.0,0.0,0.0,0.0,False,0.19442781367870776,4,1.291092608
w/o Negation Gate,NEG_MM_POS,moderate,เคสปัญหาครอบครัว,0.0,0.0,0.0,0.0,0.0,0.0,False,0.11143968130264595,5,0.6274364259999999
w/o Negation Gate,NEG_MM_NEG,moderate,เคสปัญหาครอบครัว,0.0,0.0,0.0,0.0,0.0,0.0,False,0.15615608297337966,6,0.9175760699999997
w/o Negation Gate,NEG_ML_POS,simple,ผู้สูงอายุ,0.0,0.0,0.0,0.0,0.0,0.0,False,0.025213196451827482,3,0.16543829000000002
w/o Negation Gate,NEG_ML_NEG,simple,ผู้สูงอายุ,0.0,0.0,0.0,0.0,0.0,0.0,False,0.07393549910504402,4,0.495498222
w/o Negation Gate,NEG_LH_POS,complex,เคสประสบปัญหาถูกกระทำความรุนแรง,0.6,0.75,0.6666666666666665,0.8318724637288826,0.8928571428571428,1.0,False,0.9692811714068553,5,5.1540833720000006
w/o Negation Gate,NEG_LH_NEG,complex,เคสประสบปัญหาถูกกระทำความรุนแรง,0.0,0.0,0.0,0.0,0.0,0.0,False,0.02802615843889866,3,0.179421204
w/o Negation Gate,NEG_LM_POS,complex,เคสปัญหาครอบครัว,0.0,0.0,0.0,0.0,0.18560606060606064,0.125,False,0.41360556402431836,6,2.4839482560000006
w/o Negation Gate,NEG_LM_NEG,complex,เคสปัญหาครอบครัว,0.0,0.0,0.0,0.0,0.0,0.0,True,0.020093820593210892,0,0.030973406
w/o Negation Gate,NEG_LL_POS,simple,ผู้สูงอายุ,0.0,0.0,0.0,0.0,0.0,0.0,False,0.6083503145808952,4,3.09268593
w/o Negation Gate,NEG_LL_NEG,simple,ผู้สูงอายุ,0.0,0.0,0.0,0.0,0.0,0.0,False,0.40764570881847856,5,2.024623138
w/o Negation Gate,NEG_SH_POS_V2,moderate,ผู้ประสบปัญหาสุขภาพจิตและจิตเวช,0.6,0.75,0.6666666666666665,0.8318724637288826,0.875,1.0,False,0.05504246444272805,1,0.6720608479999999
w/o Negation Gate,NEG_SH_NEG_V2,moderate,ผู้ประสบปัญหาสุขภาพจิตและจิตเวช,0.0,0.0,0.0,0.0,0.0,0.0,False,0.0015443035290122168,1,0.08310985
w/o Negation Gate,NEG_SM_POS_V2,simple,เคสปัญหาครอบครัว,0.0,0.0,0.0,0.0,0.0,0.0,False,0.011767923557084536,2,0.10688261000000002
w/o Negation Gate,NEG_SM_NEG_V2,simple,เคสปัญหาครอบครัว,0.0,0.0,0.0,0.0,0.0,0.0,False,0.0033717703114446956,3,0.019721640000000002
w/o Negation Gate,NEG_SL_POS_V2,simple,ผู้สูงอายุ,0.0,0.0,0.0,0.0,0.0,0.0,True,0.019038220651160752,0,0.030304622000000003
w/o Negation Gate,NEG_SL_NEG_V2,simple,ผู้สูงอายุ,0.0,0.0,0.0,0.0,0.0,0.0,True,0.014603990860919963,0,0.030000359999999997
w/o Negation Gate,NEG_MH_POS_V2,complex,เด็กและสตรี,0.0,0.0,0.0,0.0,0.0,0.0,False,0.08479409742777105,3,0.6571887359999999
w/o Negation Gate,NEG_MH_NEG_V2,complex,เด็กและสตรี,0.0,0.0,0.0,0.0,0.0,0.0,False,0.06009037298888317,4,0.39296370399999997
w/o Negation Gate,NEG_MM_POS_V2,moderate,ปัญหาครอบครัว,0.0,0.0,0.0,0.0,0.0,0.0,False,0.022146938665362256,4,0.13365096599999998
w/o Negation Gate,NEG_MM_NEG_V2,moderate,ปัญหาครอบครัว,0.0,0.0,0.0,0.0,0.0,0.0,False,0.0013201810362055962,2,0.007534034
w/o Negation Gate,NEG_ML_POS_V2,simple,ผู้สูงอายุ,0.0,0.0,0.0,0.0,0.0,0.0,False,0.015018017250909876,2,0.134353104
w/o Negation Gate,NEG_ML_NEG_V2,simple,ผู้สูงอายุ,0.0,0.0,0.0,0.0,0.0,0.0,False,0.0005576616771715034,1,0.007053378000000001
w/o Negation Gate,NEG_LH_POS_V2,complex,รุนแรง/วัยรุ่น,0.0,0.0,0.0,0.0,0.06666666666666667,0.06666666666666667,False,0.09348249014870201,6,0.5256194520000002
w/o Negation Gate,NEG_LH_NEG_V2,complex,รุนแรง/วัยรุ่น,0.0,0.0,0.0,0.0,0.0,0.0,False,0.05023645053722437,7,0.26479234199999996
w/o Negation Gate,NEG_LM_POS_V2,complex,ครอบครัว/หนี้สิน,0.2,0.5,0.28571428571428575,0.6131471927654584,0.5714285714285714,1.0,False,0.06459719564374075,5,0.432132046
w/o Negation Gate,NEG_LM_NEG_V2,complex,ครอบครัว/หนี้สิน,0.0,0.0,0.0,0.0,0.0,0.0,False,0.007154523157443149,3,0.05341866000000001
w/o Negation Gate,NEG_LL_POS_V2,simple,ผู้สูงอายุ,0.0,0.0,0.0,0.0,0.0,0.0,False,0.0005112504463144213,1,0.007125666000000001
w/o Negation Gate,NEG_LL_NEG_V2,simple,ผู้สูงอายุ,0.0,0.0,0.0,0.0,0.0,0.0,False,0.00018176529648667242,1,0.003121832
Product Feature Mode,CHILD_001,moderate,เด็กและเยาวชน,0.0,0.0,0.0,0.0,0.0,0.0,False,0.013236616623033022,2,0.305060514
Product Feature Mode,CHILD_002,complex,เด็กและเยาวชน,0.8,0.8,0.8000000000000002,0.5088013258915567,0.9028571428571428,1.0,False,0.010504080105992231,5,0.300527334
Product Feature Mode,CHILD_003,simple,เด็กและเยาวชน,0.0,0.0,0.0,0.0,0.0,0.0,False,0.0167471158096127,2,0.30482848400000007
Product Feature Mode,CHILD_004,moderate,เด็กและเยาวชน,0.4,0.5,0.4444444444444445,0.35753408824606947,0.6519230769230768,1.0,False,0.0188607793895243,3,0.370831904
Product Feature Mode,CHILD_005,complex,เด็กและเยาวชน,0.0,0.0,0.0,0.0,0.0,0.0,True,0.04989887136298358,0,0.029469802
Product Feature Mode,ELDER_001,simple,ผู้สูงอายุ,0.0,0.0,0.0,0.0,0.0,0.0,True,0.0246128140814929,1,0.375201178
Product Feature Mode,ELDER_002,moderate,ผู้สูงอายุ,0.0,0.0,0.0,0.0,0.0,0.0,False,0.05924795040475368,7,0.9378045439999999
Product Feature Mode,ELDER_003,simple,ผู้สูงอายุ,0.0,0.0,0.0,0.0,0.0,0.0,False,0.012493028300127128,2,0.283668712
Product Feature Mode,ELDER_004,complex,ผู้สูงอายุ,0.6,0.375,0.4615384615384615,0.6843515475204855,0.705384199134199,1.0,False,0.03364920267778692,10,0.753691096
Product Feature Mode,ELDER_005,moderate,ผู้สูงอายุ,0.0,0.0,0.0,0.0,0.0,0.0,False,0.024845644702867802,2,0.43515504400000005
Product Feature Mode,ELDER_006,moderate,ผู้สูงอายุ,0.2,1.0,0.33333333333333337,1.0,1.0,1.0,False,0.019450879947239038,5,0.47269673600000006
Product Feature Mode,ELDER_007,simple,ผู้สูงอายุ,0.0,0.0,0.0,0.0,0.0,0.0,True,0.05053300915366159,0,0.031301532
Product Feature Mode,ELDER_008,complex,ผู้สูงอายุ,0.4,0.5,0.4444444444444445,0.4232448892278954,0.42658730158730157,0.3333333333333333,False,0.010415725987926637,6,0.4822635720000001
Product Feature Mode,ELDER_009,moderate,ผู้สูงอายุ,0.2,1.0,0.33333333333333337,0.6309297535714575,0.5,0.5,False,0.018773361138545986,4,0.355207752
Product Feature Mode,ELDER_010,complex,ผู้สูงอายุ,0.2,1.0,0.33333333333333337,1.0,1.0,1.0,False,0.029240059125635157,3,0.570124904
Product Feature Mode,DISABLED_001,simple,คนพิการ,0.0,0.0,0.0,0.0,0.0,0.0,False,0.018365020728488536,2,0.357534988
Product Feature Mode,DISABLED_002,moderate,คนพิการ,0.2,1.0,0.33333333333333337,1.0,1.0,1.0,False,0.014412492802864897,2,0.30196449200000003
Product Feature Mode,DISABLED_003,complex,คนพิการ,0.2,0.5,0.28571428571428575,0.6131471927654584,0.5833333333333334,1.0,False,0.015129817221781422,1,0.3144561900000001
Product Feature Mode,DISABLED_004,moderate,คนพิการ,0.0,0.0,0.0,0.0,0.1,0.1,False,0.019163832692567342,3,0.38994065000000006
Product Feature Mode,DISABLED_005,simple,คนพิการ,0.2,1.0,0.33333333333333337,1.0,1.0,1.0,False,0.018225909824090215,3,0.392033934
Product Feature Mode,DISABLED_006,moderate,คนพิการ,0.4,1.0,0.5714285714285715,0.944847956559586,0.75,1.0,False,0.036827352269454536,4,0.553208456
Product Feature Mode,DISABLED_007,complex,คนพิการ,0.8,0.5714285714285714,0.6666666666666666,0.8989584458539029,0.7204295704295703,1.0,False,0.0099037441822755,8,0.286259226
Product Feature Mode,DISABLED_008,moderate,คนพิการ,0.0,0.0,0.0,0.0,0.0,0.0,False,0.04212787341461035,3,0.603639846
Product Feature Mode,DISABLED_009,simple,คนพิการ,0.0,0.0,0.0,0.0,0.0,0.0,False,0.023139472237304354,2,0.45082029199999996
Product Feature Mode,DISABLED_010,moderate,คนพิการ,0.2,1.0,0.33333333333333337,1.0,1.0,1.0,False,0.031133438994892126,4,0.4579602800000001
Product Feature Mode,HOMELESS_001,moderate,คนเร่ร่อน/ไร้ที่อยู่,0.2,1.0,0.33333333333333337,1.0,1.0,1.0,False,0.013127450675045204,4,0.305268062
Product Feature Mode,HOMELESS_002,complex,คนเร่ร่อน/ไร้ที่อยู่,0.2,1.0,0.33333333333333337,0.6309297535714575,0.5,0.5,False,0.018559006713092536,2,0.38240978800000003
Product Feature Mode,HOMELESS_003,simple,คนเร่ร่อน/ไร้ที่อยู่,0.2,1.0,0.33333333333333337,0.6309297535714575,0.5,0.5,False,0.008523850341164518,4,0.26859444799999993
Product Feature Mode,HOMELESS_004,moderate,คนเร่ร่อน/ไร้ที่อยู่,0.2,1.0,0.33333333333333337,1.0,1.0,1.0,False,0.017886687177259674,2,0.32258202
Product Feature Mode,HOMELESS_005,complex,คนเร่ร่อน/ไร้ที่อยู่,0.0,0.0,0.0,0.0,0.0,0.0,False,0.020097089950419218,4,0.39197113399999994
Product Feature Mode,MENTAL_001,moderate,ผู้ประสบปัญหาสุขภาพจิตและจิตเวช,0.4,0.5,0.4444444444444445,0.6097426926720908,0.54375,1.0,False,0.02445444034073256,4,0.597172984
Product Feature Mode,MENTAL_002,complex,ผู้ประสบปัญหาสุขภาพจิตและจิตเวช,0.0,0.0,0.0,0.0,0.0,0.0,False,0.015667099867239135,2,0.32758958800000004
Product Feature Mode,MENTAL_003,simple,ผู้ประสบปัญหาสุขภาพจิตและจิตเวช,0.0,0.0,0.0,0.0,0.0,0.0,False,0.019084887274253788,1,0.35149407000000005
Product Feature Mode,MENTAL_004,moderate,ผู้ประสบปัญหาสุขภาพจิตและจิตเวช,0.0,0.0,0.0,0.0,0.0,0.0,False,0.017725860240035553,4,0.344567478
Product Feature Mode,MENTAL_005,moderate,ผู้ประสบปัญหาสุขภาพจิตและจิตเวช,0.0,0.0,0.0,0.0,0.0,0.0,True,0.05276407562806382,0,0.030886392000000002
Product Feature Mode,MENTAL_006,complex,ผู้ประสบปัญหาสุขภาพจิตและจิตเวช,0.0,0.0,0.0,0.0,0.1111111111111111,0.1111111111111111,False,0.026020746312514206,1,0.38887426
Product Feature Mode,MENTAL_007,simple,ผู้ประสบปัญหาสุขภาพจิตและจิตเวช,0.0,0.0,0.0,0.0,0.0,0.0,False,0.027436455066431265,1,0.4493641139999999
Product Feature Mode,MENTAL_008,moderate,ผู้ประสบปัญหาสุขภาพจิตและจิตเวช,0.0,0.0,0.0,0.0,0.0,0.0,False,0.014115321440829812,6,0.34966166000000004
Product Feature Mode,MENTAL_009,complex,ผู้ประสบปัญหาสุขภาพจิตและจิตเวช,0.0,0.0,0.0,0.0,0.0,0.0,True,0.04747362844334628,0,0.031235451999999997
Product Feature Mode,MENTAL_010,moderate,ผู้ประสบปัญหาสุขภาพจิตและจิตเวช,0.2,1.0,0.33333333333333337,1.0,1.0,1.0,False,0.01340846049456568,4,0.30240896
Product Feature Mode,SUBSTANCE_001,moderate,ผู้ประสบปัญหายาเสพติด,0.0,0.0,0.0,0.0,0.06666666666666667,0.06666666666666667,False,0.02713439539908075,4,0.511159846
Product Feature Mode,SUBSTANCE_002,complex,ผู้ประสบปัญหายาเสพติด,0.2,1.0,0.33333333333333337,1.0,1.0,1.0,False,0.016236406594419873,7,0.48663845000000006
Product Feature Mode,SUBSTANCE_003,simple,ผู้ประสบปัญหายาเสพติด,0.0,0.0,0.0,0.0,0.0,0.0,False,0.01872711067683393,1,0.338413662
Product Feature Mode,SUBSTANCE_005,moderate,ผู้ประสบปัญหายาเสพติด,0.0,0.0,0.0,0.0,0.0,0.0,False,0.013918703788840643,3,0.34445980400000004
Product Feature Mode,NCD_001,simple,ผู้ป่วยโรคเรื้อรังไม่ติดต่อ (NCD),0.0,0.0,0.0,0.0,0.0,0.0,False,0.009110130606635822,1,0.3275794
Product Feature Mode,NCD_002,moderate,ผู้ป่วยโรคเรื้อรังไม่ติดต่อ (NCD),0.0,0.0,0.0,0.0,0.1111111111111111,0.1111111111111111,False,0.015998606329553192,1,0.531034418
Product Feature Mode,NCD_003,moderate,ผู้ป่วยโรคเรื้อรังไม่ติดต่อ (NCD),0.4,0.6666666666666666,0.5,0.6508205185601091,0.5435897435897435,1.0,False,0.034575742864678995,5,0.632308874
Product Feature Mode,NCD_004,complex,ผู้ป่วยโรคเรื้อรังไม่ติดต่อ (NCD),0.0,0.0,0.0,0.0,0.16666666666666666,0.16666666666666666,False,0.04041238413256441,4,0.8077592819999999
Product Feature Mode,NCD_005,simple,ผู้ป่วยโรคเรื้อรังไม่ติดต่อ (NCD),0.0,0.0,0.0,0.0,0.0,0.0,True,0.024389754150815457,1,0.359600708
Product Feature Mode,NCD_006,moderate,ผู้ป่วยโรคเรื้อรังไม่ติดต่อ (NCD),0.0,0.0,0.0,0.0,0.0,0.0,False,0.0037893139622142873,1,0.23613416599999995
Product Feature Mode,NCD_007,moderate,ผู้ป่วยโรคเรื้อรังไม่ติดต่อ (NCD),0.2,1.0,0.33333333333333337,1.0,1.0,1.0,False,0.012661207649880556,4,0.46370993799999993
Product Feature Mode,NCD_008,complex,ผู้ป่วยโรคเรื้อรังไม่ติดต่อ (NCD),0.0,0.0,0.0,0.0,0.0,0.0,False,0.04624180298567026,2,0.76815084
Product Feature Mode,NCD_009,simple,ผู้ป่วยโรคเรื้อรังไม่ติดต่อ (NCD),0.0,0.0,0.0,0.0,0.0,0.0,False,0.022868984917375306,1,0.34770983400000005
Product Feature Mode,NCD_010,moderate,ผู้ป่วยโรคเรื้อรังไม่ติดต่อ (NCD),0.2,1.0,0.33333333333333337,1.0,1.0,1.0,False,0.024879239062414914,4,0.45980069200000007
Product Feature Mode,HIV_TB_001,moderate,ผู้ป่วยเอดส์และวัณโรค,0.4,1.0,0.5714285714285715,1.0,1.0,1.0,False,0.026842447454519747,3,0.622159564
Product Feature Mode,HIV_TB_002,complex,ผู้ป่วยเอดส์และวัณโรค,0.2,1.0,0.33333333333333337,1.0,1.0,1.0,False,0.04094258596295873,3,0.6762854
Product Feature Mode,HIV_TB_003,simple,ผู้ป่วยเอดส์และวัณโรค,0.0,0.0,0.0,0.0,0.0,0.0,False,0.026630980977344898,1,0.42449185
Product Feature Mode,HIV_TB_004,moderate,ผู้ป่วยเอดส์และวัณโรค,0.0,0.0,0.0,0.0,0.0,0.0,False,0.014717632845624483,2,0.320524144
Product Feature Mode,HIV_TB_005,complex,ผู้ป่วยเอดส์และวัณโรค,0.2,1.0,0.33333333333333337,0.6309297535714575,0.5,0.5,False,0.01810015588921502,6,0.6919088939999999
Product Feature Mode,BEDRIDDEN_001,complex,เคสติดเตียงไร้ญาติ,0.4,0.3333333333333333,0.3636363636363636,0.5531464700081437,0.7271825396825397,1.0,False,0.021289054099343195,5,0.61713949
Product Feature Mode,BEDRIDDEN_002,moderate,เคสติดเตียงไร้ญาติ,0.2,1.0,0.33333333333333337,1.0,1.0,1.0,False,0.04310475340468135,3,0.8529616499999999
Product Feature Mode,BEDRIDDEN_003,moderate,เคสติดเตียงไร้ญาติ,0.2,1.0,0.33333333333333337,1.0,1.0,1.0,False,0.017760957437936833,3,0.33795829600000005
Product Feature Mode,BEDRIDDEN_004,complex,เคสติดเตียงไร้ญาติ,0.2,1.0,0.33333333333333337,1.0,1.0,1.0,False,0.08413649859982039,4,0.982774798
Product Feature Mode,BEDRIDDEN_005,moderate,เคสติดเตียงไร้ญาติ,0.2,1.0,0.33333333333333337,1.0,1.0,1.0,False,0.016759754168229828,4,0.455169028
Product Feature Mode,BEDRIDDEN_006,simple,เคสติดเตียงไร้ญาติ,0.0,0.0,0.0,0.0,0.0,0.0,False,0.008690826024916333,2,0.332510844
Product Feature Mode,BEDRIDDEN_007,complex,เคสติดเตียงไร้ญาติ,0.2,1.0,0.33333333333333337,1.0,1.0,1.0,False,0.03592637182680876,6,0.824827464
Product Feature Mode,BEDRIDDEN_008,moderate,เคสติดเตียงไร้ญาติ,0.0,0.0,0.0,0.0,0.0,0.0,False,0.03683709462158038,3,0.7903369200000001
Product Feature Mode,BEDRIDDEN_009,moderate,เคสติดเตียงไร้ญาติ,0.4,1.0,0.5714285714285715,0.8503449055347546,0.7,1.0,False,0.015410426698204251,2,0.423096006
Product Feature Mode,BEDRIDDEN_010,complex,เคสติดเตียงไร้ญาติ,0.0,0.0,0.0,0.0,0.0,0.0,False,0.01910180944959922,5,0.556800252
Product Feature Mode,REHAB_001,moderate,เคสขอทุนฝึกอาชีพและฟื้นฟูสมรรถภาพ,0.2,1.0,0.33333333333333337,1.0,1.0,1.0,False,0.02371916065715939,3,0.40524215799999996
Product Feature Mode,REHAB_002,simple,เคสขอทุนฝึกอาชีพและฟื้นฟูสมรรถภาพ,0.2,1.0,0.33333333333333337,1.0,1.0,1.0,False,0.02480468324550416,2,0.47675674199999996
Product Feature Mode,REHAB_003,moderate,เคสขอทุนฝึกอาชีพและฟื้นฟูสมรรถภาพ,0.2,0.5,0.28571428571428575,0.6131471927654584,0.6666666666666666,1.0,False,0.009685388475101047,5,0.27302939
Product Feature Mode,REHAB_004,simple,เคสขอทุนฝึกอาชีพและฟื้นฟูสมรรถภาพ,0.4,1.0,0.5714285714285715,0.8772153153380493,0.75,1.0,False,0.00784390191837263,2,0.25046898799999995
Product Feature Mode,REHAB_005,moderate,เคสขอทุนฝึกอาชีพและฟื้นฟูสมรรถภาพ,0.2,0.5,0.28571428571428575,0.6131471927654584,0.6666666666666666,1.0,False,0.016205853206597096,2,0.30992200999999997
Product Feature Mode,FINANCE_001,simple,เคสปัญหาด้านการเงิน,0.4,1.0,0.5714285714285715,0.944847956559586,0.75,1.0,False,0.006876847417713386,3,0.25728293199999996
Product Feature Mode,FINANCE_002,moderate,เคสปัญหาด้านการเงิน,0.0,0.0,0.0,0.0,0.07142857142857142,0.07142857142857142,False,0.008179214564551398,2,0.36980008200000003
Product Feature Mode,FINANCE_003,moderate,เคสปัญหาด้านการเงิน,0.2,1.0,0.33333333333333337,1.0,1.0,1.0,False,0.006750722672051246,8,0.2595287700000001
Product Feature Mode,FINANCE_004,simple,เคสปัญหาด้านการเงิน,0.0,0.0,0.0,0.0,0.14285714285714285,0.14285714285714285,False,0.007857521822371663,2,0.25017192600000004
Product Feature Mode,FINANCE_005,moderate,เคสปัญหาด้านการเงิน,0.0,0.0,0.0,0.0,0.2216931216931217,0.14285714285714285,False,0.011465613424952123,4,0.288987638
Product Feature Mode,LOVE_001,simple,เคสปัญหาด้านความรัก,0.2,0.3333333333333333,0.25,0.2960819109658652,0.2888888888888889,0.5,False,0.02539953787511311,2,0.513621354
Product Feature Mode,LOVE_002,moderate,เคสปัญหาด้านความรัก,0.6,0.75,0.6666666666666665,0.7903299296767691,0.8928571428571428,1.0,False,0.02096396787450931,2,0.36670486999999996
Product Feature Mode,LOVE_003,moderate,เคสปัญหาด้านความรัก,0.0,0.0,0.0,0.0,0.0,0.0,False,0.02426879580352065,4,0.414190894
Product Feature Mode,LOVE_004,simple,เคสปัญหาด้านความรัก,0.0,0.0,0.0,0.0,0.0,0.0,False,0.009177737849361252,1,0.32122758399999995
Product Feature Mode,LOVE_005,moderate,เคสปัญหาด้านความรัก,0.0,0.0,0.0,0.0,0.0,0.0,False,0.014428119980403546,4,0.37751966800000003
Product Feature Mode,FAMILY_001,moderate,เคสปัญหาครอบครัว,0.4,1.0,0.5714285714285715,1.0,1.0,1.0,False,0.030587499251286288,4,0.692704036
Product Feature Mode,FAMILY_002,complex,เคสปัญหาครอบครัว,0.2,1.0,0.33333333333333337,1.0,1.0,1.0,False,0.015069361478494143,4,0.298029884
Product Feature Mode,FAMILY_003,simple,เคสปัญหาครอบครัว,0.0,0.0,0.0,0.0,0.0,0.0,False,0.005535273551505032,1,0.26104893
Product Feature Mode,VIOLENCE_001,complex,เคสประสบปัญหาถูกกระทำความรุนแรง,0.4,1.0,0.5714285714285715,0.9197207891481876,0.8333333333333333,1.0,False,0.029816159962704713,5,0.742214052
Product Feature Mode,VIOLENCE_002,moderate,เคสประสบปัญหาถูกกระทำความรุนแรง,0.2,1.0,0.33333333333333337,1.0,1.0,1.0,False,0.014527637005936586,4,0.35266900999999995
Product Feature Mode,VIOLENCE_003,moderate,เคสประสบปัญหาถูกกระทำความรุนแรง,0.4,0.6666666666666666,0.5,0.6713860725233041,0.5714285714285714,1.0,False,0.040831165379578364,3,0.5819187180000001
Product Feature Mode,VIOLENCE_004,simple,เคสประสบปัญหาถูกกระทำความรุนแรง,0.0,0.0,0.0,0.0,0.0,0.0,True,0.04782551850157313,0,0.030452145999999996
Product Feature Mode,VIOLENCE_005,complex,เคสประสบปัญหาถูกกระทำความรุนแรง,0.8,0.8,0.8000000000000002,0.7364185288376675,0.8766666666666666,1.0,False,0.01641920004741038,1,0.38299138200000005
Product Feature Mode,CHILD_001_PAR_01,moderate,เด็กและเยาวชน,0.0,0.0,0.0,0.0,0.08333333333333333,0.08333333333333333,False,0.0130948149784075,2,0.312448598
Product Feature Mode,CHILD_002_PAR_01,complex,เด็กและเยาวชน,0.8,0.8,0.8000000000000002,0.5088013258915567,0.8509090909090908,1.0,False,0.009863083563700659,5,0.290358666
Product Feature Mode,CHILD_003_PAR_01,simple,เด็กและเยาวชน,0.0,0.0,0.0,0.0,0.0,0.0,False,0.016810612285663544,2,0.305520102
Product Feature Mode,CHILD_004_PAR_01,moderate,เด็กและเยาวชน,0.4,0.5,0.4444444444444445,0.35753408824606947,0.6659090909090909,1.0,False,0.019048567748874357,3,0.37737836799999996
Product Feature Mode,CHILD_005_PAR_01,complex,เด็กและเยาวชน,0.0,0.0,0.0,0.0,0.0,0.0,True,0.04987471005317376,0,0.029557706
Product Feature Mode,ELDER_003_PAR_01,simple,ผู้สูงอายุ,0.0,0.0,0.0,0.0,0.0,0.0,False,0.012582049059434136,2,0.284536972
Product Feature Mode,ELDER_004_PAR_01,complex,ผู้สูงอายุ,0.6,0.42857142857142855,0.5,0.6843515475204855,0.7408686551543695,1.0,False,0.032705918470268665,10,0.7603427439999999
Product Feature Mode,ELDER_007_PAR_01,simple,ผู้สูงอายุ,0.0,0.0,0.0,0.0,0.0,0.0,True,0.05026799668215699,0,0.031161605999999998
Product Feature Mode,ELDER_008_PAR_01,complex,ผู้สูงอายุ,0.4,0.5,0.4444444444444445,0.4232448892278954,0.42658730158730157,0.3333333333333333,False,0.010055730184427791,6,0.488324118
Product Feature Mode,ELDER_010_PAR_01,complex,ผู้สูงอายุ,0.2,1.0,0.33333333333333337,1.0,1.0,1.0,False,0.02971268185829968,3,0.577114076
Product Feature Mode,DISABLED_001_PAR_01,simple,คนพิการ,0.0,0.0,0.0,0.0,0.0,0.0,False,0.01945074434561343,2,0.37895005400000004
Product Feature Mode,DISABLED_002_PAR_01,moderate,คนพิการ,0.2,1.0,0.33333333333333337,1.0,1.0,1.0,False,0.01409278857305441,2,0.297938128
Product Feature Mode,DISABLED_003_PAR_01,complex,คนพิการ,0.2,0.5,0.28571428571428575,0.6131471927654584,0.5769230769230769,1.0,False,0.014251028057232381,1,0.29879556
Product Feature Mode,DISABLED_004_PAR_01,moderate,คนพิการ,0.0,0.0,0.0,0.0,0.12692307692307692,0.1,False,0.022475873330338684,2,0.40724995399999997
Product Feature Mode,DISABLED_005_PAR_01,simple,คนพิการ,0.2,1.0,0.33333333333333337,1.0,1.0,1.0,False,0.018730201773910497,3,0.404256512
Product Feature Mode,DISABLED_006_PAR_01,moderate,คนพิการ,0.4,0.6666666666666666,0.5,0.819876640193745,0.5499999999999999,1.0,False,0.04436763944776492,4,0.637645914
Product Feature Mode,DISABLED_007_PAR_01,complex,คนพิการ,0.8,0.8,0.8000000000000002,0.9129675424759451,0.8314285714285713,1.0,False,0.00949476614196499,8,0.27621100000000004
Product Feature Mode,DISABLED_008_PAR_01,moderate,คนพิการ,0.0,0.0,0.0,0.0,0.0,0.0,False,0.025488984337680175,1,0.39793855399999994
Product Feature Mode,DISABLED_009_PAR_01,simple,คนพิการ,0.0,0.0,0.0,0.0,0.0,0.0,False,0.023296130572503546,2,0.46240728799999997
Product Feature Mode,DISABLED_010_PAR_01,moderate,คนพิการ,0.2,1.0,0.33333333333333337,1.0,1.0,1.0,False,0.02195200899309297,4,0.36703299
Product Feature Mode,HOMELESS_002_PAR_01,complex,คนเร่ร่อน/ไร้ที่อยู่,0.2,1.0,0.33333333333333337,0.43067655807339306,0.25,0.25,False,0.01259442880496228,2,0.38551324600000003
Product Feature Mode,MENTAL_001_PAR_01,moderate,ผู้ประสบปัญหาสุขภาพจิตและจิตเวช,0.4,0.5,0.4444444444444445,0.6097426926720908,0.5682539682539682,1.0,False,0.028912474154971026,4,0.7052464119999999
Product Feature Mode,MENTAL_003_PAR_01,simple,ผู้ประสบปัญหาสุขภาพจิตและจิตเวช,0.0,0.0,0.0,0.0,0.0,0.0,False,0.0198382424317677,1,0.36395592
Product Feature Mode,MENTAL_008_PAR_01,moderate,ผู้ประสบปัญหาสุขภาพจิตและจิตเวช,0.0,0.0,0.0,0.0,0.0,0.0,False,0.01435923680763654,7,0.341568086
Product Feature Mode,MENTAL_010_PAR_01,moderate,ผู้ประสบปัญหาสุขภาพจิตและจิตเวช,0.2,1.0,0.33333333333333337,1.0,1.0,1.0,False,0.012518100192783882,4,0.29101132599999996
Product Feature Mode,SUBSTANCE_002_PAR_01,complex,ผู้ประสบปัญหายาเสพติด,0.2,1.0,0.33333333333333337,1.0,1.0,1.0,False,0.017130473058751657,7,0.505694044
Product Feature Mode,SUBSTANCE_003_PAR_01,simple,ผู้ประสบปัญหายาเสพติด,0.0,0.0,0.0,0.0,0.0,0.0,False,0.01892509625207072,1,0.33913440199999995
Product Feature Mode,NCD_001_PAR_01,simple,ผู้ป่วยโรคเรื้อรังไม่ติดต่อ (NCD),0.0,0.0,0.0,0.0,0.0,0.0,False,0.009332329935711791,1,0.334403958
Product Feature Mode,NCD_009_PAR_01,simple,ผู้ป่วยโรคเรื้อรังไม่ติดต่อ (NCD),0.0,0.0,0.0,0.0,0.0,0.0,False,0.02287144658777031,1,0.34764712000000003
Product Feature Mode,NCD_010_PAR_01,moderate,ผู้ป่วยโรคเรื้อรังไม่ติดต่อ (NCD),0.2,1.0,0.33333333333333337,1.0,1.0,1.0,False,0.021481597921221722,5,0.44659154
Product Feature Mode,HIV_TB_005_PAR_01,complex,ผู้ป่วยเอดส์และวัณโรค,0.2,1.0,0.33333333333333337,0.6309297535714575,0.5,0.5,False,0.014846827402620553,5,0.609426886
Product Feature Mode,BEDRIDDEN_006_PAR_01,simple,เคสติดเตียงไร้ญาติ,0.0,0.0,0.0,0.0,0.0,0.0,False,0.002931203454327712,1,0.32046110200000005
Product Feature Mode,BEDRIDDEN_010_PAR_01,complex,เคสติดเตียงไร้ญาติ,0.0,0.0,0.0,0.0,0.0,0.0,False,0.022303553760047223,2,0.6166440480000001
Product Feature Mode,REHAB_001_PAR_01,moderate,เคสขอทุนฝึกอาชีพและฟื้นฟูสมรรถภาพ,0.2,1.0,0.33333333333333337,1.0,1.0,1.0,False,0.018561160700082294,3,0.401221186
Product Feature Mode,REHAB_003_PAR_01,moderate,เคสขอทุนฝึกอาชีพและฟื้นฟูสมรรถภาพ,0.2,0.5,0.28571428571428575,0.6131471927654584,0.6428571428571428,1.0,False,0.008159873570779037,4,0.258129336
Product Feature Mode,REHAB_004_PAR_01,simple,เคสขอทุนฝึกอาชีพและฟื้นฟูสมรรถภาพ,0.4,1.0,0.5714285714285715,0.8772153153380493,0.75,1.0,False,0.007776379603394102,2,0.24891812399999996
Product Feature Mode,REHAB_005_PAR_01,moderate,เคสขอทุนฝึกอาชีพและฟื้นฟูสมรรถภาพ,0.2,0.5,0.28571428571428575,0.6131471927654584,0.6666666666666666,1.0,False,0.010189426254986757,1,0.26876351
Product Feature Mode,FINANCE_001_PAR_01,simple,เคสปัญหาด้านการเงิน,0.4,1.0,0.5714285714285715,0.944847956559586,0.75,1.0,False,0.0069515224387428215,3,0.259775382
Product Feature Mode,FINANCE_002_PAR_01,moderate,เคสปัญหาด้านการเงิน,0.0,0.0,0.0,0.0,0.0,0.0,False,0.006597100399658887,2,0.30085551
Product Feature Mode,FINANCE_003_PAR_01,moderate,เคสปัญหาด้านการเงิน,0.2,1.0,0.33333333333333337,1.0,1.0,1.0,False,0.008519907054132272,4,0.262605082
Product Feature Mode,LOVE_005_PAR_01,moderate,เคสปัญหาด้านความรัก,0.0,0.0,0.0,0.0,0.0,0.0,False,0.012146367223834855,4,0.324663888
Product Feature Mode,FAMILY_001_PAR_01,moderate,เคสปัญหาครอบครัว,0.4,1.0,0.5714285714285715,1.0,1.0,1.0,False,0.030694377537790207,4,0.725034286
Product Feature Mode,FAMILY_002_PAR_01,complex,เคสปัญหาครอบครัว,0.2,1.0,0.33333333333333337,1.0,1.0,1.0,False,0.014936483198767161,4,0.2961564
Product Feature Mode,FAMILY_003_PAR_01,simple,เคสปัญหาครอบครัว,0.0,0.0,0.0,0.0,0.0,0.0,True,0.05207978754088103,0,0.030429259999999996
Product Feature Mode,CHILD_003_ESC_01,complex,เด็กและเยาวชน,0.0,0.0,0.0,0.0,0.0,0.0,False,0.016833756395922123,2,0.305811462
Product Feature Mode,ELDER_001_ESC_01,complex,ผู้สูงอายุ,0.0,0.0,0.0,0.0,0.0,0.0,False,0.024294032653090315,1,0.36751702799999997
Product Feature Mode,ELDER_003_ESC_01,complex,ผู้สูงอายุ,0.0,0.0,0.0,0.0,0.0,0.0,False,0.016247252148050204,2,0.36219793
Product Feature Mode,ELDER_007_ESC_01,complex,ผู้สูงอายุ,0.0,0.0,0.0,0.0,0.0,0.0,True,0.04855508994038489,0,0.030732341999999996
Product Feature Mode,DISABLED_001_ESC_01,complex,คนพิการ,0.0,0.0,0.0,0.0,0.0,0.0,False,0.018626796701869983,2,0.363781754
Product Feature Mode,DISABLED_005_ESC_01,complex,คนพิการ,0.2,1.0,0.33333333333333337,1.0,1.0,1.0,False,0.024833369656865383,3,0.49915564199999995
Product Feature Mode,DISABLED_009_ESC_01,complex,คนพิการ,0.0,0.0,0.0,0.0,0.0,0.0,False,0.01977690372140536,2,0.38524633
Product Feature Mode,HOMELESS_003_ESC_01,complex,คนเร่ร่อน/ไร้ที่อยู่,0.4,0.6666666666666666,0.5,0.7653606369886217,0.7916666666666666,1.0,False,0.008634193115859857,4,0.2721789
Product Feature Mode,MENTAL_003_ESC_01,complex,ผู้ประสบปัญหาสุขภาพจิตและจิตเวช,0.0,0.0,0.0,0.0,0.0,0.0,False,0.017852976563997806,1,0.327898398
Product Feature Mode,MENTAL_007_ESC_01,complex,ผู้ประสบปัญหาสุขภาพจิตและจิตเวช,0.0,0.0,0.0,0.0,0.0,0.0,False,0.02529011071632702,1,0.41682701799999994
Product Feature Mode,CHILD_002_SIM_01,simple,เด็กและเยาวชน,0.0,0.0,0.0,0.0,0.0,0.0,True,0.04711087332017431,0,0.031068912000000004
Product Feature Mode,CHILD_005_SIM_01,simple,เด็กและเยาวชน,0.0,0.0,0.0,0.0,0.0,0.0,True,0.0486809954421236,0,0.029614604
Product Feature Mode,ELDER_004_SIM_01,simple,ผู้สูงอายุ,0.2,0.3333333333333333,0.25,0.23463936301137822,0.27136752136752135,0.3333333333333333,True,0.04519348541341765,0,0.030176364
Product Feature Mode,ELDER_008_SIM_01,simple,ผู้สูงอายุ,0.0,0.0,0.0,0.0,0.0,0.0,True,0.07673846767048036,0,0.03013534
Product Feature Mode,ELDER_010_SIM_01,simple,ผู้สูงอายุ,0.2,1.0,0.33333333333333337,0.5,0.3333333333333333,0.3333333333333333,True,0.08603515894309889,0,0.03113127
Product Feature Mode,DISABLED_003_SIM_01,simple,คนพิการ,0.0,0.0,0.0,0.0,0.0,0.0,True,0.04455674549540396,0,0.030547407999999998
Product Feature Mode,DISABLED_007_SIM_01,simple,คนพิการ,0.2,0.5,0.28571428571428575,0.38685280723454163,0.39285714285714285,0.5,True,0.04720857893949622,0,0.030820122
Product Feature Mode,HOMELESS_002_SIM_01,simple,คนเร่ร่อน/ไร้ที่อยู่,0.0,0.0,0.0,0.0,0.0,0.0,True,0.036642581242552964,0,0.030239815999999996
Product Feature Mode,HOMELESS_005_SIM_01,simple,คนเร่ร่อน/ไร้ที่อยู่,0.0,0.0,0.0,0.0,0.0,0.0,True,0.03973980717523305,0,0.031339352
Product Feature Mode,MENTAL_002_SIM_01,simple,ผู้ประสบปัญหาสุขภาพจิตและจิตเวช,0.0,0.0,0.0,0.0,0.0,0.0,True,0.07357744217470936,0,0.030789564
Product Feature Mode,ADV_001,moderate,adversarial_l2_test,0.0,0.0,0.0,0.0,0.0,0.0,False,0.0017002410744339682,1,0.063992638
Product Feature Mode,ADV_002,moderate,adversarial_l2_test,0.0,0.0,0.0,0.0,0.0,0.0,False,4.510505235157778e-05,2,0.00083067
Product Feature Mode,ADV_003,moderate,adversarial_l2_test,0.0,0.0,0.0,0.0,0.0,0.0,False,0.0005579192375595971,1,0.019962042000000003
Product Feature Mode,ADV_004,moderate,adversarial_l2_test,0.0,0.0,0.0,0.0,0.0,0.0,False,0.001413673004608976,1,0.062124046
Product Feature Mode,ADV_005,moderate,adversarial_l2_test,0.0,0.0,0.0,0.0,0.06666666666666667,0.06666666666666667,False,0.002599422779696771,1,0.040889726
Product Feature Mode,NEG_SH_POS,moderate,ผู้ประสบปัญหาสุขภาพจิตและจิตเวช,0.6,0.75,0.6666666666666665,0.787702056960637,0.7928571428571429,1.0,True,0.07192001840238453,1,0.73469392
Product Feature Mode,NEG_SH_NEG,moderate,ผู้ประสบปัญหาสุขภาพจิตและจิตเวช,0.0,0.0,0.0,0.0,0.0,0.0,False,0.0010501685602247075,1,0.046813874000000005
Product Feature Mode,NEG_SM_POS,simple,เคสปัญหาด้านการเงิน,0.6,0.75,0.6666666666666665,0.75369761125927,0.6810897435897436,1.0,False,0.011199965711854888,2,0.155411066
Product Feature Mode,NEG_SM_NEG,simple,เคสปัญหาด้านการเงิน,0.0,0.0,0.0,0.0,0.0,0.0,False,0.004160139738374419,2,0.061777528000000005
Product Feature Mode,NEG_SL_POS,simple,ผู้ป่วยโรคเรื้อรังไม่ติดต่อ (NCD),0.0,0.0,0.0,0.0,0.0,0.0,False,0.000984700027218902,2,0.007827958000000001
Product Feature Mode,NEG_SL_NEG,simple,ผู้ป่วยโรคเรื้อรังไม่ติดต่อ (NCD),0.0,0.0,0.0,0.0,0.0,0.0,False,0.0005841590833765741,1,0.006498028
Product Feature Mode,NEG_MH_POS,complex,เคสประสบปัญหาถูกกระทำความรุนแรง,0.4,0.4,0.4000000000000001,0.5052077707304854,0.6055555555555554,1.0,False,0.03239881007898187,3,0.782026738
Product Feature Mode,NEG_MH_NEG,complex,เคสประสบปัญหาถูกกระทำความรุนแรง,0.0,0.0,0.0,0.0,0.0,0.0,False,0.012405643633128809,4,0.22490571599999995
Product Feature Mode,NEG_MM_POS,moderate,เคสปัญหาครอบครัว,0.0,0.0,0.0,0.0,0.0,0.0,False,0.0034625638567299575,5,0.083022852
Product Feature Mode,NEG_MM_NEG,moderate,เคสปัญหาครอบครัว,0.0,0.0,0.0,0.0,0.0,0.0,False,0.003240453329348208,6,0.08170222999999999
Product Feature Mode,NEG_ML_POS,simple,ผู้สูงอายุ,0.0,0.0,0.0,0.0,0.0,0.0,False,0.0024564774733540143,3,0.050720042
Product Feature Mode,NEG_ML_NEG,simple,ผู้สูงอายุ,0.0,0.0,0.0,0.0,0.0,0.0,False,0.0036462442552413015,4,0.102474172
Product Feature Mode,NEG_LH_POS,complex,เคสประสบปัญหาถูกกระทำความรุนแรง,0.6,0.75,0.6666666666666665,0.8318724637288826,0.8928571428571428,1.0,False,0.046168760114748686,5,0.665137718
Product Feature Mode,NEG_LH_NEG,complex,เคสประสบปัญหาถูกกระทำความรุนแรง,0.0,0.0,0.0,0.0,0.0,0.0,False,0.0020867236792335804,3,0.055001102
Product Feature Mode,NEG_LM_POS,complex,เคสปัญหาครอบครัว,0.0,0.0,0.0,0.0,0.18560606060606064,0.125,False,0.007788877021167017,6,0.230302458
Product Feature Mode,NEG_LM_NEG,complex,เคสปัญหาครอบครัว,0.0,0.0,0.0,0.0,0.0,0.0,True,0.020093820593210892,0,0.030973406
Product Feature Mode,NEG_LL_POS,simple,ผู้สูงอายุ,0.0,0.0,0.0,0.0,0.0,0.0,False,0.039429784348773325,4,0.6177410099999999
Product Feature Mode,NEG_LL_NEG,simple,ผู้สูงอายุ,0.0,0.0,0.0,0.0,0.0,0.0,False,0.009899341859721874,5,0.277465408
Product Feature Mode,NEG_SH_POS_V2,moderate,ผู้ประสบปัญหาสุขภาพจิตและจิตเวช,0.6,0.75,0.6666666666666665,0.8318724637288826,0.875,1.0,False,0.042198016319090544,1,0.602417198
Product Feature Mode,NEG_SH_NEG_V2,moderate,ผู้ประสบปัญหาสุขภาพจิตและจิตเวช,0.0,0.0,0.0,0.0,0.0,0.0,False,0.0027934840218419993,1,0.05887774
Product Feature Mode,NEG_SM_POS_V2,simple,เคสปัญหาครอบครัว,0.0,0.0,0.0,0.0,0.0,0.0,False,0.0012936183049246709,2,0.047211032
Product Feature Mode,NEG_SM_NEG_V2,simple,เคสปัญหาครอบครัว,0.0,0.0,0.0,0.0,0.0,0.0,False,0.00021033513985693126,3,0.00587803
Product Feature Mode,NEG_SL_POS_V2,simple,ผู้สูงอายุ,0.0,0.0,0.0,0.0,0.0,0.0,True,0.019038220651160752,0,0.030304622000000003
Product Feature Mode,NEG_SL_NEG_V2,simple,ผู้สูงอายุ,0.0,0.0,0.0,0.0,0.0,0.0,True,0.014603990860919963,0,0.030000359999999997
Product Feature Mode,NEG_MH_POS_V2,complex,เด็กและสตรี,0.0,0.0,0.0,0.0,0.0,0.0,False,0.006704444154039473,3,0.20377698200000002
Product Feature Mode,NEG_MH_NEG_V2,complex,เด็กและสตรี,0.0,0.0,0.0,0.0,0.0,0.0,False,0.0033903247352013127,4,0.069767756
Product Feature Mode,NEG_MM_POS_V2,moderate,ปัญหาครอบครัว,0.0,0.0,0.0,0.0,0.0,0.0,False,0.0012874843060798303,4,0.027424214000000002
Product Feature Mode,NEG_MM_NEG_V2,moderate,ปัญหาครอบครัว,0.0,0.0,0.0,0.0,0.0,0.0,False,0.0002316708709098917,2,0.0035902539999999998
Product Feature Mode,NEG_ML_POS_V2,simple,ผู้สูงอายุ,0.0,0.0,0.0,0.0,0.0,0.0,False,0.00212387499704497,2,0.063193136
Product Feature Mode,NEG_ML_NEG_V2,simple,ผู้สูงอายุ,0.0,0.0,0.0,0.0,0.0,0.0,False,0.00021216759344823047,1,0.005618676000000001
Product Feature Mode,NEG_LH_POS_V2,complex,รุนแรง/วัยรุ่น,0.0,0.0,0.0,0.0,0.06666666666666667,0.06666666666666667,False,0.0015536935187436883,6,0.048762812
Product Feature Mode,NEG_LH_NEG_V2,complex,รุนแรง/วัยรุ่น,0.0,0.0,0.0,0.0,0.0,0.0,False,0.0008502285337750374,7,0.019255325999999996
Product Feature Mode,NEG_LM_POS_V2,complex,ครอบครัว/หนี้สิน,0.2,0.5,0.28571428571428575,0.6131471927654584,0.5714285714285714,1.0,False,0.0011263539964521284,5,0.062335518
Product Feature Mode,NEG_LM_NEG_V2,complex,ครอบครัว/หนี้สิน,0.0,0.0,0.0,0.0,0.0,0.0,False,0.0005021173660378964,3,0.015433492000000002
Product Feature Mode,NEG_LL_POS_V2,simple,ผู้สูงอายุ,0.0,0.0,0.0,0.0,0.0,0.0,False,0.000257410712738236,1,0.00584378
Product Feature Mode,NEG_LL_NEG_V2,simple,ผู้สูงอายุ,0.0,0.0,0.0,0.0,0.0,0.0,False,3.782238334289795e-05,1,0.00234081
