alpha,arm,case_id,complexity,n_problems,doc_ids,P@5,R@5,F1@5,nDCG@5,nDCG@10,MAP,MRR
0.0,h2l-hybrid,CHILD_004,moderate,3,3|84|12|1|89|37|85|88|42|87|81|4|10|86|26,0.4,0.5,0.4444444444444445,0.35753408824606947,0.6136334521116898,0.6833333333333333,1.0
0.0,h2l-hybrid,ELDER_002,moderate,7,6|62|68|66|14|64|60|8|18|30|59|65|47|20|63,0.0,0.0,0.0,0.0,0.0,0.0,0.0
0.0,h2l-hybrid,ELDER_009,moderate,4,13|62|63|59|9|39|67|36|65|22|34|68|82|6|38,0.2,1.0,0.33333333333333337,0.6309297535714575,0.6309297535714575,0.5,0.5
0.0,h2l-hybrid,DISABLED_004,moderate,3,18|62|68|6|64|22|14|66|69|65|8|72|75|15|16,0.0,0.0,0.0,0.0,0.36181498356361597,0.15555555555555556,0.1111111111111111
0.0,h2l-hybrid,DISABLED_006,moderate,4,20|85|6|60|17|24|68|1|2|14|16|62|0|59|22,0.4,1.0,0.5714285714285715,0.9327783893101107,0.9327783893101107,0.7,1.0
0.0,h2l-hybrid,HOMELESS_003,simple,4,27|69|74|65|89|13|18|15|25|78|63|59|29|36|0,0.2,1.0,0.33333333333333337,0.6309297535714575,0.6309297535714575,0.5,0.5
0.0,h2l-hybrid,MENTAL_006,complex,1,35|91|14|38|79|44|30|70|34|31|81|80|6|32|53,0.2,1.0,0.33333333333333337,0.5,0.5,0.3333333333333333,0.3333333333333333
0.0,h2l-hybrid,MENTAL_008,moderate,6,37|81|84|86|21|1|3|33|80|85|24|25|31|12|88,0.0,0.0,0.0,0.0,0.0,0.0,0.0
0.0,h2l-hybrid,MENTAL_009,complex,0,38|9|68|34|6|39|87|36|51|67|13|18|82|35|17,0.0,0.0,0.0,0.0,0.0,0.0,0.0
0.0,h2l-hybrid,SUBSTANCE_003,simple,1,42|32|52|43|79|39|31|12|10|82|87|30|36|51|3,0.0,0.0,0.0,0.0,0.0,0.0,0.0
0.0,h2l-hybrid,NCD_001,simple,1,44|19|8|32|45|51|48|47|52|14|66|10|28|50|6,0.0,0.0,0.0,0.0,0.0,0.0,0.0
0.0,h2l-hybrid,NCD_004,complex,4,47|51|45|59|67|65|6|8|82|86|68|61|63|39|62,0.0,0.0,0.0,0.0,0.31546487678572877,0.125,0.125
0.0,h2l-hybrid,NCD_008,complex,2,51|47|45|67|82|52|36|44|8|39|19|86|48|49|80,0.0,0.0,0.0,0.0,0.0,0.0,0.0
0.0,h2l-hybrid,HIV_TB_003,simple,1,56|54|55|57|41|58|11|86|29|17|82|70|21|48|52,0.0,0.0,0.0,0.0,0.0,0.0,0.0
0.0,h2l-hybrid,BEDRIDDEN_003,moderate,3,61|59|8|47|65|63|62|29|67|13|60|39|10|66|6,0.2,1.0,0.33333333333333337,1.0,1.0,1.0,1.0
0.0,h2l-hybrid,BEDRIDDEN_004,complex,4,62|6|66|18|64|8|68|60|14|13|59|63|61|65|46,0.2,1.0,0.33333333333333337,1.0,1.0,1.0,1.0
0.0,h2l-hybrid,BEDRIDDEN_008,moderate,3,66|8|62|68|6|60|10|46|64|61|63|67|14|50|59,0.0,0.0,0.0,0.0,0.0,0.0,0.0
0.0,h2l-hybrid,REHAB_002,simple,2,70|55|34|58|68|54|32|62|6|48|22|30|71|79|82,0.2,1.0,0.33333333333333337,1.0,1.0,1.0,1.0
0.0,h2l-hybrid,FINANCE_001,simple,3,74|5|65|2|69|36|75|15|77|18|8|59|23|25|22,0.4,1.0,0.5714285714285715,0.944847956559586,0.944847956559586,0.75,1.0
0.0,h2l-hybrid,LOVE_004,simple,1,82|51|54|86|45|47|48|36|6|71|79|30|9|38|39,0.0,0.0,0.0,0.0,0.0,0.0,0.0
0.0,h2l-hybrid,FAMILY_001,moderate,4,84|87|12|3|37|89|88|0|1|43|2|20|81|40|25,0.4,1.0,0.5714285714285715,1.0,1.0,1.0,1.0
0.0,h2l-hybrid,VIOLENCE_004,simple,0,90|87|77|6|22|74|10|66|8|34|84|89|25|88|16,0.0,0.0,0.0,0.0,0.0,0.0,0.0
0.0,h2l-hybrid,CHILD_004_PAR_01,moderate,3,3|84|12|1|89|37|88|85|42|81|40|86|26|10|4,0.4,0.6666666666666666,0.5,0.7653606369886217,0.9066276098484507,0.7777777777777778,1.0
0.0,h2l-hybrid,DISABLED_004_PAR_01,moderate,2,18|68|62|64|6|14|65|69|22|87|66|8|72|75|16,0.0,0.0,0.0,0.0,0.4401191709229659,0.23095238095238094,0.14285714285714285
0.0,h2l-hybrid,DISABLED_006_PAR_01,moderate,4,20|6|60|17|85|62|68|16|14|8|77|59|18|65|24,0.4,0.5,0.4444444444444445,0.7520764230169481,0.7520764230169481,0.5041208791208791,1.0
0.0,h2l-hybrid,MENTAL_008_PAR_01,moderate,7,37|81|80|86|21|91|84|30|89|33|1|31|88|40|25,0.0,0.0,0.0,0.0,0.0,0.0,0.0
0.0,h2l-hybrid,SUBSTANCE_003_PAR_01,simple,1,42|32|52|43|79|39|12|82|31|68|36|87|10|30|51,0.0,0.0,0.0,0.0,0.0,0.0,0.0
0.0,h2l-hybrid,NCD_001_PAR_01,simple,1,44|19|51|45|8|32|48|47|52|66|14|10|50|6|16,0.0,0.0,0.0,0.0,0.0,0.0,0.0
0.0,h2l-hybrid,FINANCE_001_PAR_01,simple,3,74|5|65|2|69|75|36|77|15|8|13|59|23|25|90,0.4,1.0,0.5714285714285715,0.944847956559586,0.944847956559586,0.75,1.0
0.0,h2l-hybrid,FAMILY_001_PAR_01,moderate,4,84|87|12|3|89|37|88|40|90|81|25|0|1|43|34,0.4,1.0,0.5714285714285715,1.0,1.0,1.0,1.0
0.0,h2l-hybrid,HOMELESS_003_ESC_01,complex,4,27|69|89|74|65|13|18|39|15|31|84|59|78|25|63,0.4,0.6666666666666666,0.5,0.7653606369886217,0.7653606369886217,0.7575757575757575,1.0
0.0,h2l-hybrid,ADV_001,moderate,2,30|31|81|80|6|74|76|47|91|77|51|62|33|49|89,0.0,0.0,0.0,0.0,0.0,0.0,0.0
0.0,h2l-hybrid,ADV_002,moderate,4,71|86|72|58|1|73|12|0|40|26|29|75|9|28|24,0.0,0.0,0.0,0.0,0.0,0.0,0.0
0.0,h2l-hybrid,ADV_003,moderate,3,70|29|1|8|16|17|73|78|33|4|69|36|22|67|55,0.0,0.0,0.0,0.0,0.0,0.0,0.0
0.0,h2l-hybrid,ADV_004,moderate,2,3|1|86|12|84|21|37|85|20|0|31|87|9|26|38,0.0,0.0,0.0,0.0,0.0,0.0,0.0
0.0,h2l-hybrid,ADV_005,moderate,1,84|12|1|3|85|0|20|72|87|81|26|37|69|29|2,0.0,0.0,0.0,0.0,0.0,0.07692307692307693,0.07692307692307693
0.0,h2l-hybrid,NEG_SH_POS,moderate,1,30|80|51|31|91|39|6|81|70|29|10|58|17|79|82,0.6,0.75,0.6666666666666665,0.787702056960637,0.910853251331002,0.775,1.0
0.0,h2l-hybrid,NEG_SH_NEG,moderate,1,30|81|80|31|91|39|6|29|70|32|21|34|88|51|47,0.0,0.0,0.0,0.0,0.0,0.0,0.0
0.0,h2l-hybrid,NEG_SM_POS,simple,2,74|77|49|65|8|61|75|62|69|23|59|7|22|5|63,0.6,0.75,0.6666666666666665,0.8048099750039491,0.9223260797603763,0.7986111111111112,1.0
0.0,h2l-hybrid,NEG_SM_NEG,simple,2,74|77|65|75|49|8|69|42|62|22|61|51|59|23|7,0.0,0.0,0.0,0.0,0.0,0.0,0.0
0.0,h2l-hybrid,NEG_SL_POS,simple,2,24|51|32|21|16|28|29|26|59|55|61|3|66|67|65,0.0,0.0,0.0,0.0,0.0,0.0,0.0
0.0,h2l-hybrid,NEG_SL_NEG,simple,1,32|51|21|17|13|57|16|29|28|24|47|82|59|61|67,0.0,0.0,0.0,0.0,0.0,0.0,0.0
0.0,h2l-hybrid,NEG_MH_POS,complex,3,3|84|85|87|12|20|88|37|89|26|81|1|2|0|4,0.6,0.6,0.6,0.811925988329848,0.872759065542811,0.6922222222222222,1.0
0.0,h2l-hybrid,NEG_MH_NEG,complex,4,85|20|84|3|2|12|1|0|37|87|4|88|26|81|6,0.0,0.0,0.0,0.0,0.0,0.0,0.0
0.0,h2l-hybrid,NEG_MM_POS,moderate,5,86|68|42|87|39|82|12|38|79|48|43|14|26|50|53,0.0,0.0,0.0,0.0,0.0,0.0,0.0
0.0,h2l-hybrid,NEG_MM_NEG,moderate,6,86|68|12|42|72|87|6|38|70|39|26|3|41|53|47,0.0,0.0,0.0,0.0,0.0,0.0,0.0
0.0,h2l-hybrid,NEG_ML_POS,simple,3,65|36|61|39|9|13|17|29|67|25|59|51|54|47|86,0.0,0.0,0.0,0.0,0.0,0.0,0.0
0.0,h2l-hybrid,NEG_ML_NEG,simple,4,74|65|36|25|61|39|17|13|29|67|59|8|23|51|15,0.0,0.0,0.0,0.0,0.0,0.0,0.0
0.0,h2l-hybrid,NEG_LH_POS,complex,5,87|12|84|26|83|41|3|55|40|16|18|6|43|10|82,0.6,0.75,0.6666666666666665,0.8318724637288826,0.9619991470595832,0.8928571428571428,1.0
0.0,h2l-hybrid,NEG_LH_NEG,complex,3,30|70|80|81|87|41|76|38|6|82|8|83|68|26|66,0.0,0.0,0.0,0.0,0.0,0.0,0.0
0.0,h2l-hybrid,NEG_LM_POS,complex,6,76|36|39|82|51|75|86|49|78|6|31|47|9|67|59,0.0,0.0,0.0,0.0,0.0,0.08333333333333333,0.08333333333333333
0.0,h2l-hybrid,NEG_LM_NEG,complex,0,1|20|3|85|0|86|84|26|37|24|34|9|4|73|38,0.0,0.0,0.0,0.0,0.0,0.0,0.0
0.0,h2l-hybrid,NEG_LL_POS,simple,4,6|8|66|62|10|60|14|50|68|38|9|28|75|13|16,0.0,0.0,0.0,0.0,0.0,0.0,0.0
0.0,h2l-hybrid,NEG_LL_NEG,simple,5,6|8|62|66|14|10|60|48|47|67|12|28|18|16|61,0.0,0.0,0.0,0.0,0.0,0.0,0.0
0.0,h2l-hybrid,NEG_SH_POS_V2,moderate,1,30|80|91|51|31|6|40|10|88|81|58|33|76|70|47,0.6,0.75,0.6666666666666665,0.8318724637288826,0.9447176050778178,0.85,1.0
0.0,h2l-hybrid,NEG_SH_NEG_V2,moderate,1,30|80|81|91|31|88|29|33|6|34|51|47|70|32|79,0.0,0.0,0.0,0.0,0.0,0.0,0.0
0.0,h2l-hybrid,NEG_SM_POS_V2,simple,2,87|12|3|39|43|31|38|86|26|53|41|82|50|40|25,0.0,0.0,0.0,0.0,0.0,0.0,0.0
0.0,h2l-hybrid,NEG_SM_NEG_V2,simple,3,39|87|33|26|41|31|82|12|54|86|3|71|25|42|51,0.0,0.0,0.0,0.0,0.0,0.0,0.0
0.0,h2l-hybrid,NEG_SL_POS_V2,simple,0,47|51|29|32|57|58|62|55|14|13|28|59|31|56|22,0.0,0.0,0.0,0.0,0.0,0.0,0.0
0.0,h2l-hybrid,NEG_SL_NEG_V2,simple,0,48|55|51|58|47|32|56|57|70|41|40|67|35|52|28,0.0,0.0,0.0,0.0,0.0,0.0,0.0
0.0,h2l-hybrid,NEG_MH_POS_V2,complex,3,3|85|88|21|1|84|37|29|86|0|12|26|31|20|87,0.0,0.0,0.0,0.0,0.0,0.0,0.0
0.0,h2l-hybrid,NEG_MH_NEG_V2,complex,4,3|85|84|21|1|88|37|0|12|4|86|87|71|6|26,0.0,0.0,0.0,0.0,0.0,0.0,0.0
0.0,h2l-hybrid,NEG_MM_POS_V2,moderate,4,71|86|82|78|1|6|3|12|30|37|26|40|29|14|17,0.0,0.0,0.0,0.0,0.0,0.0,0.0
0.0,h2l-hybrid,NEG_MM_NEG_V2,moderate,2,9|1|71|86|12|3|26|54|47|75|21|0|82|84|13,0.0,0.0,0.0,0.0,0.0,0.0,0.0
0.0,h2l-hybrid,NEG_ML_POS_V2,simple,2,36|39|51|78|25|9|69|72|76|29|33|38|30|82|67,0.0,0.0,0.0,0.0,0.0,0.0,0.0
0.0,h2l-hybrid,NEG_ML_NEG_V2,simple,1,30|33|28|36|29|9|69|70|26|17|32|12|47|73|51,0.0,0.0,0.0,0.0,0.0,0.0,0.0
0.0,h2l-hybrid,NEG_LH_POS_V2,complex,6,12|84|88|58|3|86|26|85|87|40|0|71|29|1|81,0.0,0.0,0.0,0.0,0.0,0.07142857142857142,0.07142857142857142
0.0,h2l-hybrid,NEG_LH_NEG_V2,complex,7,84|3|12|85|32|1|0|88|86|87|35|71|20|34|40,0.0,0.0,0.0,0.0,0.0,0.0,0.0
0.0,h2l-hybrid,NEG_LM_POS_V2,complex,5,89|75|76|86|78|6|64|82|38|1|3|12|0|37|26,0.2,1.0,0.33333333333333337,1.0,1.0,1.0,1.0
0.0,h2l-hybrid,NEG_LM_NEG_V2,complex,3,75|89|1|86|29|31|26|12|85|39|25|37|78|59|8,0.0,0.0,0.0,0.0,0.0,0.0,0.0
0.0,h2l-hybrid,NEG_LL_POS_V2,simple,1,61|8|16|59|60|66|6|21|18|13|25|28|65|29|26,0.0,0.0,0.0,0.0,0.0,0.0,0.0
0.0,h2l-hybrid,NEG_LL_NEG_V2,simple,2,3|12|29|59|25|1|60|8|6|28|66|26|38|16|31,0.0,0.0,0.0,0.0,0.0,0.0,0.0
0.0,h2l-hybrid,SHORT_ELDER_01,simple,3,8|68|6|62|44|47|59|60|66|67|18|51|70|50|65,0.2,1.0,0.33333333333333337,1.0,1.0,1.0,1.0
0.0,h2l-hybrid,SHORT_HOMELESS_01,simple,2,29|25|42|28|61|43|9|12|39|26|47|40|31|57|51,0.2,0.5,0.28571428571428575,0.13770577618809332,0.43201649929501884,0.3333333333333333,0.3333333333333333
0.0,h2l-hybrid,SHORT_MENTAL_01,simple,2,31|29|1|54|39|70|17|55|21|56|47|86|51|32|82,0.6,1.0,0.7499999999999999,0.8145672023038535,0.8145672023038535,1.0,1.0
0.0,h2l-hybrid,SHORT_CHILD_01,simple,2,1|20|17|21|73|24|9|29|3|86|37|85|16|34|0,0.8,1.0,0.888888888888889,0.9047172294870751,0.9047172294870751,0.8041666666666667,1.0
0.0,h2l-hybrid,SHORT_ABUSE_01,simple,3,87|12|26|84|3|88|81|89|6|10|18|79|33|14|30,0.8,1.0,0.888888888888889,0.9558295932317544,0.9558295932317544,0.8875,1.0
0.0,h2l-hybrid,TINY_ABUSE_01,simple,2,3|89|88|84|12|87|21|26|29|85|81|37|90|33|25,0.2,0.5,0.28571428571428575,0.2640681225725909,0.48247555939075504,0.29166666666666663,0.25
0.0,h2l-hybrid,TINY_MENTAL_01,simple,2,29|1|39|21|32|9|13|17|34|68|55|51|30|67|80,0.4,1.0,0.5714285714285715,1.0,1.0,1.0,1.0
0.0,h2l-hybrid,TINY_HOMELESS_01,simple,1,25|29|26|28|8|1|61|59|78|58|67|71|62|4|21,0.0,0.0,0.0,0.0,0.0,0.0,0.0
0.0,h2l-hybrid,ADV_006,moderate,2,81|30|6|80|31|88|76|34|33|70|29|32|72|12|47,0.0,0.0,0.0,0.0,0.0,0.0,0.0
0.0,h2l-hybrid,ADV_007,moderate,2,86|31|29|82|58|26|40|56|71|1|43|3|34|72|12,0.0,0.0,0.0,0.0,0.0,0.0,0.0
0.0,h2l-hybrid,ADV_008,moderate,4,29|70|1|21|9|78|36|39|72|73|17|32|12|56|82,0.0,0.0,0.0,0.0,0.0,0.0,0.0
0.0,h2l-hybrid,ADV_009,moderate,2,89|3|84|75|34|85|12|31|29|78|74|81|26|88|17,0.2,1.0,0.33333333333333337,1.0,1.0,1.0,1.0
0.0,h2l-hybrid,ADV_010,moderate,2,3|29|26|87|12|31|1|85|86|88|55|47|81|37|66,0.0,0.0,0.0,0.0,0.0,0.0,0.0
0.0,h2l-hybrid,ADV_011,moderate,3,66|6|62|14|17|12|47|42|8|40|10|38|18|28|61,0.0,0.0,0.0,0.0,0.0,0.0,0.0
0.0,h2l-hybrid,ADV_012,moderate,5,86|58|40|6|12|82|71|9|20|14|70|17|67|32|38,0.0,0.0,0.0,0.0,0.0,0.0,0.0
0.0,h2l-hybrid,ADV_013,moderate,2,31|29|21|1|39|17|47|86|59|32|51|70|67|36|55,0.0,0.0,0.0,0.0,0.0,0.0,0.0
0.0,h2l-hybrid,ADV_014,moderate,2,88|85|21|1|26|29|89|86|33|43|82|8|25|75|2,0.0,0.0,0.0,0.0,0.0,0.0,0.0
0.0,h2l-hybrid,ADV_015,moderate,3,84|74|3|2|87|40|12|77|89|13|65|63|5|4|29,0.0,0.0,0.0,0.0,0.0,0.0,0.0
0.0,h2l-hybrid,ADV_016,moderate,2,71|25|28|29|26|1|17|18|21|67|33|0|55|59|22,0.0,0.0,0.0,0.0,0.0,0.0,0.0
0.0,h2l-hybrid,ADV_017,moderate,2,0|26|6|4|77|75|85|66|12|32|3|41|83|67|20,0.0,0.0,0.0,0.0,0.0,0.0,0.0
0.0,h2l-hybrid,ADV_018,moderate,4,61|14|50|57|7|17|62|6|68|66|10|67|38|47|63,0.0,0.0,0.0,0.0,0.0,0.0,0.0
0.0,h2l-hybrid,ADV_019,moderate,3,44|75|51|47|67|8|45|52|19|14|66|32|6|89|70,0.0,0.0,0.0,0.0,0.0,0.07142857142857142,0.07142857142857142
0.0,h2l-hybrid,ADV_020,moderate,3,57|55|58|50|14|56|31|36|7|42|29|61|17|39|30,0.0,0.0,0.0,0.0,0.0,0.0,0.0
0.01,h2l-hybrid,CHILD_004,moderate,3,3|84|12|1|89|37|85|88|42|87|81|4|10|86|26,0.4,0.5,0.4444444444444445,0.35753408824606947,0.6136334521116898,0.6833333333333333,1.0
0.01,h2l-hybrid,ELDER_002,moderate,7,6|62|68|66|14|64|60|8|18|30|59|65|47|20|63,0.0,0.0,0.0,0.0,0.0,0.0,0.0
0.01,h2l-hybrid,ELDER_009,moderate,4,13|62|63|59|9|39|67|36|65|22|34|68|82|6|38,0.2,1.0,0.33333333333333337,0.6309297535714575,0.6309297535714575,0.5,0.5
0.01,h2l-hybrid,DISABLED_004,moderate,3,18|62|68|6|64|22|14|66|69|65|8|72|75|15|16,0.0,0.0,0.0,0.0,0.36181498356361597,0.15555555555555556,0.1111111111111111
0.01,h2l-hybrid,DISABLED_006,moderate,4,20|85|6|60|17|24|68|1|2|14|16|62|0|59|22,0.4,1.0,0.5714285714285715,0.9327783893101107,0.9327783893101107,0.7,1.0
0.01,h2l-hybrid,HOMELESS_003,simple,4,27|69|74|65|89|13|18|15|25|78|63|59|29|36|0,0.2,1.0,0.33333333333333337,0.6309297535714575,0.6309297535714575,0.5,0.5
0.01,h2l-hybrid,MENTAL_006,complex,1,35|91|14|38|79|44|30|70|34|31|81|80|6|32|53,0.2,1.0,0.33333333333333337,0.5,0.5,0.3333333333333333,0.3333333333333333
0.01,h2l-hybrid,MENTAL_008,moderate,6,37|81|84|86|21|1|3|33|80|85|24|25|31|12|88,0.0,0.0,0.0,0.0,0.0,0.0,0.0
0.01,h2l-hybrid,MENTAL_009,complex,0,38|9|68|34|6|39|87|36|51|67|13|18|82|35|17,0.0,0.0,0.0,0.0,0.0,0.0,0.0
0.01,h2l-hybrid,SUBSTANCE_003,simple,1,42|32|52|43|79|39|31|12|10|82|87|30|36|51|3,0.0,0.0,0.0,0.0,0.0,0.0,0.0
0.01,h2l-hybrid,NCD_001,simple,1,44|19|8|32|45|51|48|47|52|14|66|10|28|50|6,0.0,0.0,0.0,0.0,0.0,0.0,0.0
0.01,h2l-hybrid,NCD_004,complex,4,47|51|45|59|67|65|6|8|82|86|68|61|63|39|62,0.0,0.0,0.0,0.0,0.31546487678572877,0.125,0.125
0.01,h2l-hybrid,NCD_008,complex,2,51|47|45|67|82|52|36|44|8|39|19|86|48|49|80,0.0,0.0,0.0,0.0,0.0,0.0,0.0
0.01,h2l-hybrid,HIV_TB_003,simple,1,56|54|55|57|41|58|11|86|29|17|82|70|21|48|52,0.0,0.0,0.0,0.0,0.0,0.0,0.0
0.01,h2l-hybrid,BEDRIDDEN_003,moderate,3,61|59|8|47|65|63|62|29|67|13|60|39|10|66|6,0.2,1.0,0.33333333333333337,1.0,1.0,1.0,1.0
0.01,h2l-hybrid,BEDRIDDEN_004,complex,4,62|6|66|18|64|8|68|60|14|13|59|63|61|65|46,0.2,1.0,0.33333333333333337,1.0,1.0,1.0,1.0
0.01,h2l-hybrid,BEDRIDDEN_008,moderate,3,66|8|62|68|6|60|10|46|64|61|63|67|14|50|59,0.0,0.0,0.0,0.0,0.0,0.0,0.0
0.01,h2l-hybrid,REHAB_002,simple,2,70|55|34|58|68|54|32|62|6|48|22|30|71|79|82,0.2,1.0,0.33333333333333337,1.0,1.0,1.0,1.0
0.01,h2l-hybrid,FINANCE_001,simple,3,74|5|65|2|69|36|75|15|77|18|8|59|23|25|22,0.4,1.0,0.5714285714285715,0.944847956559586,0.944847956559586,0.75,1.0
0.01,h2l-hybrid,LOVE_004,simple,1,82|51|54|86|45|47|48|36|6|71|79|30|9|38|39,0.0,0.0,0.0,0.0,0.0,0.0,0.0
0.01,h2l-hybrid,FAMILY_001,moderate,4,84|87|12|3|37|89|88|0|1|43|2|20|81|40|25,0.4,1.0,0.5714285714285715,1.0,1.0,1.0,1.0
0.01,h2l-hybrid,VIOLENCE_004,simple,0,90|87|77|6|22|74|10|66|8|34|84|89|25|88|16,0.0,0.0,0.0,0.0,0.0,0.0,0.0
0.01,h2l-hybrid,CHILD_004_PAR_01,moderate,3,3|84|12|1|89|37|88|85|42|81|40|86|26|10|4,0.4,0.6666666666666666,0.5,0.7653606369886217,0.9066276098484507,0.7777777777777778,1.0
0.01,h2l-hybrid,DISABLED_004_PAR_01,moderate,2,18|68|62|64|6|14|65|69|22|87|66|8|72|75|16,0.0,0.0,0.0,0.0,0.4401191709229659,0.23095238095238094,0.14285714285714285
0.01,h2l-hybrid,DISABLED_006_PAR_01,moderate,4,20|6|60|17|85|62|68|16|14|8|77|59|18|65|24,0.4,0.5,0.4444444444444445,0.7520764230169481,0.7520764230169481,0.5041208791208791,1.0
0.01,h2l-hybrid,MENTAL_008_PAR_01,moderate,7,37|81|80|86|21|91|84|30|89|33|1|31|88|40|25,0.0,0.0,0.0,0.0,0.0,0.0,0.0
0.01,h2l-hybrid,SUBSTANCE_003_PAR_01,simple,1,42|32|52|43|79|39|12|82|31|68|36|87|10|30|51,0.0,0.0,0.0,0.0,0.0,0.0,0.0
0.01,h2l-hybrid,NCD_001_PAR_01,simple,1,44|19|51|45|8|32|48|47|52|66|14|10|50|6|16,0.0,0.0,0.0,0.0,0.0,0.0,0.0
0.01,h2l-hybrid,FINANCE_001_PAR_01,simple,3,74|5|65|2|69|75|36|77|15|8|13|59|23|25|90,0.4,1.0,0.5714285714285715,0.944847956559586,0.944847956559586,0.75,1.0
0.01,h2l-hybrid,FAMILY_001_PAR_01,moderate,4,84|87|12|3|89|37|88|40|90|81|25|0|1|43|34,0.4,1.0,0.5714285714285715,1.0,1.0,1.0,1.0
0.01,h2l-hybrid,HOMELESS_003_ESC_01,complex,4,27|69|89|74|65|13|18|39|15|31|84|59|78|25|63,0.4,0.6666666666666666,0.5,0.7653606369886217,0.7653606369886217,0.7575757575757575,1.0
0.01,h2l-hybrid,ADV_001,moderate,2,30|31|81|80|6|74|76|47|91|77|51|62|33|49|89,0.0,0.0,0.0,0.0,0.0,0.0,0.0
0.01,h2l-hybrid,ADV_002,moderate,4,71|86|72|58|1|73|12|0|40|26|29|75|9|28|24,0.0,0.0,0.0,0.0,0.0,0.0,0.0
0.01,h2l-hybrid,ADV_003,moderate,3,70|29|1|8|16|17|73|78|33|4|69|36|22|67|55,0.0,0.0,0.0,0.0,0.0,0.0,0.0
0.01,h2l-hybrid,ADV_004,moderate,2,3|1|86|12|84|21|37|85|20|0|31|87|9|26|38,0.0,0.0,0.0,0.0,0.0,0.0,0.0
0.01,h2l-hybrid,ADV_005,moderate,1,84|12|1|3|85|0|20|72|87|81|26|37|69|29|2,0.0,0.0,0.0,0.0,0.0,0.07692307692307693,0.07692307692307693
0.01,h2l-hybrid,NEG_SH_POS,moderate,1,30|80|51|31|91|39|6|81|70|29|10|58|17|79|82,0.6,0.75,0.6666666666666665,0.787702056960637,0.910853251331002,0.775,1.0
0.01,h2l-hybrid,NEG_SH_NEG,moderate,1,30|81|80|31|91|39|6|29|70|32|21|34|88|51|47,0.0,0.0,0.0,0.0,0.0,0.0,0.0
0.01,h2l-hybrid,NEG_SM_POS,simple,2,74|77|49|65|8|61|75|62|69|23|59|7|22|5|63,0.6,0.75,0.6666666666666665,0.8048099750039491,0.9223260797603763,0.7986111111111112,1.0
0.01,h2l-hybrid,NEG_SM_NEG,simple,2,74|77|65|75|49|8|69|42|62|22|61|51|59|23|7,0.0,0.0,0.0,0.0,0.0,0.0,0.0
0.01,h2l-hybrid,NEG_SL_POS,simple,2,24|51|32|21|16|28|29|26|59|55|61|3|66|67|65,0.0,0.0,0.0,0.0,0.0,0.0,0.0
0.01,h2l-hybrid,NEG_SL_NEG,simple,1,32|51|21|17|13|57|16|29|28|24|47|82|59|61|67,0.0,0.0,0.0,0.0,0.0,0.0,0.0
0.01,h2l-hybrid,NEG_MH_POS,complex,3,3|84|85|87|12|20|88|37|89|26|81|1|2|0|4,0.6,0.6,0.6,0.811925988329848,0.872759065542811,0.6922222222222222,1.0
0.01,h2l-hybrid,NEG_MH_NEG,complex,4,85|20|84|3|2|12|1|0|37|87|4|88|26|81|6,0.0,0.0,0.0,0.0,0.0,0.0,0.0
0.01,h2l-hybrid,NEG_MM_POS,moderate,5,86|68|42|87|39|82|12|38|79|48|43|14|26|50|53,0.0,0.0,0.0,0.0,0.0,0.0,0.0
0.01,h2l-hybrid,NEG_MM_NEG,moderate,6,86|68|12|42|72|87|6|38|70|39|26|3|41|53|47,0.0,0.0,0.0,0.0,0.0,0.0,0.0
0.01,h2l-hybrid,NEG_ML_POS,simple,3,65|36|61|39|9|13|17|29|67|25|59|51|54|47|86,0.0,0.0,0.0,0.0,0.0,0.0,0.0
0.01,h2l-hybrid,NEG_ML_NEG,simple,4,74|65|36|25|61|39|17|13|29|67|59|8|23|51|15,0.0,0.0,0.0,0.0,0.0,0.0,0.0
0.01,h2l-hybrid,NEG_LH_POS,complex,5,87|12|84|26|83|41|3|55|40|16|18|6|43|10|82,0.6,0.75,0.6666666666666665,0.8318724637288826,0.9619991470595832,0.8928571428571428,1.0
0.01,h2l-hybrid,NEG_LH_NEG,complex,3,30|70|80|81|87|41|76|38|6|82|8|83|68|26|66,0.0,0.0,0.0,0.0,0.0,0.0,0.0
0.01,h2l-hybrid,NEG_LM_POS,complex,6,76|36|39|82|51|75|86|49|78|6|31|47|9|67|59,0.0,0.0,0.0,0.0,0.0,0.08333333333333333,0.08333333333333333
0.01,h2l-hybrid,NEG_LM_NEG,complex,0,1|20|3|85|0|86|84|26|37|24|34|9|4|73|38,0.0,0.0,0.0,0.0,0.0,0.0,0.0
0.01,h2l-hybrid,NEG_LL_POS,simple,4,6|8|66|62|10|60|14|50|68|38|9|28|75|13|16,0.0,0.0,0.0,0.0,0.0,0.0,0.0
0.01,h2l-hybrid,NEG_LL_NEG,simple,5,6|8|62|66|14|10|60|48|47|67|12|28|18|16|61,0.0,0.0,0.0,0.0,0.0,0.0,0.0
0.01,h2l-hybrid,NEG_SH_POS_V2,moderate,1,30|80|91|51|31|6|40|10|88|81|58|33|76|70|47,0.6,0.75,0.6666666666666665,0.8318724637288826,0.9447176050778178,0.85,1.0
0.01,h2l-hybrid,NEG_SH_NEG_V2,moderate,1,30|80|81|91|31|88|29|33|6|34|51|47|70|32|79,0.0,0.0,0.0,0.0,0.0,0.0,0.0
0.01,h2l-hybrid,NEG_SM_POS_V2,simple,2,87|12|3|39|43|31|38|86|26|53|41|82|50|40|25,0.0,0.0,0.0,0.0,0.0,0.0,0.0
0.01,h2l-hybrid,NEG_SM_NEG_V2,simple,3,39|87|33|26|41|31|82|12|54|86|3|71|25|42|51,0.0,0.0,0.0,0.0,0.0,0.0,0.0
0.01,h2l-hybrid,NEG_SL_POS_V2,simple,0,47|51|29|32|57|58|62|55|14|13|28|59|31|56|22,0.0,0.0,0.0,0.0,0.0,0.0,0.0
0.01,h2l-hybrid,NEG_SL_NEG_V2,simple,0,48|55|51|58|47|32|56|57|70|41|40|67|35|52|28,0.0,0.0,0.0,0.0,0.0,0.0,0.0
0.01,h2l-hybrid,NEG_MH_POS_V2,complex,3,3|85|88|21|1|84|37|29|86|0|12|26|31|20|87,0.0,0.0,0.0,0.0,0.0,0.0,0.0
0.01,h2l-hybrid,NEG_MH_NEG_V2,complex,4,3|85|84|21|1|88|37|0|12|4|86|87|71|6|26,0.0,0.0,0.0,0.0,0.0,0.0,0.0
0.01,h2l-hybrid,NEG_MM_POS_V2,moderate,4,71|86|82|78|1|6|3|12|30|37|26|40|29|14|17,0.0,0.0,0.0,0.0,0.0,0.0,0.0
0.01,h2l-hybrid,NEG_MM_NEG_V2,moderate,2,9|1|71|86|12|3|26|54|47|75|21|0|82|84|13,0.0,0.0,0.0,0.0,0.0,0.0,0.0
0.01,h2l-hybrid,NEG_ML_POS_V2,simple,2,36|39|51|78|25|9|69|72|76|29|33|38|30|82|67,0.0,0.0,0.0,0.0,0.0,0.0,0.0
0.01,h2l-hybrid,NEG_ML_NEG_V2,simple,1,30|33|28|36|29|9|69|70|26|17|32|12|47|73|51,0.0,0.0,0.0,0.0,0.0,0.0,0.0
0.01,h2l-hybrid,NEG_LH_POS_V2,complex,6,12|84|88|58|3|86|26|85|87|40|0|71|29|1|81,0.0,0.0,0.0,0.0,0.0,0.07142857142857142,0.07142857142857142
0.01,h2l-hybrid,NEG_LH_NEG_V2,complex,7,84|3|12|85|32|1|0|88|86|87|35|71|20|34|40,0.0,0.0,0.0,0.0,0.0,0.0,0.0
0.01,h2l-hybrid,NEG_LM_POS_V2,complex,5,89|75|76|86|78|6|64|82|38|1|3|12|0|37|26,0.2,1.0,0.33333333333333337,1.0,1.0,1.0,1.0
0.01,h2l-hybrid,NEG_LM_NEG_V2,complex,3,75|89|1|86|29|31|26|12|85|39|25|37|78|59|8,0.0,0.0,0.0,0.0,0.0,0.0,0.0
0.01,h2l-hybrid,NEG_LL_POS_V2,simple,1,61|8|16|59|60|66|6|21|18|13|25|28|65|29|26,0.0,0.0,0.0,0.0,0.0,0.0,0.0
0.01,h2l-hybrid,NEG_LL_NEG_V2,simple,2,3|12|29|59|25|1|60|8|6|28|66|26|38|16|31,0.0,0.0,0.0,0.0,0.0,0.0,0.0
0.01,h2l-hybrid,SHORT_ELDER_01,simple,3,8|68|6|62|44|47|59|60|66|67|18|51|70|50|65,0.2,1.0,0.33333333333333337,1.0,1.0,1.0,1.0
0.01,h2l-hybrid,SHORT_HOMELESS_01,simple,2,29|25|42|28|61|43|9|12|39|26|47|40|31|57|51,0.2,0.5,0.28571428571428575,0.13770577618809332,0.43201649929501884,0.3333333333333333,0.3333333333333333
0.01,h2l-hybrid,SHORT_MENTAL_01,simple,2,31|29|1|54|39|70|17|55|21|56|47|86|51|32|82,0.6,1.0,0.7499999999999999,0.8145672023038535,0.8145672023038535,1.0,1.0
0.01,h2l-hybrid,SHORT_CHILD_01,simple,2,1|20|17|21|73|24|9|29|3|86|37|85|16|34|0,0.8,1.0,0.888888888888889,0.9047172294870751,0.9047172294870751,0.8041666666666667,1.0
0.01,h2l-hybrid,SHORT_ABUSE_01,simple,3,87|12|26|84|3|88|81|89|6|10|18|79|33|14|30,0.8,1.0,0.888888888888889,0.9558295932317544,0.9558295932317544,0.8875,1.0
0.01,h2l-hybrid,TINY_ABUSE_01,simple,2,3|89|88|84|12|87|21|26|29|85|81|37|90|33|25,0.2,0.5,0.28571428571428575,0.2640681225725909,0.48247555939075504,0.29166666666666663,0.25
0.01,h2l-hybrid,TINY_MENTAL_01,simple,2,29|1|39|21|32|9|13|17|34|68|55|51|30|67|80,0.4,1.0,0.5714285714285715,1.0,1.0,1.0,1.0
0.01,h2l-hybrid,TINY_HOMELESS_01,simple,1,25|29|26|28|8|1|61|59|78|58|67|71|62|4|21,0.0,0.0,0.0,0.0,0.0,0.0,0.0
0.01,h2l-hybrid,ADV_006,moderate,2,81|30|6|80|31|88|76|34|33|70|29|32|72|12|47,0.0,0.0,0.0,0.0,0.0,0.0,0.0
0.01,h2l-hybrid,ADV_007,moderate,2,86|31|29|82|58|26|40|56|71|1|43|3|34|72|12,0.0,0.0,0.0,0.0,0.0,0.0,0.0
0.01,h2l-hybrid,ADV_008,moderate,4,29|70|1|21|9|78|36|39|72|73|17|32|12|56|82,0.0,0.0,0.0,0.0,0.0,0.0,0.0
0.01,h2l-hybrid,ADV_009,moderate,2,89|3|84|75|34|85|12|31|29|78|74|81|26|88|17,0.2,1.0,0.33333333333333337,1.0,1.0,1.0,1.0
0.01,h2l-hybrid,ADV_010,moderate,2,3|29|26|87|12|31|1|85|86|88|55|47|81|37|66,0.0,0.0,0.0,0.0,0.0,0.0,0.0
0.01,h2l-hybrid,ADV_011,moderate,3,66|6|62|14|17|12|47|42|8|40|10|38|18|28|61,0.0,0.0,0.0,0.0,0.0,0.0,0.0
0.01,h2l-hybrid,ADV_012,moderate,5,86|58|40|6|12|82|71|9|20|14|70|17|67|32|38,0.0,0.0,0.0,0.0,0.0,0.0,0.0
0.01,h2l-hybrid,ADV_013,moderate,2,31|29|21|1|39|17|47|86|59|32|51|70|67|36|55,0.0,0.0,0.0,0.0,0.0,0.0,0.0
0.01,h2l-hybrid,ADV_014,moderate,2,88|85|21|1|26|29|89|86|33|43|82|8|25|75|2,0.0,0.0,0.0,0.0,0.0,0.0,0.0
0.01,h2l-hybrid,ADV_015,moderate,3,84|74|3|2|87|40|12|77|89|13|65|63|5|4|29,0.0,0.0,0.0,0.0,0.0,0.0,0.0
0.01,h2l-hybrid,ADV_016,moderate,2,71|25|28|29|26|1|17|18|21|67|33|0|55|59|22,0.0,0.0,0.0,0.0,0.0,0.0,0.0
0.01,h2l-hybrid,ADV_017,moderate,2,0|26|6|4|77|75|85|66|12|32|3|41|83|67|20,0.0,0.0,0.0,0.0,0.0,0.0,0.0
0.01,h2l-hybrid,ADV_018,moderate,4,61|14|50|57|7|17|62|6|68|66|10|67|38|47|63,0.0,0.0,0.0,0.0,0.0,0.0,0.0
0.01,h2l-hybrid,ADV_019,moderate,3,44|75|51|47|67|8|45|52|19|14|66|32|6|89|70,0.0,0.0,0.0,0.0,0.0,0.07142857142857142,0.07142857142857142
0.01,h2l-hybrid,ADV_020,moderate,3,57|55|58|50|14|56|31|36|7|42|29|61|17|39|30,0.0,0.0,0.0,0.0,0.0,0.0,0.0
0.25,h2l-hybrid,CHILD_004,moderate,3,3|84|12|1|89|37|85|88|42|87|81|4|10|86|26,0.4,0.5,0.4444444444444445,0.35753408824606947,0.6136334521116898,0.6833333333333333,1.0
0.25,h2l-hybrid,ELDER_002,moderate,7,6|62|68|66|14|64|60|8|18|30|59|65|47|20|63,0.0,0.0,0.0,0.0,0.0,0.0,0.0
0.25,h2l-hybrid,ELDER_009,moderate,4,13|62|63|59|9|67|39|36|65|22|34|68|82|6|38,0.2,1.0,0.33333333333333337,0.6309297535714575,0.6309297535714575,0.5,0.5
0.25,h2l-hybrid,DISABLED_004,moderate,3,18|62|68|6|64|22|14|66|69|65|8|72|75|15|16,0.0,0.0,0.0,0.0,0.36181498356361597,0.15555555555555556,0.1111111111111111
0.25,h2l-hybrid,DISABLED_006,moderate,4,20|85|6|60|17|24|68|1|2|14|16|62|0|59|22,0.4,1.0,0.5714285714285715,0.9327783893101107,0.9327783893101107,0.7,1.0
0.25,h2l-hybrid,HOMELESS_003,simple,4,27|69|74|65|89|13|18|15|25|78|63|59|29|36|0,0.2,1.0,0.33333333333333337,0.6309297535714575,0.6309297535714575,0.5,0.5
0.25,h2l-hybrid,MENTAL_006,complex,1,35|91|14|38|79|44|30|70|34|31|81|80|6|32|53,0.2,1.0,0.33333333333333337,0.5,0.5,0.3333333333333333,0.3333333333333333
0.25,h2l-hybrid,MENTAL_008,moderate,6,37|81|84|86|21|1|3|33|80|85|24|25|31|12|88,0.0,0.0,0.0,0.0,0.0,0.0,0.0
0.25,h2l-hybrid,MENTAL_009,complex,0,38|9|68|34|6|39|87|36|51|67|13|18|82|35|17,0.0,0.0,0.0,0.0,0.0,0.0,0.0
0.25,h2l-hybrid,SUBSTANCE_003,simple,1,42|32|52|43|79|39|31|12|10|82|87|30|36|51|3,0.0,0.0,0.0,0.0,0.0,0.0,0.0
0.25,h2l-hybrid,NCD_001,simple,1,44|19|8|32|45|51|48|47|52|14|66|10|28|50|6,0.0,0.0,0.0,0.0,0.0,0.0,0.0
0.25,h2l-hybrid,NCD_004,complex,4,47|51|45|59|67|65|6|8|82|86|68|61|63|39|62,0.0,0.0,0.0,0.0,0.31546487678572877,0.125,0.125
0.25,h2l-hybrid,NCD_008,complex,2,51|47|45|67|82|52|36|44|8|39|19|86|48|49|80,0.0,0.0,0.0,0.0,0.0,0.0,0.0
0.25,h2l-hybrid,HIV_TB_003,simple,1,56|54|55|57|41|58|11|86|29|17|82|70|21|48|52,0.0,0.0,0.0,0.0,0.0,0.0,0.0
0.25,h2l-hybrid,BEDRIDDEN_003,moderate,3,61|59|8|47|65|63|62|29|67|13|60|39|10|66|6,0.2,1.0,0.33333333333333337,1.0,1.0,1.0,1.0
0.25,h2l-hybrid,BEDRIDDEN_004,complex,4,62|6|66|18|64|8|68|60|14|13|59|63|61|65|46,0.2,1.0,0.33333333333333337,1.0,1.0,1.0,1.0
0.25,h2l-hybrid,BEDRIDDEN_008,moderate,3,66|8|62|68|6|60|10|46|64|61|63|67|14|50|59,0.0,0.0,0.0,0.0,0.0,0.0,0.0
0.25,h2l-hybrid,REHAB_002,simple,2,70|55|34|58|68|54|32|62|6|48|22|30|71|79|82,0.2,1.0,0.33333333333333337,1.0,1.0,1.0,1.0
0.25,h2l-hybrid,FINANCE_001,simple,3,74|5|65|2|69|36|75|15|77|18|8|59|23|25|22,0.4,1.0,0.5714285714285715,0.944847956559586,0.944847956559586,0.75,1.0
0.25,h2l-hybrid,LOVE_004,simple,1,82|51|54|86|45|47|48|36|6|71|79|30|9|38|39,0.0,0.0,0.0,0.0,0.0,0.0,0.0
0.25,h2l-hybrid,FAMILY_001,moderate,4,84|87|12|3|37|89|88|0|1|43|2|20|81|40|25,0.4,1.0,0.5714285714285715,1.0,1.0,1.0,1.0
0.25,h2l-hybrid,VIOLENCE_004,simple,0,90|87|77|6|22|74|10|66|8|34|84|89|25|88|16,0.0,0.0,0.0,0.0,0.0,0.0,0.0
0.25,h2l-hybrid,CHILD_004_PAR_01,moderate,3,3|84|12|1|89|37|88|85|42|81|40|86|26|10|4,0.4,0.6666666666666666,0.5,0.7653606369886217,0.9066276098484507,0.7777777777777778,1.0
0.25,h2l-hybrid,DISABLED_004_PAR_01,moderate,2,18|68|62|64|6|14|65|69|22|87|66|8|72|75|16,0.0,0.0,0.0,0.0,0.4401191709229659,0.23095238095238094,0.14285714285714285
0.25,h2l-hybrid,DISABLED_006_PAR_01,moderate,4,20|6|60|17|85|62|68|16|14|8|77|59|18|65|24,0.4,0.5,0.4444444444444445,0.7520764230169481,0.7520764230169481,0.5041208791208791,1.0
0.25,h2l-hybrid,MENTAL_008_PAR_01,moderate,7,37|81|80|86|21|91|84|30|89|33|1|31|88|40|25,0.0,0.0,0.0,0.0,0.0,0.0,0.0
0.25,h2l-hybrid,SUBSTANCE_003_PAR_01,simple,1,42|32|52|43|79|39|12|82|31|68|36|87|10|30|51,0.0,0.0,0.0,0.0,0.0,0.0,0.0
0.25,h2l-hybrid,NCD_001_PAR_01,simple,1,44|19|51|45|8|32|48|47|52|66|14|10|50|6|16,0.0,0.0,0.0,0.0,0.0,0.0,0.0
0.25,h2l-hybrid,FINANCE_001_PAR_01,simple,3,74|5|65|2|69|75|36|77|15|8|13|59|23|25|90,0.4,1.0,0.5714285714285715,0.944847956559586,0.944847956559586,0.75,1.0
0.25,h2l-hybrid,FAMILY_001_PAR_01,moderate,4,84|87|12|3|89|37|88|40|90|81|25|0|1|43|34,0.4,1.0,0.5714285714285715,1.0,1.0,1.0,1.0
0.25,h2l-hybrid,HOMELESS_003_ESC_01,complex,4,27|69|89|74|65|13|18|39|15|31|84|59|78|25|63,0.4,0.6666666666666666,0.5,0.7653606369886217,0.7653606369886217,0.7575757575757575,1.0
0.25,h2l-hybrid,ADV_001,moderate,2,30|31|81|80|6|74|76|47|91|77|51|62|33|49|89,0.0,0.0,0.0,0.0,0.0,0.0,0.0
0.25,h2l-hybrid,ADV_002,moderate,4,71|86|72|58|1|73|12|0|40|26|29|75|9|28|24,0.0,0.0,0.0,0.0,0.0,0.0,0.0
0.25,h2l-hybrid,ADV_003,moderate,3,70|29|1|8|16|17|73|78|33|4|69|36|22|67|55,0.0,0.0,0.0,0.0,0.0,0.0,0.0
0.25,h2l-hybrid,ADV_004,moderate,2,3|1|86|12|84|21|37|85|20|0|31|87|9|26|38,0.0,0.0,0.0,0.0,0.0,0.0,0.0
0.25,h2l-hybrid,ADV_005,moderate,1,84|12|1|3|85|0|20|72|87|81|26|37|69|29|2,0.0,0.0,0.0,0.0,0.0,0.07692307692307693,0.07692307692307693
0.25,h2l-hybrid,NEG_SH_POS,moderate,1,30|80|51|31|91|39|6|81|70|29|10|58|17|79|82,0.6,0.75,0.6666666666666665,0.787702056960637,0.910853251331002,0.775,1.0
0.25,h2l-hybrid,NEG_SH_NEG,moderate,1,30|81|80|31|91|39|6|29|70|32|21|34|88|51|47,0.0,0.0,0.0,0.0,0.0,0.0,0.0
0.25,h2l-hybrid,NEG_SM_POS,simple,2,74|77|49|65|8|61|75|62|69|23|59|7|22|5|63,0.6,0.75,0.6666666666666665,0.8048099750039491,0.9223260797603763,0.7986111111111112,1.0
0.25,h2l-hybrid,NEG_SM_NEG,simple,2,74|77|65|75|49|8|69|42|62|22|61|51|59|23|7,0.0,0.0,0.0,0.0,0.0,0.0,0.0
0.25,h2l-hybrid,NEG_SL_POS,simple,2,24|51|32|21|16|28|29|26|59|55|61|3|66|67|65,0.0,0.0,0.0,0.0,0.0,0.0,0.0
0.25,h2l-hybrid,NEG_SL_NEG,simple,1,32|51|21|17|13|57|16|29|28|24|47|82|59|61|67,0.0,0.0,0.0,0.0,0.0,0.0,0.0
0.25,h2l-hybrid,NEG_MH_POS,complex,3,3|84|85|87|12|20|88|37|89|26|81|1|2|0|4,0.6,0.6,0.6,0.811925988329848,0.872759065542811,0.6922222222222222,1.0
0.25,h2l-hybrid,NEG_MH_NEG,complex,4,85|20|84|3|2|12|1|0|37|87|4|88|26|81|6,0.0,0.0,0.0,0.0,0.0,0.0,0.0
0.25,h2l-hybrid,NEG_MM_POS,moderate,5,86|68|42|87|39|82|12|38|79|48|43|14|26|50|53,0.0,0.0,0.0,0.0,0.0,0.0,0.0
0.25,h2l-hybrid,NEG_MM_NEG,moderate,6,86|68|12|42|72|87|6|38|70|39|26|3|41|53|47,0.0,0.0,0.0,0.0,0.0,0.0,0.0
0.25,h2l-hybrid,NEG_ML_POS,simple,3,65|36|61|39|9|13|17|29|67|25|59|51|54|47|86,0.0,0.0,0.0,0.0,0.0,0.0,0.0
0.25,h2l-hybrid,NEG_ML_NEG,simple,4,74|65|36|25|61|39|17|13|29|67|59|8|23|51|15,0.0,0.0,0.0,0.0,0.0,0.0,0.0
0.25,h2l-hybrid,NEG_LH_POS,complex,5,87|12|84|26|83|41|3|55|40|16|18|6|43|10|82,0.6,0.75,0.6666666666666665,0.8318724637288826,0.9619991470595832,0.8928571428571428,1.0
0.25,h2l-hybrid,NEG_LH_NEG,complex,3,30|70|80|81|87|41|76|38|6|82|8|83|68|26|66,0.0,0.0,0.0,0.0,0.0,0.0,0.0
0.25,h2l-hybrid,NEG_LM_POS,complex,6,76|36|39|82|51|75|86|49|78|6|31|47|9|67|59,0.0,0.0,0.0,0.0,0.0,0.08333333333333333,0.08333333333333333
0.25,h2l-hybrid,NEG_LM_NEG,complex,0,1|20|3|85|0|86|84|26|37|24|34|9|4|73|38,0.0,0.0,0.0,0.0,0.0,0.0,0.0
0.25,h2l-hybrid,NEG_LL_POS,simple,4,6|8|66|62|10|60|14|50|68|38|9|28|75|13|16,0.0,0.0,0.0,0.0,0.0,0.0,0.0
0.25,h2l-hybrid,NEG_LL_NEG,simple,5,6|8|62|66|14|10|60|48|47|67|12|28|18|16|61,0.0,0.0,0.0,0.0,0.0,0.0,0.0
0.25,h2l-hybrid,NEG_SH_POS_V2,moderate,1,30|80|91|51|31|6|40|10|88|81|58|33|76|70|47,0.6,0.75,0.6666666666666665,0.8318724637288826,0.9447176050778178,0.85,1.0
0.25,h2l-hybrid,NEG_SH_NEG_V2,moderate,1,30|80|81|91|31|88|29|33|6|34|51|47|70|32|79,0.0,0.0,0.0,0.0,0.0,0.0,0.0
0.25,h2l-hybrid,NEG_SM_POS_V2,simple,2,87|12|3|39|43|31|38|86|26|53|41|82|50|40|25,0.0,0.0,0.0,0.0,0.0,0.0,0.0
0.25,h2l-hybrid,NEG_SM_NEG_V2,simple,3,39|87|33|26|41|31|82|12|54|86|3|71|25|42|51,0.0,0.0,0.0,0.0,0.0,0.0,0.0
0.25,h2l-hybrid,NEG_SL_POS_V2,simple,0,47|51|29|32|57|58|62|55|14|13|28|59|31|56|22,0.0,0.0,0.0,0.0,0.0,0.0,0.0
0.25,h2l-hybrid,NEG_SL_NEG_V2,simple,0,48|55|51|58|47|32|56|57|70|41|40|67|35|52|28,0.0,0.0,0.0,0.0,0.0,0.0,0.0
0.25,h2l-hybrid,NEG_MH_POS_V2,complex,3,3|85|88|21|1|84|37|29|86|0|12|26|31|20|87,0.0,0.0,0.0,0.0,0.0,0.0,0.0
0.25,h2l-hybrid,NEG_MH_NEG_V2,complex,4,3|85|84|21|1|88|37|0|12|4|86|87|71|6|26,0.0,0.0,0.0,0.0,0.0,0.0,0.0
0.25,h2l-hybrid,NEG_MM_POS_V2,moderate,4,71|86|82|78|1|6|3|12|30|37|26|40|29|14|17,0.0,0.0,0.0,0.0,0.0,0.0,0.0
0.25,h2l-hybrid,NEG_MM_NEG_V2,moderate,2,9|1|71|86|12|3|26|54|47|75|21|0|82|84|13,0.0,0.0,0.0,0.0,0.0,0.0,0.0
0.25,h2l-hybrid,NEG_ML_POS_V2,simple,2,36|39|51|78|25|9|69|72|76|29|33|38|30|82|67,0.0,0.0,0.0,0.0,0.0,0.0,0.0
0.25,h2l-hybrid,NEG_ML_NEG_V2,simple,1,30|33|28|36|29|9|69|70|26|17|32|12|47|73|51,0.0,0.0,0.0,0.0,0.0,0.0,0.0
0.25,h2l-hybrid,NEG_LH_POS_V2,complex,6,12|84|88|58|3|86|26|85|87|40|0|71|29|1|81,0.0,0.0,0.0,0.0,0.0,0.07142857142857142,0.07142857142857142
0.25,h2l-hybrid,NEG_LH_NEG_V2,complex,7,84|3|12|85|32|1|0|88|86|87|35|71|20|34|40,0.0,0.0,0.0,0.0,0.0,0.0,0.0
0.25,h2l-hybrid,NEG_LM_POS_V2,complex,5,89|75|76|86|78|6|64|82|38|1|3|12|0|37|26,0.2,1.0,0.33333333333333337,1.0,1.0,1.0,1.0
0.25,h2l-hybrid,NEG_LM_NEG_V2,complex,3,75|89|1|86|29|31|26|12|85|39|25|37|78|59|8,0.0,0.0,0.0,0.0,0.0,0.0,0.0
0.25,h2l-hybrid,NEG_LL_POS_V2,simple,1,61|8|16|59|60|66|6|21|18|13|25|28|65|29|26,0.0,0.0,0.0,0.0,0.0,0.0,0.0
0.25,h2l-hybrid,NEG_LL_NEG_V2,simple,2,3|12|29|59|25|1|60|8|6|28|66|26|38|16|31,0.0,0.0,0.0,0.0,0.0,0.0,0.0
0.25,h2l-hybrid,SHORT_ELDER_01,simple,3,8|68|6|62|44|47|59|60|66|67|18|51|70|50|65,0.2,1.0,0.33333333333333337,1.0,1.0,1.0,1.0
0.25,h2l-hybrid,SHORT_HOMELESS_01,simple,2,29|25|42|28|61|43|9|12|39|26|47|40|31|57|51,0.2,0.5,0.28571428571428575,0.13770577618809332,0.43201649929501884,0.3333333333333333,0.3333333333333333
0.25,h2l-hybrid,SHORT_MENTAL_01,simple,2,31|29|1|54|39|70|17|55|21|56|47|86|51|32|82,0.6,1.0,0.7499999999999999,0.8145672023038535,0.8145672023038535,1.0,1.0
0.25,h2l-hybrid,SHORT_CHILD_01,simple,2,1|20|17|21|73|24|9|29|3|86|37|85|16|34|0,0.8,1.0,0.888888888888889,0.9047172294870751,0.9047172294870751,0.8041666666666667,1.0
0.25,h2l-hybrid,SHORT_ABUSE_01,simple,3,87|12|26|84|3|88|81|89|6|10|18|79|33|14|30,0.8,1.0,0.888888888888889,0.9558295932317544,0.9558295932317544,0.8875,1.0
0.25,h2l-hybrid,TINY_ABUSE_01,simple,2,3|89|88|84|12|87|21|26|29|85|81|37|90|33|25,0.2,0.5,0.28571428571428575,0.2640681225725909,0.48247555939075504,0.29166666666666663,0.25
0.25,h2l-hybrid,TINY_MENTAL_01,simple,2,29|1|39|21|32|9|13|17|34|68|55|51|30|67|80,0.4,1.0,0.5714285714285715,1.0,1.0,1.0,1.0
0.25,h2l-hybrid,TINY_HOMELESS_01,simple,1,25|29|26|28|8|1|61|59|78|58|67|71|62|4|21,0.0,0.0,0.0,0.0,0.0,0.0,0.0
0.25,h2l-hybrid,ADV_006,moderate,2,81|30|6|80|31|88|76|34|33|70|29|32|72|12|47,0.0,0.0,0.0,0.0,0.0,0.0,0.0
0.25,h2l-hybrid,ADV_007,moderate,2,86|31|29|82|58|26|40|56|71|1|43|3|34|72|12,0.0,0.0,0.0,0.0,0.0,0.0,0.0
0.25,h2l-hybrid,ADV_008,moderate,4,29|70|1|21|9|78|36|39|72|73|17|32|12|56|82,0.0,0.0,0.0,0.0,0.0,0.0,0.0
0.25,h2l-hybrid,ADV_009,moderate,2,89|3|84|75|34|85|12|31|29|78|74|81|26|88|17,0.2,1.0,0.33333333333333337,1.0,1.0,1.0,1.0
0.25,h2l-hybrid,ADV_010,moderate,2,3|29|26|87|12|31|1|85|86|88|55|47|81|37|66,0.0,0.0,0.0,0.0,0.0,0.0,0.0
0.25,h2l-hybrid,ADV_011,moderate,3,66|6|62|14|17|12|47|42|8|40|10|38|18|28|61,0.0,0.0,0.0,0.0,0.0,0.0,0.0
0.25,h2l-hybrid,ADV_012,moderate,5,86|58|40|6|12|82|71|9|20|14|70|17|67|32|38,0.0,0.0,0.0,0.0,0.0,0.0,0.0
0.25,h2l-hybrid,ADV_013,moderate,2,31|29|21|1|39|17|47|86|59|32|51|70|67|36|55,0.0,0.0,0.0,0.0,0.0,0.0,0.0
0.25,h2l-hybrid,ADV_014,moderate,2,88|85|21|1|26|29|89|86|33|43|82|8|25|75|2,0.0,0.0,0.0,0.0,0.0,0.0,0.0
0.25,h2l-hybrid,ADV_015,moderate,3,84|74|3|2|87|40|12|77|89|13|65|63|5|4|29,0.0,0.0,0.0,0.0,0.0,0.0,0.0
0.25,h2l-hybrid,ADV_016,moderate,2,71|25|28|29|26|1|17|18|21|67|33|0|55|59|22,0.0,0.0,0.0,0.0,0.0,0.0,0.0
0.25,h2l-hybrid,ADV_017,moderate,2,0|26|6|4|77|75|85|66|12|32|3|41|83|67|20,0.0,0.0,0.0,0.0,0.0,0.0,0.0
0.25,h2l-hybrid,ADV_018,moderate,4,61|14|50|57|7|17|62|6|68|66|10|67|38|47|63,0.0,0.0,0.0,0.0,0.0,0.0,0.0
0.25,h2l-hybrid,ADV_019,moderate,3,44|75|51|47|67|8|45|52|19|14|66|32|6|89|70,0.0,0.0,0.0,0.0,0.0,0.07142857142857142,0.07142857142857142
0.25,h2l-hybrid,ADV_020,moderate,3,57|55|58|50|14|56|31|36|7|42|29|61|17|39|30,0.0,0.0,0.0,0.0,0.0,0.0,0.0
0.5,h2l-hybrid,CHILD_004,moderate,3,3|84|12|1|89|37|85|88|42|87|81|4|10|86|26,0.4,0.5,0.4444444444444445,0.35753408824606947,0.6136334521116898,0.6833333333333333,1.0
0.5,h2l-hybrid,ELDER_002,moderate,7,6|62|68|66|14|64|60|8|18|30|59|65|47|20|63,0.0,0.0,0.0,0.0,0.0,0.0,0.0
0.5,h2l-hybrid,ELDER_009,moderate,4,13|62|63|59|9|67|39|36|65|22|34|68|82|6|38,0.2,1.0,0.33333333333333337,0.6309297535714575,0.6309297535714575,0.5,0.5
0.5,h2l-hybrid,DISABLED_004,moderate,3,18|62|68|6|64|22|14|66|69|65|8|72|75|15|16,0.0,0.0,0.0,0.0,0.36181498356361597,0.15555555555555556,0.1111111111111111
0.5,h2l-hybrid,DISABLED_006,moderate,4,20|85|6|60|17|24|68|1|2|14|16|62|0|59|22,0.4,1.0,0.5714285714285715,0.9327783893101107,0.9327783893101107,0.7,1.0
0.5,h2l-hybrid,HOMELESS_003,simple,4,27|69|74|65|89|13|18|15|25|78|63|59|29|36|0,0.2,1.0,0.33333333333333337,0.6309297535714575,0.6309297535714575,0.5,0.5
0.5,h2l-hybrid,MENTAL_006,complex,1,35|91|14|38|79|44|30|70|34|31|81|80|6|32|53,0.2,1.0,0.33333333333333337,0.5,0.5,0.3333333333333333,0.3333333333333333
0.5,h2l-hybrid,MENTAL_008,moderate,6,37|81|84|86|21|1|3|33|80|85|24|25|31|12|88,0.0,0.0,0.0,0.0,0.0,0.0,0.0
0.5,h2l-hybrid,MENTAL_009,complex,0,38|9|68|34|6|39|87|36|51|67|13|18|82|35|17,0.0,0.0,0.0,0.0,0.0,0.0,0.0
0.5,h2l-hybrid,SUBSTANCE_003,simple,1,42|32|52|43|79|39|31|12|10|82|87|30|36|51|3,0.0,0.0,0.0,0.0,0.0,0.0,0.0
0.5,h2l-hybrid,NCD_001,simple,1,44|19|8|32|45|51|48|47|52|14|66|10|28|50|6,0.0,0.0,0.0,0.0,0.0,0.0,0.0
0.5,h2l-hybrid,NCD_004,complex,4,47|51|45|59|67|65|6|8|82|86|68|61|63|39|62,0.0,0.0,0.0,0.0,0.31546487678572877,0.125,0.125
0.5,h2l-hybrid,NCD_008,complex,2,51|47|45|67|82|52|36|44|8|39|19|86|48|49|80,0.0,0.0,0.0,0.0,0.0,0.0,0.0
0.5,h2l-hybrid,HIV_TB_003,simple,1,56|54|55|57|41|58|11|86|29|17|82|70|21|48|52,0.0,0.0,0.0,0.0,0.0,0.0,0.0
0.5,h2l-hybrid,BEDRIDDEN_003,moderate,3,61|59|8|47|65|63|62|29|67|13|60|39|10|66|6,0.2,1.0,0.33333333333333337,1.0,1.0,1.0,1.0
0.5,h2l-hybrid,BEDRIDDEN_004,complex,4,62|6|66|18|64|8|68|60|14|13|59|63|61|65|46,0.2,1.0,0.33333333333333337,1.0,1.0,1.0,1.0
0.5,h2l-hybrid,BEDRIDDEN_008,moderate,3,66|8|62|68|6|60|10|46|64|61|63|67|14|50|59,0.0,0.0,0.0,0.0,0.0,0.0,0.0
0.5,h2l-hybrid,REHAB_002,simple,2,70|55|34|58|68|54|32|62|6|48|22|30|71|79|82,0.2,1.0,0.33333333333333337,1.0,1.0,1.0,1.0
0.5,h2l-hybrid,FINANCE_001,simple,3,74|5|65|2|69|36|75|15|77|18|8|59|23|25|22,0.4,1.0,0.5714285714285715,0.944847956559586,0.944847956559586,0.75,1.0
0.5,h2l-hybrid,LOVE_004,simple,1,82|51|54|86|45|47|48|36|6|71|79|30|9|38|39,0.0,0.0,0.0,0.0,0.0,0.0,0.0
0.5,h2l-hybrid,FAMILY_001,moderate,4,84|87|12|3|37|89|88|0|1|43|2|20|81|40|25,0.4,1.0,0.5714285714285715,1.0,1.0,1.0,1.0
0.5,h2l-hybrid,VIOLENCE_004,simple,0,90|87|77|6|22|74|10|66|8|34|84|89|25|88|16,0.0,0.0,0.0,0.0,0.0,0.0,0.0
0.5,h2l-hybrid,CHILD_004_PAR_01,moderate,3,3|84|12|1|89|37|88|85|42|81|40|86|26|10|4,0.4,0.6666666666666666,0.5,0.7653606369886217,0.9066276098484507,0.7777777777777778,1.0
0.5,h2l-hybrid,DISABLED_004_PAR_01,moderate,2,18|68|62|64|6|14|65|69|22|87|66|8|72|75|16,0.0,0.0,0.0,0.0,0.4401191709229659,0.23095238095238094,0.14285714285714285
0.5,h2l-hybrid,DISABLED_006_PAR_01,moderate,4,20|6|60|17|85|62|68|16|14|8|77|59|18|65|24,0.4,0.5,0.4444444444444445,0.7520764230169481,0.7520764230169481,0.5041208791208791,1.0
0.5,h2l-hybrid,MENTAL_008_PAR_01,moderate,7,37|81|80|86|21|91|84|30|89|33|1|31|88|40|25,0.0,0.0,0.0,0.0,0.0,0.0,0.0
0.5,h2l-hybrid,SUBSTANCE_003_PAR_01,simple,1,42|32|52|43|79|39|12|82|31|68|36|87|10|30|51,0.0,0.0,0.0,0.0,0.0,0.0,0.0
0.5,h2l-hybrid,NCD_001_PAR_01,simple,1,44|19|51|45|8|32|48|47|52|66|14|10|50|6|16,0.0,0.0,0.0,0.0,0.0,0.0,0.0
0.5,h2l-hybrid,FINANCE_001_PAR_01,simple,3,74|5|65|2|69|75|36|77|15|8|13|59|23|25|90,0.4,1.0,0.5714285714285715,0.944847956559586,0.944847956559586,0.75,1.0
0.5,h2l-hybrid,FAMILY_001_PAR_01,moderate,4,84|87|12|3|89|37|88|40|90|81|25|0|1|43|34,0.4,1.0,0.5714285714285715,1.0,1.0,1.0,1.0
0.5,h2l-hybrid,HOMELESS_003_ESC_01,complex,4,27|69|89|74|65|13|18|39|15|31|84|59|78|25|63,0.4,0.6666666666666666,0.5,0.7653606369886217,0.7653606369886217,0.7575757575757575,1.0
0.5,h2l-hybrid,ADV_001,moderate,2,30|31|81|80|6|74|76|47|91|77|51|62|33|49|89,0.0,0.0,0.0,0.0,0.0,0.0,0.0
0.5,h2l-hybrid,ADV_002,moderate,4,71|86|72|58|1|73|12|0|40|26|29|75|9|28|24,0.0,0.0,0.0,0.0,0.0,0.0,0.0
0.5,h2l-hybrid,ADV_003,moderate,3,70|29|1|8|16|17|73|78|33|4|69|36|22|67|55,0.0,0.0,0.0,0.0,0.0,0.0,0.0
0.5,h2l-hybrid,ADV_004,moderate,2,3|1|86|12|84|21|37|85|20|0|31|87|9|26|38,0.0,0.0,0.0,0.0,0.0,0.0,0.0
0.5,h2l-hybrid,ADV_005,moderate,1,84|12|1|3|85|0|20|72|87|81|26|37|69|29|2,0.0,0.0,0.0,0.0,0.0,0.07692307692307693,0.07692307692307693
0.5,h2l-hybrid,NEG_SH_POS,moderate,1,30|80|51|31|91|39|6|81|70|29|10|58|17|79|82,0.6,0.75,0.6666666666666665,0.787702056960637,0.910853251331002,0.775,1.0
0.5,h2l-hybrid,NEG_SH_NEG,moderate,1,30|81|80|31|91|39|6|29|70|32|21|34|88|51|47,0.0,0.0,0.0,0.0,0.0,0.0,0.0
0.5,h2l-hybrid,NEG_SM_POS,simple,2,74|77|49|65|8|61|75|62|69|23|59|7|22|5|63,0.6,0.75,0.6666666666666665,0.8048099750039491,0.9223260797603763,0.7986111111111112,1.0
0.5,h2l-hybrid,NEG_SM_NEG,simple,2,74|77|65|75|49|8|69|42|62|22|61|51|59|23|7,0.0,0.0,0.0,0.0,0.0,0.0,0.0
0.5,h2l-hybrid,NEG_SL_POS,simple,2,24|51|32|21|16|28|29|26|59|55|61|3|66|67|65,0.0,0.0,0.0,0.0,0.0,0.0,0.0
0.5,h2l-hybrid,NEG_SL_NEG,simple,1,32|51|21|17|13|57|16|29|28|24|47|82|59|61|67,0.0,0.0,0.0,0.0,0.0,0.0,0.0
0.5,h2l-hybrid,NEG_MH_POS,complex,3,3|84|85|87|12|20|88|37|89|26|81|1|2|0|4,0.6,0.6,0.6,0.811925988329848,0.872759065542811,0.6922222222222222,1.0
0.5,h2l-hybrid,NEG_MH_NEG,complex,4,85|20|84|3|2|12|1|0|37|87|4|88|26|81|6,0.0,0.0,0.0,0.0,0.0,0.0,0.0
0.5,h2l-hybrid,NEG_MM_POS,moderate,5,86|68|42|87|39|82|12|38|79|48|43|14|26|50|53,0.0,0.0,0.0,0.0,0.0,0.0,0.0
0.5,h2l-hybrid,NEG_MM_NEG,moderate,6,86|68|12|42|72|87|6|38|70|39|26|3|41|53|47,0.0,0.0,0.0,0.0,0.0,0.0,0.0
0.5,h2l-hybrid,NEG_ML_POS,simple,3,65|36|61|39|9|13|17|29|67|25|59|51|54|47|86,0.0,0.0,0.0,0.0,0.0,0.0,0.0
0.5,h2l-hybrid,NEG_ML_NEG,simple,4,74|65|36|25|61|39|17|13|29|67|59|8|23|51|15,0.0,0.0,0.0,0.0,0.0,0.0,0.0
0.5,h2l-hybrid,NEG_LH_POS,complex,5,87|12|84|26|83|41|3|55|40|16|18|6|43|10|82,0.6,0.75,0.6666666666666665,0.8318724637288826,0.9619991470595832,0.8928571428571428,1.0
0.5,h2l-hybrid,NEG_LH_NEG,complex,3,30|70|80|81|87|41|76|38|6|82|8|83|68|26|66,0.0,0.0,0.0,0.0,0.0,0.0,0.0
0.5,h2l-hybrid,NEG_LM_POS,complex,6,76|36|39|82|51|75|86|49|78|6|31|47|9|67|59,0.0,0.0,0.0,0.0,0.0,0.08333333333333333,0.08333333333333333
0.5,h2l-hybrid,NEG_LM_NEG,complex,0,1|20|3|85|0|86|84|26|37|24|34|9|4|73|38,0.0,0.0,0.0,0.0,0.0,0.0,0.0
0.5,h2l-hybrid,NEG_LL_POS,simple,4,6|8|66|62|10|60|14|50|68|38|9|28|75|13|16,0.0,0.0,0.0,0.0,0.0,0.0,0.0
0.5,h2l-hybrid,NEG_LL_NEG,simple,5,6|8|62|66|14|10|60|48|47|67|12|28|18|16|61,0.0,0.0,0.0,0.0,0.0,0.0,0.0
0.5,h2l-hybrid,NEG_SH_POS_V2,moderate,1,30|80|91|51|31|6|40|10|88|81|58|33|76|70|47,0.6,0.75,0.6666666666666665,0.8318724637288826,0.9447176050778178,0.85,1.0
0.5,h2l-hybrid,NEG_SH_NEG_V2,moderate,1,30|80|81|91|31|88|29|33|6|34|51|47|70|32|79,0.0,0.0,0.0,0.0,0.0,0.0,0.0
0.5,h2l-hybrid,NEG_SM_POS_V2,simple,2,87|12|3|39|43|31|38|86|26|53|41|82|50|40|25,0.0,0.0,0.0,0.0,0.0,0.0,0.0
0.5,h2l-hybrid,NEG_SM_NEG_V2,simple,3,39|87|33|26|41|31|82|12|54|86|3|71|25|42|51,0.0,0.0,0.0,0.0,0.0,0.0,0.0
0.5,h2l-hybrid,NEG_SL_POS_V2,simple,0,47|51|29|32|57|58|62|55|14|13|28|59|31|56|22,0.0,0.0,0.0,0.0,0.0,0.0,0.0
0.5,h2l-hybrid,NEG_SL_NEG_V2,simple,0,48|55|51|58|47|32|56|57|70|41|40|67|35|52|28,0.0,0.0,0.0,0.0,0.0,0.0,0.0
0.5,h2l-hybrid,NEG_MH_POS_V2,complex,3,3|85|88|21|1|84|37|29|86|0|12|26|31|20|87,0.0,0.0,0.0,0.0,0.0,0.0,0.0
0.5,h2l-hybrid,NEG_MH_NEG_V2,complex,4,3|85|84|21|1|88|37|0|12|4|86|87|71|6|26,0.0,0.0,0.0,0.0,0.0,0.0,0.0
0.5,h2l-hybrid,NEG_MM_POS_V2,moderate,4,71|86|82|78|1|6|3|12|30|37|26|40|29|14|17,0.0,0.0,0.0,0.0,0.0,0.0,0.0
0.5,h2l-hybrid,NEG_MM_NEG_V2,moderate,2,9|1|71|86|12|3|26|54|47|75|21|0|82|84|13,0.0,0.0,0.0,0.0,0.0,0.0,0.0
0.5,h2l-hybrid,NEG_ML_POS_V2,simple,2,36|39|51|78|25|9|69|72|76|29|33|38|30|82|67,0.0,0.0,0.0,0.0,0.0,0.0,0.0
0.5,h2l-hybrid,NEG_ML_NEG_V2,simple,1,30|33|28|36|29|9|69|70|26|17|32|12|47|73|51,0.0,0.0,0.0,0.0,0.0,0.0,0.0
0.5,h2l-hybrid,NEG_LH_POS_V2,complex,6,12|84|88|58|3|86|26|85|87|40|0|71|29|1|81,0.0,0.0,0.0,0.0,0.0,0.07142857142857142,0.07142857142857142
0.5,h2l-hybrid,NEG_LH_NEG_V2,complex,7,84|3|12|85|32|1|0|88|86|87|35|71|20|34|40,0.0,0.0,0.0,0.0,0.0,0.0,0.0
0.5,h2l-hybrid,NEG_LM_POS_V2,complex,5,89|75|76|86|78|6|64|82|38|1|3|12|0|37|26,0.2,1.0,0.33333333333333337,1.0,1.0,1.0,1.0
0.5,h2l-hybrid,NEG_LM_NEG_V2,complex,3,75|89|1|86|29|31|26|12|85|39|25|37|78|59|8,0.0,0.0,0.0,0.0,0.0,0.0,0.0
0.5,h2l-hybrid,NEG_LL_POS_V2,simple,1,61|8|16|59|60|66|6|21|18|13|25|28|65|29|26,0.0,0.0,0.0,0.0,0.0,0.0,0.0
0.5,h2l-hybrid,NEG_LL_NEG_V2,simple,2,3|12|29|59|25|1|60|8|6|28|66|26|38|16|31,0.0,0.0,0.0,0.0,0.0,0.0,0.0
0.5,h2l-hybrid,SHORT_ELDER_01,simple,3,8|68|6|62|44|47|59|60|66|67|18|51|70|50|65,0.2,1.0,0.33333333333333337,1.0,1.0,1.0,1.0
0.5,h2l-hybrid,SHORT_HOMELESS_01,simple,2,29|25|42|28|61|43|9|12|39|26|47|40|31|57|51,0.2,0.5,0.28571428571428575,0.13770577618809332,0.43201649929501884,0.3333333333333333,0.3333333333333333
0.5,h2l-hybrid,SHORT_MENTAL_01,simple,2,31|29|1|54|39|70|17|55|21|56|47|86|51|32|82,0.6,1.0,0.7499999999999999,0.8145672023038535,0.8145672023038535,1.0,1.0
0.5,h2l-hybrid,SHORT_CHILD_01,simple,2,1|20|17|21|73|24|9|29|3|86|37|85|16|34|0,0.8,1.0,0.888888888888889,0.9047172294870751,0.9047172294870751,0.8041666666666667,1.0
0.5,h2l-hybrid,SHORT_ABUSE_01,simple,3,87|12|26|84|3|88|81|89|6|10|18|79|33|14|30,0.8,1.0,0.888888888888889,0.9558295932317544,0.9558295932317544,0.8875,1.0
0.5,h2l-hybrid,TINY_ABUSE_01,simple,2,3|89|88|84|12|87|21|26|29|85|81|37|90|33|25,0.2,0.5,0.28571428571428575,0.2640681225725909,0.48247555939075504,0.29166666666666663,0.25
0.5,h2l-hybrid,TINY_MENTAL_01,simple,2,29|1|39|21|32|9|13|17|34|68|55|51|30|67|80,0.4,1.0,0.5714285714285715,1.0,1.0,1.0,1.0
0.5,h2l-hybrid,TINY_HOMELESS_01,simple,1,25|29|26|28|8|1|61|59|78|58|67|71|62|4|21,0.0,0.0,0.0,0.0,0.0,0.0,0.0
0.5,h2l-hybrid,ADV_006,moderate,2,81|30|6|80|31|88|76|34|33|70|29|32|72|12|47,0.0,0.0,0.0,0.0,0.0,0.0,0.0
0.5,h2l-hybrid,ADV_007,moderate,2,86|31|29|82|58|26|40|56|71|1|43|3|34|72|12,0.0,0.0,0.0,0.0,0.0,0.0,0.0
0.5,h2l-hybrid,ADV_008,moderate,4,29|70|1|21|9|78|36|39|72|73|17|32|12|56|82,0.0,0.0,0.0,0.0,0.0,0.0,0.0
0.5,h2l-hybrid,ADV_009,moderate,2,89|3|84|75|34|85|12|31|29|78|74|81|26|88|17,0.2,1.0,0.33333333333333337,1.0,1.0,1.0,1.0
0.5,h2l-hybrid,ADV_010,moderate,2,3|29|26|87|12|31|1|85|86|88|55|47|81|37|66,0.0,0.0,0.0,0.0,0.0,0.0,0.0
0.5,h2l-hybrid,ADV_011,moderate,3,66|6|62|14|17|12|47|42|8|40|10|38|18|28|61,0.0,0.0,0.0,0.0,0.0,0.0,0.0
0.5,h2l-hybrid,ADV_012,moderate,5,86|58|40|6|12|82|71|9|20|14|70|17|67|32|38,0.0,0.0,0.0,0.0,0.0,0.0,0.0
0.5,h2l-hybrid,ADV_013,moderate,2,31|29|21|1|39|17|47|86|59|32|51|70|67|36|55,0.0,0.0,0.0,0.0,0.0,0.0,0.0
0.5,h2l-hybrid,ADV_014,moderate,2,88|85|21|1|26|29|89|86|33|43|82|8|25|75|2,0.0,0.0,0.0,0.0,0.0,0.0,0.0
0.5,h2l-hybrid,ADV_015,moderate,3,84|74|3|2|87|40|12|77|89|13|65|63|5|4|29,0.0,0.0,0.0,0.0,0.0,0.0,0.0
0.5,h2l-hybrid,ADV_016,moderate,2,71|25|28|29|26|1|17|18|21|67|33|0|55|59|22,0.0,0.0,0.0,0.0,0.0,0.0,0.0
0.5,h2l-hybrid,ADV_017,moderate,2,0|26|6|4|77|75|85|66|12|32|3|41|83|67|20,0.0,0.0,0.0,0.0,0.0,0.0,0.0
0.5,h2l-hybrid,ADV_018,moderate,4,61|14|50|57|7|17|62|6|68|66|10|67|38|47|63,0.0,0.0,0.0,0.0,0.0,0.0,0.0
0.5,h2l-hybrid,ADV_019,moderate,3,44|75|51|47|67|8|45|52|19|14|66|32|6|89|70,0.0,0.0,0.0,0.0,0.0,0.07142857142857142,0.07142857142857142
0.5,h2l-hybrid,ADV_020,moderate,3,57|55|58|50|14|56|31|36|7|42|29|61|17|39|30,0.0,0.0,0.0,0.0,0.0,0.0,0.0
0.75,h2l-hybrid,CHILD_004,moderate,3,3|84|12|1|89|37|85|88|42|87|81|4|10|86|26,0.4,0.5,0.4444444444444445,0.35753408824606947,0.6136334521116898,0.6833333333333333,1.0
0.75,h2l-hybrid,ELDER_002,moderate,7,6|62|68|66|14|64|60|8|18|30|59|65|47|20|63,0.0,0.0,0.0,0.0,0.0,0.0,0.0
0.75,h2l-hybrid,ELDER_009,moderate,4,13|62|63|59|9|67|39|36|65|22|34|68|82|6|38,0.2,1.0,0.33333333333333337,0.6309297535714575,0.6309297535714575,0.5,0.5
0.75,h2l-hybrid,DISABLED_004,moderate,3,18|62|68|6|64|22|14|69|66|65|8|72|75|15|16,0.0,0.0,0.0,0.0,0.3706656904013186,0.1625,0.125
0.75,h2l-hybrid,DISABLED_006,moderate,4,20|85|6|60|17|24|68|1|2|14|16|62|0|59|22,0.4,1.0,0.5714285714285715,0.9327783893101107,0.9327783893101107,0.7,1.0
0.75,h2l-hybrid,HOMELESS_003,simple,4,27|69|74|65|89|13|18|15|25|78|63|59|29|36|0,0.2,1.0,0.33333333333333337,0.6309297535714575,0.6309297535714575,0.5,0.5
0.75,h2l-hybrid,MENTAL_006,complex,1,35|91|14|38|79|44|30|70|34|31|81|80|6|32|53,0.2,1.0,0.33333333333333337,0.5,0.5,0.3333333333333333,0.3333333333333333
0.75,h2l-hybrid,MENTAL_008,moderate,6,37|81|84|86|21|1|3|33|80|85|24|25|31|12|88,0.0,0.0,0.0,0.0,0.0,0.0,0.0
0.75,h2l-hybrid,MENTAL_009,complex,0,38|9|68|34|6|39|87|36|51|67|13|18|82|35|17,0.0,0.0,0.0,0.0,0.0,0.0,0.0
0.75,h2l-hybrid,SUBSTANCE_003,simple,1,42|32|52|43|79|39|31|12|10|82|87|30|36|51|3,0.0,0.0,0.0,0.0,0.0,0.0,0.0
0.75,h2l-hybrid,NCD_001,simple,1,44|19|8|32|45|51|48|47|52|14|66|10|28|50|6,0.0,0.0,0.0,0.0,0.0,0.0,0.0
0.75,h2l-hybrid,NCD_004,complex,4,47|51|45|59|67|65|6|8|82|86|68|61|63|39|62,0.0,0.0,0.0,0.0,0.31546487678572877,0.125,0.125
0.75,h2l-hybrid,NCD_008,complex,2,51|47|45|67|82|52|36|44|8|39|19|86|48|49|80,0.0,0.0,0.0,0.0,0.0,0.0,0.0
0.75,h2l-hybrid,HIV_TB_003,simple,1,56|54|55|57|41|58|11|86|29|17|82|70|21|48|52,0.0,0.0,0.0,0.0,0.0,0.0,0.0
0.75,h2l-hybrid,BEDRIDDEN_003,moderate,3,61|59|8|47|65|63|62|29|67|13|60|39|10|66|6,0.2,1.0,0.33333333333333337,1.0,1.0,1.0,1.0
0.75,h2l-hybrid,BEDRIDDEN_004,complex,4,62|6|66|18|64|8|68|60|14|13|59|63|61|65|46,0.2,1.0,0.33333333333333337,1.0,1.0,1.0,1.0
0.75,h2l-hybrid,BEDRIDDEN_008,moderate,3,66|8|62|68|6|60|10|46|64|61|63|67|14|50|59,0.0,0.0,0.0,0.0,0.0,0.0,0.0
0.75,h2l-hybrid,REHAB_002,simple,2,70|55|34|58|68|54|32|62|6|48|22|30|71|79|82,0.2,1.0,0.33333333333333337,1.0,1.0,1.0,1.0
0.75,h2l-hybrid,FINANCE_001,simple,3,74|5|65|2|69|36|75|15|77|18|8|59|23|25|22,0.4,1.0,0.5714285714285715,0.944847956559586,0.944847956559586,0.75,1.0
0.75,h2l-hybrid,LOVE_004,simple,1,82|51|54|86|45|47|48|36|6|71|79|30|9|38|39,0.0,0.0,0.0,0.0,0.0,0.0,0.0
0.75,h2l-hybrid,FAMILY_001,moderate,4,84|87|12|3|37|89|88|0|1|43|2|20|81|40|25,0.4,1.0,0.5714285714285715,1.0,1.0,1.0,1.0
0.75,h2l-hybrid,VIOLENCE_004,simple,0,90|87|77|6|22|74|10|66|8|34|84|89|25|88|16,0.0,0.0,0.0,0.0,0.0,0.0,0.0
0.75,h2l-hybrid,CHILD_004_PAR_01,moderate,3,3|84|12|1|89|37|88|85|42|81|40|86|26|10|4,0.4,0.6666666666666666,0.5,0.7653606369886217,0.9066276098484507,0.7777777777777778,1.0
0.75,h2l-hybrid,DISABLED_004_PAR_01,moderate,2,18|68|62|64|6|14|65|69|22|87|66|8|72|75|16,0.0,0.0,0.0,0.0,0.4401191709229659,0.23095238095238094,0.14285714285714285
0.75,h2l-hybrid,DISABLED_006_PAR_01,moderate,4,20|6|60|17|85|62|68|16|14|8|77|59|18|65|24,0.4,0.5,0.4444444444444445,0.7520764230169481,0.7520764230169481,0.5041208791208791,1.0
0.75,h2l-hybrid,MENTAL_008_PAR_01,moderate,7,37|81|80|86|21|91|84|30|89|33|1|31|88|40|25,0.0,0.0,0.0,0.0,0.0,0.0,0.0
0.75,h2l-hybrid,SUBSTANCE_003_PAR_01,simple,1,42|32|52|43|79|39|12|82|31|68|36|87|10|30|51,0.0,0.0,0.0,0.0,0.0,0.0,0.0
0.75,h2l-hybrid,NCD_001_PAR_01,simple,1,44|19|51|45|8|32|48|47|52|66|14|10|50|6|16,0.0,0.0,0.0,0.0,0.0,0.0,0.0
0.75,h2l-hybrid,FINANCE_001_PAR_01,simple,3,74|5|65|2|69|75|36|77|15|8|13|59|23|25|90,0.4,1.0,0.5714285714285715,0.944847956559586,0.944847956559586,0.75,1.0
0.75,h2l-hybrid,FAMILY_001_PAR_01,moderate,4,84|87|12|3|89|37|88|40|90|81|25|0|1|43|34,0.4,1.0,0.5714285714285715,1.0,1.0,1.0,1.0
0.75,h2l-hybrid,HOMELESS_003_ESC_01,complex,4,27|69|89|74|65|13|18|39|15|31|84|59|78|25|63,0.4,0.6666666666666666,0.5,0.7653606369886217,0.7653606369886217,0.7575757575757575,1.0
0.75,h2l-hybrid,ADV_001,moderate,2,30|31|81|80|6|74|76|47|91|77|51|62|33|49|89,0.0,0.0,0.0,0.0,0.0,0.0,0.0
0.75,h2l-hybrid,ADV_002,moderate,4,71|86|72|58|1|73|12|0|40|26|29|75|9|28|24,0.0,0.0,0.0,0.0,0.0,0.0,0.0
0.75,h2l-hybrid,ADV_003,moderate,3,70|29|1|8|16|17|73|78|33|4|69|36|22|67|55,0.0,0.0,0.0,0.0,0.0,0.0,0.0
0.75,h2l-hybrid,ADV_004,moderate,2,3|1|86|12|84|21|37|85|20|0|31|87|9|26|38,0.0,0.0,0.0,0.0,0.0,0.0,0.0
0.75,h2l-hybrid,ADV_005,moderate,1,84|12|1|3|85|0|20|72|87|81|26|37|69|29|2,0.0,0.0,0.0,0.0,0.0,0.07692307692307693,0.07692307692307693
0.75,h2l-hybrid,NEG_SH_POS,moderate,1,30|80|51|31|91|39|6|81|70|29|10|58|17|79|82,0.6,0.75,0.6666666666666665,0.787702056960637,0.910853251331002,0.775,1.0
0.75,h2l-hybrid,NEG_SH_NEG,moderate,1,30|81|80|31|91|39|6|29|70|32|21|34|88|51|47,0.0,0.0,0.0,0.0,0.0,0.0,0.0
0.75,h2l-hybrid,NEG_SM_POS,simple,2,74|77|49|65|8|61|75|62|69|23|59|7|22|5|63,0.6,0.75,0.6666666666666665,0.8048099750039491,0.9223260797603763,0.7986111111111112,1.0
0.75,h2l-hybrid,NEG_SM_NEG,simple,2,74|77|65|75|49|8|69|42|62|22|61|51|59|23|7,0.0,0.0,0.0,0.0,0.0,0.0,0.0
0.75,h2l-hybrid,NEG_SL_POS,simple,2,24|51|32|21|16|28|29|26|59|55|61|3|66|67|65,0.0,0.0,0.0,0.0,0.0,0.0,0.0
0.75,h2l-hybrid,NEG_SL_NEG,simple,1,32|51|21|17|13|57|16|29|28|24|47|82|59|61|67,0.0,0.0,0.0,0.0,0.0,0.0,0.0
0.75,h2l-hybrid,NEG_MH_POS,complex,3,3|84|85|87|12|20|88|37|89|26|81|1|2|0|4,0.6,0.6,0.6,0.811925988329848,0.872759065542811,0.6922222222222222,1.0
0.75,h2l-hybrid,NEG_MH_NEG,complex,4,85|20|84|3|2|12|1|0|37|87|4|88|26|81|6,0.0,0.0,0.0,0.0,0.0,0.0,0.0
0.75,h2l-hybrid,NEG_MM_POS,moderate,5,86|68|42|87|39|82|12|38|79|48|43|14|26|50|53,0.0,0.0,0.0,0.0,0.0,0.0,0.0
0.75,h2l-hybrid,NEG_MM_NEG,moderate,6,86|68|12|42|72|87|6|38|70|39|26|3|41|53|47,0.0,0.0,0.0,0.0,0.0,0.0,0.0
0.75,h2l-hybrid,NEG_ML_POS,simple,3,65|36|61|39|9|13|17|29|67|25|59|51|54|47|86,0.0,0.0,0.0,0.0,0.0,0.0,0.0
0.75,h2l-hybrid,NEG_ML_NEG,simple,4,74|65|36|25|61|39|17|13|29|67|59|8|23|51|15,0.0,0.0,0.0,0.0,0.0,0.0,0.0
0.75,h2l-hybrid,NEG_LH_POS,complex,5,87|12|84|26|83|41|3|55|40|16|18|6|43|10|82,0.6,0.75,0.6666666666666665,0.8318724637288826,0.9619991470595832,0.8928571428571428,1.0
0.75,h2l-hybrid,NEG_LH_NEG,complex,3,30|70|80|81|87|41|76|38|6|82|8|83|68|26|66,0.0,0.0,0.0,0.0,0.0,0.0,0.0
0.75,h2l-hybrid,NEG_LM_POS,complex,6,76|36|39|82|51|75|86|49|78|6|31|47|9|67|59,0.0,0.0,0.0,0.0,0.0,0.08333333333333333,0.08333333333333333
0.75,h2l-hybrid,NEG_LM_NEG,complex,0,1|20|3|85|0|86|84|26|37|24|34|9|4|73|38,0.0,0.0,0.0,0.0,0.0,0.0,0.0
0.75,h2l-hybrid,NEG_LL_POS,simple,4,6|8|66|62|10|60|14|50|68|38|9|28|75|13|16,0.0,0.0,0.0,0.0,0.0,0.0,0.0
0.75,h2l-hybrid,NEG_LL_NEG,simple,5,6|8|62|66|14|10|60|48|47|67|12|28|18|16|61,0.0,0.0,0.0,0.0,0.0,0.0,0.0
0.75,h2l-hybrid,NEG_SH_POS_V2,moderate,1,30|80|91|51|31|6|40|10|88|81|58|33|76|70|47,0.6,0.75,0.6666666666666665,0.8318724637288826,0.9447176050778178,0.85,1.0
0.75,h2l-hybrid,NEG_SH_NEG_V2,moderate,1,30|80|81|91|31|88|29|33|6|34|51|47|70|32|79,0.0,0.0,0.0,0.0,0.0,0.0,0.0
0.75,h2l-hybrid,NEG_SM_POS_V2,simple,2,87|12|3|39|43|31|38|86|26|53|41|82|50|40|25,0.0,0.0,0.0,0.0,0.0,0.0,0.0
0.75,h2l-hybrid,NEG_SM_NEG_V2,simple,3,39|87|33|26|41|31|82|12|54|86|3|71|25|42|51,0.0,0.0,0.0,0.0,0.0,0.0,0.0
0.75,h2l-hybrid,NEG_SL_POS_V2,simple,0,47|51|29|32|57|58|62|55|14|13|28|59|31|56|22,0.0,0.0,0.0,0.0,0.0,0.0,0.0
0.75,h2l-hybrid,NEG_SL_NEG_V2,simple,0,48|55|51|58|47|32|56|57|70|41|40|67|35|52|28,0.0,0.0,0.0,0.0,0.0,0.0,0.0
0.75,h2l-hybrid,NEG_MH_POS_V2,complex,3,3|85|88|21|1|84|37|29|86|0|12|26|31|20|87,0.0,0.0,0.0,0.0,0.0,0.0,0.0
0.75,h2l-hybrid,NEG_MH_NEG_V2,complex,4,3|85|84|21|1|88|37|0|12|4|86|87|71|6|26,0.0,0.0,0.0,0.0,0.0,0.0,0.0
0.75,h2l-hybrid,NEG_MM_POS_V2,moderate,4,71|86|82|78|1|6|3|12|30|37|26|40|29|14|17,0.0,0.0,0.0,0.0,0.0,0.0,0.0
0.75,h2l-hybrid,NEG_MM_NEG_V2,moderate,2,9|1|71|86|12|3|26|54|47|75|21|0|82|84|13,0.0,0.0,0.0,0.0,0.0,0.0,0.0
0.75,h2l-hybrid,NEG_ML_POS_V2,simple,2,36|39|51|78|25|9|69|72|76|29|33|38|30|82|67,0.0,0.0,0.0,0.0,0.0,0.0,0.0
0.75,h2l-hybrid,NEG_ML_NEG_V2,simple,1,30|33|28|36|29|9|69|70|26|17|32|12|47|73|51,0.0,0.0,0.0,0.0,0.0,0.0,0.0
0.75,h2l-hybrid,NEG_LH_POS_V2,complex,6,12|84|88|58|3|86|26|85|87|40|0|71|29|1|81,0.0,0.0,0.0,0.0,0.0,0.07142857142857142,0.07142857142857142
0.75,h2l-hybrid,NEG_LH_NEG_V2,complex,7,84|3|12|85|32|1|0|88|86|87|35|71|20|34|40,0.0,0.0,0.0,0.0,0.0,0.0,0.0
0.75,h2l-hybrid,NEG_LM_POS_V2,complex,5,89|75|76|86|78|6|64|82|38|1|3|12|0|37|26,0.2,1.0,0.33333333333333337,1.0,1.0,1.0,1.0
0.75,h2l-hybrid,NEG_LM_NEG_V2,complex,3,75|89|1|86|29|31|26|12|85|39|25|37|78|59|8,0.0,0.0,0.0,0.0,0.0,0.0,0.0
0.75,h2l-hybrid,NEG_LL_POS_V2,simple,1,61|8|16|59|60|66|6|21|18|13|25|28|65|29|26,0.0,0.0,0.0,0.0,0.0,0.0,0.0
0.75,h2l-hybrid,NEG_LL_NEG_V2,simple,2,3|12|29|59|25|1|60|8|6|28|66|26|38|16|31,0.0,0.0,0.0,0.0,0.0,0.0,0.0
0.75,h2l-hybrid,SHORT_ELDER_01,simple,3,8|68|6|62|44|47|59|60|66|67|18|51|70|50|65,0.2,1.0,0.33333333333333337,1.0,1.0,1.0,1.0
0.75,h2l-hybrid,SHORT_HOMELESS_01,simple,2,29|25|42|28|61|43|9|12|39|26|47|40|31|57|51,0.2,0.5,0.28571428571428575,0.13770577618809332,0.43201649929501884,0.3333333333333333,0.3333333333333333
0.75,h2l-hybrid,SHORT_MENTAL_01,simple,2,31|29|1|54|39|70|17|55|21|56|47|86|51|32|82,0.6,1.0,0.7499999999999999,0.8145672023038535,0.8145672023038535,1.0,1.0
0.75,h2l-hybrid,SHORT_CHILD_01,simple,2,1|20|17|21|73|24|9|29|3|86|37|85|16|34|0,0.8,1.0,0.888888888888889,0.9047172294870751,0.9047172294870751,0.8041666666666667,1.0
0.75,h2l-hybrid,SHORT_ABUSE_01,simple,3,87|12|26|84|3|88|81|89|6|10|18|79|33|14|30,0.8,1.0,0.888888888888889,0.9558295932317544,0.9558295932317544,0.8875,1.0
0.75,h2l-hybrid,TINY_ABUSE_01,simple,2,3|89|88|84|12|87|21|26|29|85|81|37|90|33|25,0.2,0.5,0.28571428571428575,0.2640681225725909,0.48247555939075504,0.29166666666666663,0.25
0.75,h2l-hybrid,TINY_MENTAL_01,simple,2,29|1|39|21|32|9|13|17|34|68|55|51|30|67|80,0.4,1.0,0.5714285714285715,1.0,1.0,1.0,1.0
0.75,h2l-hybrid,TINY_HOMELESS_01,simple,1,25|29|26|28|8|1|61|59|78|58|67|71|62|4|21,0.0,0.0,0.0,0.0,0.0,0.0,0.0
0.75,h2l-hybrid,ADV_006,moderate,2,81|30|6|80|31|88|76|34|33|70|29|32|72|47|12,0.0,0.0,0.0,0.0,0.0,0.0,0.0
0.75,h2l-hybrid,ADV_007,moderate,2,86|31|29|82|58|26|40|56|71|1|43|3|34|72|12,0.0,0.0,0.0,0.0,0.0,0.0,0.0
0.75,h2l-hybrid,ADV_008,moderate,4,29|70|1|21|9|78|36|39|72|73|17|32|12|56|82,0.0,0.0,0.0,0.0,0.0,0.0,0.0
0.75,h2l-hybrid,ADV_009,moderate,2,89|3|84|75|34|85|12|31|29|78|74|81|26|88|17,0.2,1.0,0.33333333333333337,1.0,1.0,1.0,1.0
0.75,h2l-hybrid,ADV_010,moderate,2,3|29|26|87|12|31|1|85|86|88|55|47|81|37|66,0.0,0.0,0.0,0.0,0.0,0.0,0.0
0.75,h2l-hybrid,ADV_011,moderate,3,66|6|62|14|17|12|47|42|8|40|10|38|18|28|61,0.0,0.0,0.0,0.0,0.0,0.0,0.0
0.75,h2l-hybrid,ADV_012,moderate,5,86|58|40|6|12|82|71|9|20|14|70|17|67|32|38,0.0,0.0,0.0,0.0,0.0,0.0,0.0
0.75,h2l-hybrid,ADV_013,moderate,2,31|29|21|1|39|17|47|86|59|32|51|70|67|36|55,0.0,0.0,0.0,0.0,0.0,0.0,0.0
0.75,h2l-hybrid,ADV_014,moderate,2,88|85|21|1|26|29|89|86|33|43|82|8|25|75|2,0.0,0.0,0.0,0.0,0.0,0.0,0.0
0.75,h2l-hybrid,ADV_015,moderate,3,84|74|3|2|87|40|12|77|89|13|65|63|5|4|29,0.0,0.0,0.0,0.0,0.0,0.0,0.0
0.75,h2l-hybrid,ADV_016,moderate,2,71|25|28|29|26|1|17|18|21|67|33|0|55|59|22,0.0,0.0,0.0,0.0,0.0,0.0,0.0
0.75,h2l-hybrid,ADV_017,moderate,2,0|26|6|4|77|75|85|66|12|32|3|41|83|67|20,0.0,0.0,0.0,0.0,0.0,0.0,0.0
0.75,h2l-hybrid,ADV_018,moderate,4,61|14|50|57|7|17|62|6|68|66|10|67|38|47|63,0.0,0.0,0.0,0.0,0.0,0.0,0.0
0.75,h2l-hybrid,ADV_019,moderate,3,44|75|51|47|67|8|45|52|19|14|66|32|6|89|70,0.0,0.0,0.0,0.0,0.0,0.07142857142857142,0.07142857142857142
0.75,h2l-hybrid,ADV_020,moderate,3,57|55|58|50|14|56|31|36|7|42|29|61|17|39|30,0.0,0.0,0.0,0.0,0.0,0.0,0.0
1.0,h2l-hybrid,CHILD_004,moderate,3,3|84|12|1|89|37|85|88|42|87|81|4|10|86|26,0.4,0.5,0.4444444444444445,0.35753408824606947,0.6136334521116898,0.6833333333333333,1.0
1.0,h2l-hybrid,ELDER_002,moderate,7,6|62|68|66|14|64|60|8|18|30|59|65|47|20|63,0.0,0.0,0.0,0.0,0.0,0.0,0.0
1.0,h2l-hybrid,ELDER_009,moderate,4,13|62|63|59|9|67|39|36|65|22|34|68|82|6|38,0.2,1.0,0.33333333333333337,0.6309297535714575,0.6309297535714575,0.5,0.5
1.0,h2l-hybrid,DISABLED_004,moderate,3,18|62|68|6|64|22|14|69|66|65|8|72|75|15|16,0.0,0.0,0.0,0.0,0.3706656904013186,0.1625,0.125
1.0,h2l-hybrid,DISABLED_006,moderate,4,20|85|6|60|17|24|68|1|2|14|16|62|0|59|22,0.4,1.0,0.5714285714285715,0.9327783893101107,0.9327783893101107,0.7,1.0
1.0,h2l-hybrid,HOMELESS_003,simple,4,27|69|74|65|89|13|18|15|25|78|63|59|29|36|0,0.2,1.0,0.33333333333333337,0.6309297535714575,0.6309297535714575,0.5,0.5
1.0,h2l-hybrid,MENTAL_006,complex,1,35|91|14|38|79|44|30|70|34|31|81|80|6|32|53,0.2,1.0,0.33333333333333337,0.5,0.5,0.3333333333333333,0.3333333333333333
1.0,h2l-hybrid,MENTAL_008,moderate,6,37|81|84|86|21|1|3|33|80|85|24|25|31|12|88,0.0,0.0,0.0,0.0,0.0,0.0,0.0
1.0,h2l-hybrid,MENTAL_009,complex,0,38|9|68|34|6|39|87|36|51|67|13|18|82|35|17,0.0,0.0,0.0,0.0,0.0,0.0,0.0
1.0,h2l-hybrid,SUBSTANCE_003,simple,1,42|32|52|43|79|39|31|12|10|82|87|30|36|51|3,0.0,0.0,0.0,0.0,0.0,0.0,0.0
1.0,h2l-hybrid,NCD_001,simple,1,44|19|8|32|45|51|48|47|52|14|66|10|28|50|6,0.0,0.0,0.0,0.0,0.0,0.0,0.0
1.0,h2l-hybrid,NCD_004,complex,4,47|51|45|59|67|65|6|8|82|86|68|61|63|39|62,0.0,0.0,0.0,0.0,0.31546487678572877,0.125,0.125
1.0,h2l-hybrid,NCD_008,complex,2,51|47|45|67|82|52|36|44|8|39|19|86|48|49|80,0.0,0.0,0.0,0.0,0.0,0.0,0.0
1.0,h2l-hybrid,HIV_TB_003,simple,1,56|54|55|57|41|58|11|86|29|17|82|70|21|48|52,0.0,0.0,0.0,0.0,0.0,0.0,0.0
1.0,h2l-hybrid,BEDRIDDEN_003,moderate,3,61|59|8|47|65|63|62|29|67|13|60|39|10|66|6,0.2,1.0,0.33333333333333337,1.0,1.0,1.0,1.0
1.0,h2l-hybrid,BEDRIDDEN_004,complex,4,62|6|66|18|64|8|68|60|14|13|59|63|61|65|46,0.2,1.0,0.33333333333333337,1.0,1.0,1.0,1.0
1.0,h2l-hybrid,BEDRIDDEN_008,moderate,3,66|8|62|68|6|60|10|46|64|61|63|67|14|50|59,0.0,0.0,0.0,0.0,0.0,0.0,0.0
1.0,h2l-hybrid,REHAB_002,simple,2,70|55|34|58|68|54|32|62|6|48|22|30|71|79|82,0.2,1.0,0.33333333333333337,1.0,1.0,1.0,1.0
1.0,h2l-hybrid,FINANCE_001,simple,3,74|5|65|2|69|36|75|15|77|18|8|59|23|25|22,0.4,1.0,0.5714285714285715,0.944847956559586,0.944847956559586,0.75,1.0
1.0,h2l-hybrid,LOVE_004,simple,1,82|51|54|86|45|47|48|36|6|71|79|30|9|38|39,0.0,0.0,0.0,0.0,0.0,0.0,0.0
1.0,h2l-hybrid,FAMILY_001,moderate,4,84|87|12|3|37|89|88|0|1|43|2|20|81|40|25,0.4,1.0,0.5714285714285715,1.0,1.0,1.0,1.0
1.0,h2l-hybrid,VIOLENCE_004,simple,0,90|87|77|6|22|74|10|66|8|34|84|89|25|88|16,0.0,0.0,0.0,0.0,0.0,0.0,0.0
1.0,h2l-hybrid,CHILD_004_PAR_01,moderate,3,3|84|12|1|89|37|88|85|42|81|40|86|26|10|4,0.4,0.6666666666666666,0.5,0.7653606369886217,0.9066276098484507,0.7777777777777778,1.0
1.0,h2l-hybrid,DISABLED_004_PAR_01,moderate,2,18|68|62|64|6|14|65|69|22|87|66|8|72|75|16,0.0,0.0,0.0,0.0,0.4401191709229659,0.23095238095238094,0.14285714285714285
1.0,h2l-hybrid,DISABLED_006_PAR_01,moderate,4,20|6|60|17|85|62|68|16|14|8|77|59|18|65|24,0.4,0.5,0.4444444444444445,0.7520764230169481,0.7520764230169481,0.5041208791208791,1.0
1.0,h2l-hybrid,MENTAL_008_PAR_01,moderate,7,37|81|80|86|21|91|84|30|89|33|1|31|88|40|25,0.0,0.0,0.0,0.0,0.0,0.0,0.0
1.0,h2l-hybrid,SUBSTANCE_003_PAR_01,simple,1,42|32|52|43|79|39|12|82|31|68|36|87|10|30|51,0.0,0.0,0.0,0.0,0.0,0.0,0.0
1.0,h2l-hybrid,NCD_001_PAR_01,simple,1,44|19|51|45|8|32|48|47|52|66|14|10|50|6|16,0.0,0.0,0.0,0.0,0.0,0.0,0.0
1.0,h2l-hybrid,FINANCE_001_PAR_01,simple,3,74|5|65|2|69|75|36|77|15|8|13|59|23|25|90,0.4,1.0,0.5714285714285715,0.944847956559586,0.944847956559586,0.75,1.0
1.0,h2l-hybrid,FAMILY_001_PAR_01,moderate,4,84|87|12|3|89|37|88|40|90|81|25|0|1|43|34,0.4,1.0,0.5714285714285715,1.0,1.0,1.0,1.0
1.0,h2l-hybrid,HOMELESS_003_ESC_01,complex,4,27|69|89|74|65|13|18|39|15|31|84|59|78|25|63,0.4,0.6666666666666666,0.5,0.7653606369886217,0.7653606369886217,0.7575757575757575,1.0
1.0,h2l-hybrid,ADV_001,moderate,2,30|31|81|80|6|74|76|47|91|77|51|62|33|49|89,0.0,0.0,0.0,0.0,0.0,0.0,0.0
1.0,h2l-hybrid,ADV_002,moderate,4,71|86|72|58|1|73|12|0|40|26|29|75|9|28|24,0.0,0.0,0.0,0.0,0.0,0.0,0.0
1.0,h2l-hybrid,ADV_003,moderate,3,70|29|1|8|16|17|73|78|33|4|69|36|22|67|55,0.0,0.0,0.0,0.0,0.0,0.0,0.0
1.0,h2l-hybrid,ADV_004,moderate,2,3|1|86|12|84|21|37|85|20|0|31|87|9|26|38,0.0,0.0,0.0,0.0,0.0,0.0,0.0
1.0,h2l-hybrid,ADV_005,moderate,1,84|12|1|3|85|0|20|72|87|81|26|37|69|29|2,0.0,0.0,0.0,0.0,0.0,0.07692307692307693,0.07692307692307693
1.0,h2l-hybrid,NEG_SH_POS,moderate,1,30|80|51|31|91|39|6|81|70|29|10|58|17|79|82,0.6,0.75,0.6666666666666665,0.787702056960637,0.910853251331002,0.775,1.0
1.0,h2l-hybrid,NEG_SH_NEG,moderate,1,30|81|80|31|91|39|6|29|70|32|21|34|88|51|47,0.0,0.0,0.0,0.0,0.0,0.0,0.0
1.0,h2l-hybrid,NEG_SM_POS,simple,2,74|77|49|65|8|61|75|62|69|23|59|7|22|5|63,0.6,0.75,0.6666666666666665,0.8048099750039491,0.9223260797603763,0.7986111111111112,1.0
1.0,h2l-hybrid,NEG_SM_NEG,simple,2,74|77|65|75|49|8|69|42|62|22|61|51|59|23|7,0.0,0.0,0.0,0.0,0.0,0.0,0.0
1.0,h2l-hybrid,NEG_SL_POS,simple,2,24|51|32|21|16|28|29|26|59|55|61|3|66|67|65,0.0,0.0,0.0,0.0,0.0,0.0,0.0
1.0,h2l-hybrid,NEG_SL_NEG,simple,1,32|51|21|17|13|57|16|29|28|24|47|82|59|61|67,0.0,0.0,0.0,0.0,0.0,0.0,0.0
1.0,h2l-hybrid,NEG_MH_POS,complex,3,3|84|85|87|12|20|88|37|89|26|81|1|2|0|4,0.6,0.6,0.6,0.811925988329848,0.872759065542811,0.6922222222222222,1.0
1.0,h2l-hybrid,NEG_MH_NEG,complex,4,85|20|84|3|2|12|1|0|37|87|4|88|26|81|6,0.0,0.0,0.0,0.0,0.0,0.0,0.0
1.0,h2l-hybrid,NEG_MM_POS,moderate,5,86|68|42|87|39|82|12|38|79|48|43|14|26|50|53,0.0,0.0,0.0,0.0,0.0,0.0,0.0
1.0,h2l-hybrid,NEG_MM_NEG,moderate,6,86|68|12|42|72|87|6|38|70|39|26|3|41|53|47,0.0,0.0,0.0,0.0,0.0,0.0,0.0
1.0,h2l-hybrid,NEG_ML_POS,simple,3,65|36|61|39|9|13|17|29|67|25|59|51|54|47|86,0.0,0.0,0.0,0.0,0.0,0.0,0.0
1.0,h2l-hybrid,NEG_ML_NEG,simple,4,74|65|36|25|61|39|17|13|29|67|59|8|23|51|15,0.0,0.0,0.0,0.0,0.0,0.0,0.0
1.0,h2l-hybrid,NEG_LH_POS,complex,5,87|12|84|26|83|41|3|55|40|16|18|6|43|10|82,0.6,0.75,0.6666666666666665,0.8318724637288826,0.9619991470595832,0.8928571428571428,1.0
1.0,h2l-hybrid,NEG_LH_NEG,complex,3,30|70|80|81|87|41|76|38|6|82|8|83|68|26|66,0.0,0.0,0.0,0.0,0.0,0.0,0.0
1.0,h2l-hybrid,NEG_LM_POS,complex,6,76|36|39|82|51|75|86|49|78|6|31|47|9|67|59,0.0,0.0,0.0,0.0,0.0,0.08333333333333333,0.08333333333333333
1.0,h2l-hybrid,NEG_LM_NEG,complex,0,1|20|3|85|0|86|84|26|37|24|34|9|4|73|38,0.0,0.0,0.0,0.0,0.0,0.0,0.0
1.0,h2l-hybrid,NEG_LL_POS,simple,4,6|8|66|62|10|60|14|50|68|38|9|28|75|13|16,0.0,0.0,0.0,0.0,0.0,0.0,0.0
1.0,h2l-hybrid,NEG_LL_NEG,simple,5,6|8|62|66|14|10|60|48|47|67|12|28|18|16|61,0.0,0.0,0.0,0.0,0.0,0.0,0.0
1.0,h2l-hybrid,NEG_SH_POS_V2,moderate,1,30|80|91|51|31|6|40|10|88|81|58|33|76|70|47,0.6,0.75,0.6666666666666665,0.8318724637288826,0.9447176050778178,0.85,1.0
1.0,h2l-hybrid,NEG_SH_NEG_V2,moderate,1,30|80|81|91|31|88|29|33|6|34|51|47|70|32|79,0.0,0.0,0.0,0.0,0.0,0.0,0.0
1.0,h2l-hybrid,NEG_SM_POS_V2,simple,2,87|12|3|39|43|31|38|86|26|53|41|82|50|40|25,0.0,0.0,0.0,0.0,0.0,0.0,0.0
1.0,h2l-hybrid,NEG_SM_NEG_V2,simple,3,39|87|33|26|41|31|82|12|54|86|3|71|25|42|51,0.0,0.0,0.0,0.0,0.0,0.0,0.0
1.0,h2l-hybrid,NEG_SL_POS_V2,simple,0,47|51|29|32|57|58|62|55|14|13|28|59|31|56|22,0.0,0.0,0.0,0.0,0.0,0.0,0.0
1.0,h2l-hybrid,NEG_SL_NEG_V2,simple,0,48|55|51|58|47|32|56|57|70|41|40|67|35|52|28,0.0,0.0,0.0,0.0,0.0,0.0,0.0
1.0,h2l-hybrid,NEG_MH_POS_V2,complex,3,3|85|88|21|1|84|37|29|86|0|12|26|31|20|87,0.0,0.0,0.0,0.0,0.0,0.0,0.0
1.0,h2l-hybrid,NEG_MH_NEG_V2,complex,4,3|85|84|21|1|88|37|0|12|4|86|87|71|6|26,0.0,0.0,0.0,0.0,0.0,0.0,0.0
1.0,h2l-hybrid,NEG_MM_POS_V2,moderate,4,71|86|82|78|1|6|3|12|30|37|26|40|29|14|17,0.0,0.0,0.0,0.0,0.0,0.0,0.0
1.0,h2l-hybrid,NEG_MM_NEG_V2,moderate,2,9|1|71|86|12|3|26|54|47|75|21|0|82|84|13,0.0,0.0,0.0,0.0,0.0,0.0,0.0
1.0,h2l-hybrid,NEG_ML_POS_V2,simple,2,36|39|51|78|25|9|69|72|76|29|33|38|30|82|67,0.0,0.0,0.0,0.0,0.0,0.0,0.0
1.0,h2l-hybrid,NEG_ML_NEG_V2,simple,1,30|33|28|36|29|9|69|70|26|17|32|12|47|73|51,0.0,0.0,0.0,0.0,0.0,0.0,0.0
1.0,h2l-hybrid,NEG_LH_POS_V2,complex,6,12|84|88|58|3|86|26|85|87|40|0|71|29|1|81,0.0,0.0,0.0,0.0,0.0,0.07142857142857142,0.07142857142857142
1.0,h2l-hybrid,NEG_LH_NEG_V2,complex,7,84|3|12|85|32|1|0|88|86|87|35|71|20|34|40,0.0,0.0,0.0,0.0,0.0,0.0,0.0
1.0,h2l-hybrid,NEG_LM_POS_V2,complex,5,89|75|76|86|78|6|64|82|38|1|3|12|0|37|26,0.2,1.0,0.33333333333333337,1.0,1.0,1.0,1.0
1.0,h2l-hybrid,NEG_LM_NEG_V2,complex,3,75|89|1|86|29|31|26|12|85|39|25|37|78|59|8,0.0,0.0,0.0,0.0,0.0,0.0,0.0
1.0,h2l-hybrid,NEG_LL_POS_V2,simple,1,61|8|16|59|60|66|6|21|18|13|25|28|65|29|26,0.0,0.0,0.0,0.0,0.0,0.0,0.0
1.0,h2l-hybrid,NEG_LL_NEG_V2,simple,2,3|12|29|59|25|1|60|8|6|28|66|26|38|16|31,0.0,0.0,0.0,0.0,0.0,0.0,0.0
1.0,h2l-hybrid,SHORT_ELDER_01,simple,3,8|68|6|62|44|47|59|60|66|67|18|51|70|50|65,0.2,1.0,0.33333333333333337,1.0,1.0,1.0,1.0
1.0,h2l-hybrid,SHORT_HOMELESS_01,simple,2,29|25|42|28|61|43|9|12|39|26|47|40|31|57|51,0.2,0.5,0.28571428571428575,0.13770577618809332,0.43201649929501884,0.3333333333333333,0.3333333333333333
1.0,h2l-hybrid,SHORT_MENTAL_01,simple,2,31|29|1|54|39|70|17|55|21|56|47|86|51|32|82,0.6,1.0,0.7499999999999999,0.8145672023038535,0.8145672023038535,1.0,1.0
1.0,h2l-hybrid,SHORT_CHILD_01,simple,2,1|20|17|21|73|24|9|29|3|86|37|16|85|34|0,0.8,1.0,0.888888888888889,0.9047172294870751,0.9047172294870751,0.8041666666666667,1.0
1.0,h2l-hybrid,SHORT_ABUSE_01,simple,3,87|12|26|84|3|88|81|89|6|10|18|79|33|14|30,0.8,1.0,0.888888888888889,0.9558295932317544,0.9558295932317544,0.8875,1.0
1.0,h2l-hybrid,TINY_ABUSE_01,simple,2,3|89|88|84|87|12|21|26|29|85|81|37|90|33|25,0.4,1.0,0.5714285714285715,0.5012658353418871,0.5012658353418871,0.325,0.25
1.0,h2l-hybrid,TINY_MENTAL_01,simple,2,29|1|39|21|32|9|13|17|34|68|55|51|30|67|80,0.4,1.0,0.5714285714285715,1.0,1.0,1.0,1.0
1.0,h2l-hybrid,TINY_HOMELESS_01,simple,1,25|29|26|28|8|1|61|59|78|58|67|71|62|4|21,0.0,0.0,0.0,0.0,0.0,0.0,0.0
1.0,h2l-hybrid,ADV_006,moderate,2,81|30|6|80|31|88|76|34|33|70|29|32|72|47|12,0.0,0.0,0.0,0.0,0.0,0.0,0.0
1.0,h2l-hybrid,ADV_007,moderate,2,86|31|29|82|58|26|40|56|71|1|43|3|34|72|12,0.0,0.0,0.0,0.0,0.0,0.0,0.0
1.0,h2l-hybrid,ADV_008,moderate,4,29|70|1|21|9|78|36|39|72|73|17|32|12|56|82,0.0,0.0,0.0,0.0,0.0,0.0,0.0
1.0,h2l-hybrid,ADV_009,moderate,2,89|3|84|75|34|85|12|31|29|78|74|81|26|88|17,0.2,1.0,0.33333333333333337,1.0,1.0,1.0,1.0
1.0,h2l-hybrid,ADV_010,moderate,2,3|29|26|87|12|31|1|85|86|88|55|47|81|37|66,0.0,0.0,0.0,0.0,0.0,0.0,0.0
1.0,h2l-hybrid,ADV_011,moderate,3,66|6|62|14|17|12|47|42|8|40|10|38|18|28|61,0.0,0.0,0.0,0.0,0.0,0.0,0.0
1.0,h2l-hybrid,ADV_012,moderate,5,86|58|40|6|12|82|71|9|20|14|70|17|67|32|38,0.0,0.0,0.0,0.0,0.0,0.0,0.0
1.0,h2l-hybrid,ADV_013,moderate,2,31|29|21|1|39|17|47|86|59|32|51|70|67|36|55,0.0,0.0,0.0,0.0,0.0,0.0,0.0
1.0,h2l-hybrid,ADV_014,moderate,2,88|85|21|1|26|29|89|86|33|43|82|8|25|75|2,0.0,0.0,0.0,0.0,0.0,0.0,0.0
1.0,h2l-hybrid,ADV_015,moderate,3,84|74|3|2|87|40|12|77|89|13|65|63|5|4|29,0.0,0.0,0.0,0.0,0.0,0.0,0.0
1.0,h2l-hybrid,ADV_016,moderate,2,71|25|28|29|26|1|17|18|21|67|33|0|59|55|22,0.0,0.0,0.0,0.0,0.0,0.0,0.0
1.0,h2l-hybrid,ADV_017,moderate,2,0|26|6|4|77|75|85|66|12|32|3|41|83|67|20,0.0,0.0,0.0,0.0,0.0,0.0,0.0
1.0,h2l-hybrid,ADV_018,moderate,4,61|14|50|57|7|17|62|6|68|66|10|67|38|47|63,0.0,0.0,0.0,0.0,0.0,0.0,0.0
1.0,h2l-hybrid,ADV_019,moderate,3,44|75|51|47|67|8|45|52|19|14|66|32|6|89|70,0.0,0.0,0.0,0.0,0.0,0.07142857142857142,0.07142857142857142
1.0,h2l-hybrid,ADV_020,moderate,3,57|55|58|50|14|56|31|36|7|42|29|61|17|39|30,0.0,0.0,0.0,0.0,0.0,0.0,0.0
1.5,h2l-hybrid,CHILD_004,moderate,3,3|84|12|1|89|37|85|88|42|87|81|4|10|86|26,0.4,0.5,0.4444444444444445,0.35753408824606947,0.6136334521116898,0.6833333333333333,1.0
1.5,h2l-hybrid,ELDER_002,moderate,7,6|62|68|66|14|64|60|8|18|30|59|65|47|20|63,0.0,0.0,0.0,0.0,0.0,0.0,0.0
1.5,h2l-hybrid,ELDER_009,moderate,4,13|62|63|59|9|39|67|36|65|22|34|68|82|6|38,0.2,1.0,0.33333333333333337,0.6309297535714575,0.6309297535714575,0.5,0.5
1.5,h2l-hybrid,DISABLED_004,moderate,3,18|62|68|6|64|22|14|69|66|65|8|75|72|15|16,0.0,0.0,0.0,0.0,0.3706656904013186,0.1625,0.125
1.5,h2l-hybrid,DISABLED_006,moderate,4,20|85|6|60|17|24|68|1|2|14|16|62|0|59|22,0.4,1.0,0.5714285714285715,0.9327783893101107,0.9327783893101107,0.7,1.0
1.5,h2l-hybrid,HOMELESS_003,simple,4,27|69|74|65|89|13|18|15|25|78|63|59|29|36|0,0.2,1.0,0.33333333333333337,0.6309297535714575,0.6309297535714575,0.5,0.5
1.5,h2l-hybrid,MENTAL_006,complex,1,35|91|14|38|79|44|30|70|34|31|81|80|6|32|53,0.2,1.0,0.33333333333333337,0.5,0.5,0.3333333333333333,0.3333333333333333
1.5,h2l-hybrid,MENTAL_008,moderate,6,37|81|84|86|21|1|3|33|80|85|24|25|31|12|88,0.0,0.0,0.0,0.0,0.0,0.0,0.0
1.5,h2l-hybrid,MENTAL_009,complex,0,38|9|68|34|6|39|87|36|51|67|13|18|82|35|17,0.0,0.0,0.0,0.0,0.0,0.0,0.0
1.5,h2l-hybrid,SUBSTANCE_003,simple,1,42|32|52|43|79|39|31|12|10|82|87|30|36|51|3,0.0,0.0,0.0,0.0,0.0,0.0,0.0
1.5,h2l-hybrid,NCD_001,simple,1,44|19|8|32|45|51|48|47|52|14|66|10|28|50|6,0.0,0.0,0.0,0.0,0.0,0.0,0.0
1.5,h2l-hybrid,NCD_004,complex,4,47|51|45|59|67|65|6|8|82|86|68|61|63|39|62,0.0,0.0,0.0,0.0,0.31546487678572877,0.125,0.125
1.5,h2l-hybrid,NCD_008,complex,2,51|47|45|67|82|52|36|44|8|39|19|86|48|49|80,0.0,0.0,0.0,0.0,0.0,0.0,0.0
1.5,h2l-hybrid,HIV_TB_003,simple,1,56|54|55|57|41|58|11|86|29|17|82|70|21|48|52,0.0,0.0,0.0,0.0,0.0,0.0,0.0
1.5,h2l-hybrid,BEDRIDDEN_003,moderate,3,61|59|8|47|65|63|62|29|67|13|60|39|10|66|6,0.2,1.0,0.33333333333333337,1.0,1.0,1.0,1.0
1.5,h2l-hybrid,BEDRIDDEN_004,complex,4,62|6|66|18|64|8|68|60|14|13|59|63|61|65|46,0.2,1.0,0.33333333333333337,1.0,1.0,1.0,1.0
1.5,h2l-hybrid,BEDRIDDEN_008,moderate,3,66|8|62|68|6|60|10|46|64|61|63|67|14|50|59,0.0,0.0,0.0,0.0,0.0,0.0,0.0
1.5,h2l-hybrid,REHAB_002,simple,2,70|55|34|58|68|54|32|62|6|48|22|30|71|79|82,0.2,1.0,0.33333333333333337,1.0,1.0,1.0,1.0
1.5,h2l-hybrid,FINANCE_001,simple,3,74|5|65|2|69|36|75|15|77|18|8|59|23|25|22,0.4,1.0,0.5714285714285715,0.944847956559586,0.944847956559586,0.75,1.0
1.5,h2l-hybrid,LOVE_004,simple,1,82|51|54|86|45|47|48|36|6|71|79|30|9|38|39,0.0,0.0,0.0,0.0,0.0,0.0,0.0
1.5,h2l-hybrid,FAMILY_001,moderate,4,84|87|12|3|37|89|88|0|1|43|2|20|81|40|25,0.4,1.0,0.5714285714285715,1.0,1.0,1.0,1.0
1.5,h2l-hybrid,VIOLENCE_004,simple,0,90|87|77|6|22|74|10|66|8|34|84|89|25|88|16,0.0,0.0,0.0,0.0,0.0,0.0,0.0
1.5,h2l-hybrid,CHILD_004_PAR_01,moderate,3,3|84|12|1|89|37|88|85|42|81|40|86|26|10|4,0.4,0.6666666666666666,0.5,0.7653606369886217,0.9066276098484507,0.7777777777777778,1.0
1.5,h2l-hybrid,DISABLED_004_PAR_01,moderate,2,18|68|62|64|6|14|65|69|22|87|66|8|72|75|16,0.0,0.0,0.0,0.0,0.4401191709229659,0.23095238095238094,0.14285714285714285
1.5,h2l-hybrid,DISABLED_006_PAR_01,moderate,4,20|6|60|17|85|62|68|16|14|8|77|59|18|65|24,0.4,0.5,0.4444444444444445,0.7520764230169481,0.7520764230169481,0.5041208791208791,1.0
1.5,h2l-hybrid,MENTAL_008_PAR_01,moderate,7,37|81|80|86|21|91|84|30|89|33|1|31|88|40|25,0.0,0.0,0.0,0.0,0.0,0.0,0.0
1.5,h2l-hybrid,SUBSTANCE_003_PAR_01,simple,1,42|32|52|43|79|39|12|82|31|68|36|87|10|30|51,0.0,0.0,0.0,0.0,0.0,0.0,0.0
1.5,h2l-hybrid,NCD_001_PAR_01,simple,1,44|19|51|45|8|32|48|47|52|66|14|10|50|6|16,0.0,0.0,0.0,0.0,0.0,0.0,0.0
1.5,h2l-hybrid,FINANCE_001_PAR_01,simple,3,74|5|65|2|69|75|36|77|15|8|13|59|23|25|90,0.4,1.0,0.5714285714285715,0.944847956559586,0.944847956559586,0.75,1.0
1.5,h2l-hybrid,FAMILY_001_PAR_01,moderate,4,84|87|12|3|89|37|88|40|90|81|25|0|1|43|34,0.4,1.0,0.5714285714285715,1.0,1.0,1.0,1.0
1.5,h2l-hybrid,HOMELESS_003_ESC_01,complex,4,27|69|89|74|65|13|18|39|15|31|84|59|78|25|63,0.4,0.6666666666666666,0.5,0.7653606369886217,0.7653606369886217,0.7575757575757575,1.0
1.5,h2l-hybrid,ADV_001,moderate,2,30|31|81|80|6|74|76|47|91|77|51|62|33|49|89,0.0,0.0,0.0,0.0,0.0,0.0,0.0
1.5,h2l-hybrid,ADV_002,moderate,4,71|86|72|58|1|73|12|0|40|26|29|75|9|28|24,0.0,0.0,0.0,0.0,0.0,0.0,0.0
1.5,h2l-hybrid,ADV_003,moderate,3,70|29|1|8|16|17|73|78|33|4|69|36|22|67|55,0.0,0.0,0.0,0.0,0.0,0.0,0.0
1.5,h2l-hybrid,ADV_004,moderate,2,3|1|86|12|84|21|37|85|20|0|31|87|9|26|38,0.0,0.0,0.0,0.0,0.0,0.0,0.0
1.5,h2l-hybrid,ADV_005,moderate,1,84|12|1|3|85|0|20|72|87|81|26|37|69|29|2,0.0,0.0,0.0,0.0,0.0,0.07692307692307693,0.07692307692307693
1.5,h2l-hybrid,NEG_SH_POS,moderate,1,30|80|51|31|91|39|6|81|70|29|10|58|17|79|82,0.6,0.75,0.6666666666666665,0.787702056960637,0.910853251331002,0.775,1.0
1.5,h2l-hybrid,NEG_SH_NEG,moderate,1,30|81|80|31|91|39|6|29|70|32|21|34|88|51|47,0.0,0.0,0.0,0.0,0.0,0.0,0.0
1.5,h2l-hybrid,NEG_SM_POS,simple,2,74|77|49|65|8|61|75|62|69|23|59|7|22|5|63,0.6,0.75,0.6666666666666665,0.8048099750039491,0.9223260797603763,0.7986111111111112,1.0
1.5,h2l-hybrid,NEG_SM_NEG,simple,2,74|77|65|75|49|8|69|42|62|22|61|51|59|23|7,0.0,0.0,0.0,0.0,0.0,0.0,0.0
1.5,h2l-hybrid,NEG_SL_POS,simple,2,24|51|32|21|16|28|29|26|59|55|61|3|66|67|65,0.0,0.0,0.0,0.0,0.0,0.0,0.0
1.5,h2l-hybrid,NEG_SL_NEG,simple,1,32|51|21|17|13|57|16|29|28|24|47|82|59|61|67,0.0,0.0,0.0,0.0,0.0,0.0,0.0
1.5,h2l-hybrid,NEG_MH_POS,complex,3,3|84|85|87|12|20|88|37|89|26|81|1|2|0|4,0.6,0.6,0.6,0.811925988329848,0.872759065542811,0.6922222222222222,1.0
1.5,h2l-hybrid,NEG_MH_NEG,complex,4,85|20|84|3|2|12|1|0|37|87|4|88|26|81|6,0.0,0.0,0.0,0.0,0.0,0.0,0.0
1.5,h2l-hybrid,NEG_MM_POS,moderate,5,86|68|42|87|39|82|12|38|79|48|43|14|26|50|53,0.0,0.0,0.0,0.0,0.0,0.0,0.0
1.5,h2l-hybrid,NEG_MM_NEG,moderate,6,86|68|12|42|72|87|6|38|70|39|26|3|41|53|47,0.0,0.0,0.0,0.0,0.0,0.0,0.0
1.5,h2l-hybrid,NEG_ML_POS,simple,3,65|36|61|39|9|13|17|29|67|25|59|51|54|47|86,0.0,0.0,0.0,0.0,0.0,0.0,0.0
1.5,h2l-hybrid,NEG_ML_NEG,simple,4,74|65|36|25|61|39|17|13|29|67|59|8|23|51|15,0.0,0.0,0.0,0.0,0.0,0.0,0.0
1.5,h2l-hybrid,NEG_LH_POS,complex,5,87|12|84|26|83|41|3|55|40|16|18|6|43|10|82,0.6,0.75,0.6666666666666665,0.8318724637288826,0.9619991470595832,0.8928571428571428,1.0
1.5,h2l-hybrid,NEG_LH_NEG,complex,3,30|70|81|80|87|41|76|38|6|82|8|83|68|26|66,0.0,0.0,0.0,0.0,0.0,0.0,0.0
1.5,h2l-hybrid,NEG_LM_POS,complex,6,76|36|39|82|51|75|86|49|78|6|31|47|9|67|59,0.0,0.0,0.0,0.0,0.0,0.08333333333333333,0.08333333333333333
1.5,h2l-hybrid,NEG_LM_NEG,complex,0,1|20|3|85|0|86|84|26|37|24|34|9|4|73|38,0.0,0.0,0.0,0.0,0.0,0.0,0.0
1.5,h2l-hybrid,NEG_LL_POS,simple,4,6|8|66|62|10|60|14|50|68|38|9|28|75|13|16,0.0,0.0,0.0,0.0,0.0,0.0,0.0
1.5,h2l-hybrid,NEG_LL_NEG,simple,5,6|8|62|66|14|10|60|48|47|67|12|28|18|16|61,0.0,0.0,0.0,0.0,0.0,0.0,0.0
1.5,h2l-hybrid,NEG_SH_POS_V2,moderate,1,30|80|91|51|31|6|40|10|88|81|58|33|76|70|47,0.6,0.75,0.6666666666666665,0.8318724637288826,0.9447176050778178,0.85,1.0
1.5,h2l-hybrid,NEG_SH_NEG_V2,moderate,1,30|80|81|91|31|88|29|33|6|34|51|47|70|32|79,0.0,0.0,0.0,0.0,0.0,0.0,0.0
1.5,h2l-hybrid,NEG_SM_POS_V2,simple,2,87|12|3|39|43|31|38|86|26|53|41|82|50|40|25,0.0,0.0,0.0,0.0,0.0,0.0,0.0
1.5,h2l-hybrid,NEG_SM_NEG_V2,simple,3,39|87|33|26|41|31|82|12|54|86|3|71|25|42|51,0.0,0.0,0.0,0.0,0.0,0.0,0.0
1.5,h2l-hybrid,NEG_SL_POS_V2,simple,0,47|51|29|32|57|58|62|55|14|13|28|59|31|56|22,0.0,0.0,0.0,0.0,0.0,0.0,0.0
1.5,h2l-hybrid,NEG_SL_NEG_V2,simple,0,48|55|51|58|47|32|56|57|70|41|40|67|35|52|28,0.0,0.0,0.0,0.0,0.0,0.0,0.0
1.5,h2l-hybrid,NEG_MH_POS_V2,complex,3,3|85|88|21|1|84|37|29|86|0|12|26|31|20|87,0.0,0.0,0.0,0.0,0.0,0.0,0.0
1.5,h2l-hybrid,NEG_MH_NEG_V2,complex,4,3|85|84|21|1|88|37|0|12|4|86|87|71|6|26,0.0,0.0,0.0,0.0,0.0,0.0,0.0
1.5,h2l-hybrid,NEG_MM_POS_V2,moderate,4,71|86|82|78|1|6|3|12|30|37|26|40|29|14|17,0.0,0.0,0.0,0.0,0.0,0.0,0.0
1.5,h2l-hybrid,NEG_MM_NEG_V2,moderate,2,9|1|71|86|12|3|26|54|47|75|21|0|82|84|13,0.0,0.0,0.0,0.0,0.0,0.0,0.0
1.5,h2l-hybrid,NEG_ML_POS_V2,simple,2,36|39|51|78|25|9|69|72|76|29|33|38|30|82|67,0.0,0.0,0.0,0.0,0.0,0.0,0.0
1.5,h2l-hybrid,NEG_ML_NEG_V2,simple,1,30|33|28|36|29|9|69|70|26|17|32|12|47|73|51,0.0,0.0,0.0,0.0,0.0,0.0,0.0
1.5,h2l-hybrid,NEG_LH_POS_V2,complex,6,12|84|88|58|3|86|26|85|87|40|0|71|29|1|81,0.0,0.0,0.0,0.0,0.0,0.07142857142857142,0.07142857142857142
1.5,h2l-hybrid,NEG_LH_NEG_V2,complex,7,84|3|12|85|32|1|0|88|86|87|35|71|20|34|40,0.0,0.0,0.0,0.0,0.0,0.0,0.0
1.5,h2l-hybrid,NEG_LM_POS_V2,complex,5,89|75|76|86|78|6|64|82|38|1|3|12|0|37|26,0.2,1.0,0.33333333333333337,1.0,1.0,1.0,1.0
1.5,h2l-hybrid,NEG_LM_NEG_V2,complex,3,75|89|1|86|29|31|26|12|85|39|25|37|78|59|8,0.0,0.0,0.0,0.0,0.0,0.0,0.0
1.5,h2l-hybrid,NEG_LL_POS_V2,simple,1,61|8|16|59|60|66|6|21|18|13|25|28|65|29|26,0.0,0.0,0.0,0.0,0.0,0.0,0.0
1.5,h2l-hybrid,NEG_LL_NEG_V2,simple,2,3|12|29|59|25|1|60|8|6|28|66|26|38|16|31,0.0,0.0,0.0,0.0,0.0,0.0,0.0
1.5,h2l-hybrid,SHORT_ELDER_01,simple,3,8|68|6|62|44|47|59|60|66|67|18|51|70|50|65,0.2,1.0,0.33333333333333337,1.0,1.0,1.0,1.0
1.5,h2l-hybrid,SHORT_HOMELESS_01,simple,2,29|25|42|28|61|43|9|12|39|26|47|40|31|57|51,0.2,0.5,0.28571428571428575,0.13770577618809332,0.43201649929501884,0.3333333333333333,0.3333333333333333
1.5,h2l-hybrid,SHORT_MENTAL_01,simple,2,31|29|1|54|39|70|17|55|21|56|47|86|51|32|82,0.6,1.0,0.7499999999999999,0.8145672023038535,0.8145672023038535,1.0,1.0
1.5,h2l-hybrid,SHORT_CHILD_01,simple,2,1|20|17|21|73|24|9|29|3|86|37|16|85|34|0,0.8,1.0,0.888888888888889,0.9047172294870751,0.9047172294870751,0.8041666666666667,1.0
1.5,h2l-hybrid,SHORT_ABUSE_01,simple,3,87|12|26|84|3|88|81|89|6|10|18|79|33|14|30,0.8,1.0,0.888888888888889,0.9558295932317544,0.9558295932317544,0.8875,1.0
1.5,h2l-hybrid,TINY_ABUSE_01,simple,2,3|89|88|84|87|12|21|26|29|85|81|37|90|33|25,0.4,1.0,0.5714285714285715,0.5012658353418871,0.5012658353418871,0.325,0.25
1.5,h2l-hybrid,TINY_MENTAL_01,simple,2,29|1|39|21|32|9|13|17|34|68|55|51|30|67|80,0.4,1.0,0.5714285714285715,1.0,1.0,1.0,1.0
1.5,h2l-hybrid,TINY_HOMELESS_01,simple,1,25|29|26|28|8|1|61|59|78|58|67|71|62|4|21,0.0,0.0,0.0,0.0,0.0,0.0,0.0
1.5,h2l-hybrid,ADV_006,moderate,2,81|30|6|80|31|88|76|34|33|70|29|32|72|47|12,0.0,0.0,0.0,0.0,0.0,0.0,0.0
1.5,h2l-hybrid,ADV_007,moderate,2,86|31|29|82|58|26|40|56|71|1|43|3|34|72|12,0.0,0.0,0.0,0.0,0.0,0.0,0.0
1.5,h2l-hybrid,ADV_008,moderate,4,29|70|1|21|9|78|36|39|72|73|17|32|12|56|82,0.0,0.0,0.0,0.0,0.0,0.0,0.0
1.5,h2l-hybrid,ADV_009,moderate,2,89|3|84|75|34|85|12|31|29|78|74|81|26|88|17,0.2,1.0,0.33333333333333337,1.0,1.0,1.0,1.0
1.5,h2l-hybrid,ADV_010,moderate,2,3|29|26|87|12|31|1|85|86|88|55|47|81|37|66,0.0,0.0,0.0,0.0,0.0,0.0,0.0
1.5,h2l-hybrid,ADV_011,moderate,3,66|6|62|14|17|12|47|42|8|40|10|38|18|28|61,0.0,0.0,0.0,0.0,0.0,0.0,0.0
1.5,h2l-hybrid,ADV_012,moderate,5,86|58|40|6|12|82|71|9|20|14|70|17|67|32|38,0.0,0.0,0.0,0.0,0.0,0.0,0.0
1.5,h2l-hybrid,ADV_013,moderate,2,31|29|21|1|39|17|47|86|59|32|51|70|67|36|55,0.0,0.0,0.0,0.0,0.0,0.0,0.0
1.5,h2l-hybrid,ADV_014,moderate,2,88|85|21|1|26|29|89|86|33|43|82|8|25|75|2,0.0,0.0,0.0,0.0,0.0,0.0,0.0
1.5,h2l-hybrid,ADV_015,moderate,3,84|74|3|2|87|40|12|77|89|13|65|63|5|4|29,0.0,0.0,0.0,0.0,0.0,0.0,0.0
1.5,h2l-hybrid,ADV_016,moderate,2,71|25|28|29|26|1|17|18|21|67|33|0|59|55|22,0.0,0.0,0.0,0.0,0.0,0.0,0.0
1.5,h2l-hybrid,ADV_017,moderate,2,0|26|6|4|77|75|85|66|12|32|3|41|83|67|20,0.0,0.0,0.0,0.0,0.0,0.0,0.0
1.5,h2l-hybrid,ADV_018,moderate,4,61|14|50|57|7|17|62|6|68|66|10|67|38|47|63,0.0,0.0,0.0,0.0,0.0,0.0,0.0
1.5,h2l-hybrid,ADV_019,moderate,3,44|75|51|47|67|8|45|52|19|14|66|32|6|89|70,0.0,0.0,0.0,0.0,0.0,0.07142857142857142,0.07142857142857142
1.5,h2l-hybrid,ADV_020,moderate,3,57|55|58|50|14|56|31|36|7|42|29|61|17|39|30,0.0,0.0,0.0,0.0,0.0,0.0,0.0
2.0,h2l-hybrid,CHILD_004,moderate,3,3|84|12|1|89|37|85|88|42|87|81|4|10|86|26,0.4,0.5,0.4444444444444445,0.35753408824606947,0.6136334521116898,0.6833333333333333,1.0
2.0,h2l-hybrid,ELDER_002,moderate,7,6|62|68|66|14|64|60|8|18|30|59|65|47|20|63,0.0,0.0,0.0,0.0,0.0,0.0,0.0
2.0,h2l-hybrid,ELDER_009,moderate,4,13|62|63|59|9|39|67|36|65|22|34|68|82|6|38,0.2,1.0,0.33333333333333337,0.6309297535714575,0.6309297535714575,0.5,0.5
2.0,h2l-hybrid,DISABLED_004,moderate,3,18|62|68|6|64|22|14|66|69|65|8|72|75|15|16,0.0,0.0,0.0,0.0,0.36181498356361597,0.15555555555555556,0.1111111111111111
2.0,h2l-hybrid,DISABLED_006,moderate,4,20|85|6|60|17|24|68|1|2|14|16|62|0|59|22,0.4,1.0,0.5714285714285715,0.9327783893101107,0.9327783893101107,0.7,1.0
2.0,h2l-hybrid,HOMELESS_003,simple,4,27|69|74|65|89|13|18|15|25|78|63|59|29|36|0,0.2,1.0,0.33333333333333337,0.6309297535714575,0.6309297535714575,0.5,0.5
2.0,h2l-hybrid,MENTAL_006,complex,1,35|91|14|38|79|44|30|70|34|31|81|80|6|32|53,0.2,1.0,0.33333333333333337,0.5,0.5,0.3333333333333333,0.3333333333333333
2.0,h2l-hybrid,MENTAL_008,moderate,6,37|81|84|86|21|1|3|33|80|85|24|25|31|12|88,0.0,0.0,0.0,0.0,0.0,0.0,0.0
2.0,h2l-hybrid,MENTAL_009,complex,0,38|9|68|34|6|39|87|36|51|67|13|18|82|35|17,0.0,0.0,0.0,0.0,0.0,0.0,0.0
2.0,h2l-hybrid,SUBSTANCE_003,simple,1,42|32|52|43|79|39|31|12|10|82|87|30|36|51|3,0.0,0.0,0.0,0.0,0.0,0.0,0.0
2.0,h2l-hybrid,NCD_001,simple,1,44|19|8|32|45|51|48|47|52|14|66|10|28|50|6,0.0,0.0,0.0,0.0,0.0,0.0,0.0
2.0,h2l-hybrid,NCD_004,complex,4,47|51|45|59|67|65|6|8|82|86|68|61|63|39|62,0.0,0.0,0.0,0.0,0.31546487678572877,0.125,0.125
2.0,h2l-hybrid,NCD_008,complex,2,51|47|45|67|82|52|36|44|8|39|19|86|48|49|80,0.0,0.0,0.0,0.0,0.0,0.0,0.0
2.0,h2l-hybrid,HIV_TB_003,simple,1,56|54|55|57|41|58|11|86|29|17|82|70|21|48|52,0.0,0.0,0.0,0.0,0.0,0.0,0.0
2.0,h2l-hybrid,BEDRIDDEN_003,moderate,3,61|59|8|47|65|63|62|29|67|13|60|39|10|66|6,0.2,1.0,0.33333333333333337,1.0,1.0,1.0,1.0
2.0,h2l-hybrid,BEDRIDDEN_004,complex,4,62|6|66|18|64|8|68|60|14|13|59|63|61|65|46,0.2,1.0,0.33333333333333337,1.0,1.0,1.0,1.0
2.0,h2l-hybrid,BEDRIDDEN_008,moderate,3,66|8|62|68|6|60|10|46|64|61|63|67|14|50|59,0.0,0.0,0.0,0.0,0.0,0.0,0.0
2.0,h2l-hybrid,REHAB_002,simple,2,70|55|34|58|68|54|32|62|6|48|22|30|71|79|82,0.2,1.0,0.33333333333333337,1.0,1.0,1.0,1.0
2.0,h2l-hybrid,FINANCE_001,simple,3,74|5|65|2|69|36|75|15|77|18|8|59|23|25|22,0.4,1.0,0.5714285714285715,0.944847956559586,0.944847956559586,0.75,1.0
2.0,h2l-hybrid,LOVE_004,simple,1,82|51|54|86|45|47|48|36|6|71|79|30|9|38|39,0.0,0.0,0.0,0.0,0.0,0.0,0.0
2.0,h2l-hybrid,FAMILY_001,moderate,4,84|87|12|3|37|89|88|0|1|43|2|20|81|40|25,0.4,1.0,0.5714285714285715,1.0,1.0,1.0,1.0
2.0,h2l-hybrid,VIOLENCE_004,simple,0,90|87|77|6|22|74|10|66|8|34|84|89|25|88|16,0.0,0.0,0.0,0.0,0.0,0.0,0.0
2.0,h2l-hybrid,CHILD_004_PAR_01,moderate,3,3|84|12|1|89|37|88|85|42|81|40|86|26|10|4,0.4,0.6666666666666666,0.5,0.7653606369886217,0.9066276098484507,0.7777777777777778,1.0
2.0,h2l-hybrid,DISABLED_004_PAR_01,moderate,2,18|68|62|64|6|14|65|69|22|87|66|8|72|75|16,0.0,0.0,0.0,0.0,0.4401191709229659,0.23095238095238094,0.14285714285714285
2.0,h2l-hybrid,DISABLED_006_PAR_01,moderate,4,20|6|60|17|85|62|68|16|14|8|77|59|18|65|24,0.4,0.5,0.4444444444444445,0.7520764230169481,0.7520764230169481,0.5041208791208791,1.0
2.0,h2l-hybrid,MENTAL_008_PAR_01,moderate,7,37|81|80|86|21|91|84|30|89|33|1|31|88|40|25,0.0,0.0,0.0,0.0,0.0,0.0,0.0
2.0,h2l-hybrid,SUBSTANCE_003_PAR_01,simple,1,42|32|52|43|79|39|12|82|31|68|36|87|10|30|51,0.0,0.0,0.0,0.0,0.0,0.0,0.0
2.0,h2l-hybrid,NCD_001_PAR_01,simple,1,44|19|51|45|8|32|48|47|52|66|14|10|50|6|16,0.0,0.0,0.0,0.0,0.0,0.0,0.0
2.0,h2l-hybrid,FINANCE_001_PAR_01,simple,3,74|5|65|2|69|75|36|77|15|8|13|59|23|25|90,0.4,1.0,0.5714285714285715,0.944847956559586,0.944847956559586,0.75,1.0
2.0,h2l-hybrid,FAMILY_001_PAR_01,moderate,4,84|87|12|3|89|37|88|40|90|81|25|0|1|43|34,0.4,1.0,0.5714285714285715,1.0,1.0,1.0,1.0
2.0,h2l-hybrid,HOMELESS_003_ESC_01,complex,4,27|69|89|74|65|13|18|39|15|31|84|59|78|25|63,0.4,0.6666666666666666,0.5,0.7653606369886217,0.7653606369886217,0.7575757575757575,1.0
2.0,h2l-hybrid,ADV_001,moderate,2,30|31|81|80|6|74|76|47|91|77|51|62|33|49|89,0.0,0.0,0.0,0.0,0.0,0.0,0.0
2.0,h2l-hybrid,ADV_002,moderate,4,71|86|72|58|1|73|12|0|40|26|29|75|9|28|24,0.0,0.0,0.0,0.0,0.0,0.0,0.0
2.0,h2l-hybrid,ADV_003,moderate,3,70|29|1|8|16|17|73|78|33|4|69|36|22|67|55,0.0,0.0,0.0,0.0,0.0,0.0,0.0
2.0,h2l-hybrid,ADV_004,moderate,2,3|1|86|12|84|21|37|85|20|0|31|87|9|26|38,0.0,0.0,0.0,0.0,0.0,0.0,0.0
2.0,h2l-hybrid,ADV_005,moderate,1,84|12|1|3|85|0|20|72|87|81|26|37|69|29|2,0.0,0.0,0.0,0.0,0.0,0.07692307692307693,0.07692307692307693
2.0,h2l-hybrid,NEG_SH_POS,moderate,1,30|80|51|31|91|39|6|81|70|29|10|58|17|79|82,0.6,0.75,0.6666666666666665,0.787702056960637,0.910853251331002,0.775,1.0
2.0,h2l-hybrid,NEG_SH_NEG,moderate,1,30|81|80|31|91|39|6|29|70|32|21|34|88|51|47,0.0,0.0,0.0,0.0,0.0,0.0,0.0
2.0,h2l-hybrid,NEG_SM_POS,simple,2,74|77|49|65|8|61|75|62|69|23|59|7|22|5|63,0.6,0.75,0.6666666666666665,0.8048099750039491,0.9223260797603763,0.7986111111111112,1.0
2.0,h2l-hybrid,NEG_SM_NEG,simple,2,74|77|65|75|49|8|69|42|62|22|61|51|59|23|7,0.0,0.0,0.0,0.0,0.0,0.0,0.0
2.0,h2l-hybrid,NEG_SL_POS,simple,2,24|51|32|21|16|28|29|26|59|55|61|3|66|67|65,0.0,0.0,0.0,0.0,0.0,0.0,0.0
2.0,h2l-hybrid,NEG_SL_NEG,simple,1,32|51|21|17|13|57|16|29|28|24|47|82|59|61|67,0.0,0.0,0.0,0.0,0.0,0.0,0.0
2.0,h2l-hybrid,NEG_MH_POS,complex,3,3|84|85|87|12|20|88|37|89|26|81|1|2|0|4,0.6,0.6,0.6,0.811925988329848,0.872759065542811,0.6922222222222222,1.0
2.0,h2l-hybrid,NEG_MH_NEG,complex,4,85|20|84|3|2|12|1|0|37|87|4|88|26|81|6,0.0,0.0,0.0,0.0,0.0,0.0,0.0
2.0,h2l-hybrid,NEG_MM_POS,moderate,5,86|68|42|87|39|82|12|38|79|48|43|14|26|50|53,0.0,0.0,0.0,0.0,0.0,0.0,0.0
2.0,h2l-hybrid,NEG_MM_NEG,moderate,6,86|68|12|42|72|87|6|38|70|39|26|3|41|53|47,0.0,0.0,0.0,0.0,0.0,0.0,0.0
2.0,h2l-hybrid,NEG_ML_POS,simple,3,65|36|61|39|9|13|17|29|67|25|59|51|54|47|86,0.0,0.0,0.0,0.0,0.0,0.0,0.0
2.0,h2l-hybrid,NEG_ML_NEG,simple,4,74|65|36|25|61|39|17|13|29|67|59|8|23|51|15,0.0,0.0,0.0,0.0,0.0,0.0,0.0
2.0,h2l-hybrid,NEG_LH_POS,complex,5,87|12|84|26|83|41|3|55|40|16|18|6|43|10|82,0.6,0.75,0.6666666666666665,0.8318724637288826,0.9619991470595832,0.8928571428571428,1.0
2.0,h2l-hybrid,NEG_LH_NEG,complex,3,30|70|80|81|87|41|76|38|6|82|8|83|68|26|66,0.0,0.0,0.0,0.0,0.0,0.0,0.0
2.0,h2l-hybrid,NEG_LM_POS,complex,6,76|36|39|82|51|75|86|49|78|6|31|47|9|67|59,0.0,0.0,0.0,0.0,0.0,0.08333333333333333,0.08333333333333333
2.0,h2l-hybrid,NEG_LM_NEG,complex,0,1|20|3|85|0|86|84|26|37|24|34|9|4|73|38,0.0,0.0,0.0,0.0,0.0,0.0,0.0
2.0,h2l-hybrid,NEG_LL_POS,simple,4,6|8|66|62|10|60|14|50|68|38|9|28|75|13|16,0.0,0.0,0.0,0.0,0.0,0.0,0.0
2.0,h2l-hybrid,NEG_LL_NEG,simple,5,6|8|62|66|14|10|60|48|47|67|12|28|18|16|61,0.0,0.0,0.0,0.0,0.0,0.0,0.0
2.0,h2l-hybrid,NEG_SH_POS_V2,moderate,1,30|80|91|51|31|6|40|10|88|81|58|33|76|70|47,0.6,0.75,0.6666666666666665,0.8318724637288826,0.9447176050778178,0.85,1.0
2.0,h2l-hybrid,NEG_SH_NEG_V2,moderate,1,30|80|81|91|31|88|29|33|6|34|51|47|70|32|79,0.0,0.0,0.0,0.0,0.0,0.0,0.0
2.0,h2l-hybrid,NEG_SM_POS_V2,simple,2,87|12|3|39|43|31|38|86|26|53|41|82|50|40|25,0.0,0.0,0.0,0.0,0.0,0.0,0.0
2.0,h2l-hybrid,NEG_SM_NEG_V2,simple,3,39|87|33|26|41|31|82|12|54|86|3|71|25|42|51,0.0,0.0,0.0,0.0,0.0,0.0,0.0
2.0,h2l-hybrid,NEG_SL_POS_V2,simple,0,47|51|29|32|57|58|62|55|14|13|28|59|31|56|22,0.0,0.0,0.0,0.0,0.0,0.0,0.0
2.0,h2l-hybrid,NEG_SL_NEG_V2,simple,0,48|55|51|58|47|32|56|57|70|41|40|67|35|52|28,0.0,0.0,0.0,0.0,0.0,0.0,0.0
2.0,h2l-hybrid,NEG_MH_POS_V2,complex,3,3|85|88|21|1|84|37|29|86|0|12|26|31|20|87,0.0,0.0,0.0,0.0,0.0,0.0,0.0
2.0,h2l-hybrid,NEG_MH_NEG_V2,complex,4,3|85|84|21|1|88|37|0|12|4|86|87|71|6|26,0.0,0.0,0.0,0.0,0.0,0.0,0.0
2.0,h2l-hybrid,NEG_MM_POS_V2,moderate,4,71|86|82|78|1|6|3|12|30|37|26|40|29|14|17,0.0,0.0,0.0,0.0,0.0,0.0,0.0
2.0,h2l-hybrid,NEG_MM_NEG_V2,moderate,2,9|1|71|86|12|3|26|54|47|75|21|0|82|84|13,0.0,0.0,0.0,0.0,0.0,0.0,0.0
2.0,h2l-hybrid,NEG_ML_POS_V2,simple,2,36|39|51|78|25|9|69|72|76|29|33|38|30|82|67,0.0,0.0,0.0,0.0,0.0,0.0,0.0
2.0,h2l-hybrid,NEG_ML_NEG_V2,simple,1,30|33|28|36|29|9|69|70|26|17|32|12|47|73|51,0.0,0.0,0.0,0.0,0.0,0.0,0.0
2.0,h2l-hybrid,NEG_LH_POS_V2,complex,6,12|84|88|58|3|86|26|85|87|40|0|71|29|1|81,0.0,0.0,0.0,0.0,0.0,0.07142857142857142,0.07142857142857142
2.0,h2l-hybrid,NEG_LH_NEG_V2,complex,7,84|3|12|85|32|1|0|88|86|87|35|71|20|34|40,0.0,0.0,0.0,0.0,0.0,0.0,0.0
2.0,h2l-hybrid,NEG_LM_POS_V2,complex,5,89|75|76|86|78|6|64|82|38|1|3|12|0|37|26,0.2,1.0,0.33333333333333337,1.0,1.0,1.0,1.0
2.0,h2l-hybrid,NEG_LM_NEG_V2,complex,3,75|89|1|86|29|31|26|12|85|39|25|37|78|59|8,0.0,0.0,0.0,0.0,0.0,0.0,0.0
2.0,h2l-hybrid,NEG_LL_POS_V2,simple,1,61|8|16|59|60|66|6|21|18|13|25|28|65|29|26,0.0,0.0,0.0,0.0,0.0,0.0,0.0
2.0,h2l-hybrid,NEG_LL_NEG_V2,simple,2,3|12|29|59|25|1|60|8|6|28|66|26|38|16|31,0.0,0.0,0.0,0.0,0.0,0.0,0.0
2.0,h2l-hybrid,SHORT_ELDER_01,simple,3,8|68|6|62|44|47|59|60|66|67|18|51|70|50|65,0.2,1.0,0.33333333333333337,1.0,1.0,1.0,1.0
2.0,h2l-hybrid,SHORT_HOMELESS_01,simple,2,29|25|42|28|61|43|9|12|39|26|47|40|31|57|51,0.2,0.5,0.28571428571428575,0.13770577618809332,0.43201649929501884,0.3333333333333333,0.3333333333333333
2.0,h2l-hybrid,SHORT_MENTAL_01,simple,2,31|29|1|54|39|70|17|55|21|56|47|86|51|32|82,0.6,1.0,0.7499999999999999,0.8145672023038535,0.8145672023038535,1.0,1.0
2.0,h2l-hybrid,SHORT_CHILD_01,simple,2,1|20|17|21|73|24|9|29|3|86|37|85|16|34|0,0.8,1.0,0.888888888888889,0.9047172294870751,0.9047172294870751,0.8041666666666667,1.0
2.0,h2l-hybrid,SHORT_ABUSE_01,simple,3,87|12|26|84|3|88|81|89|6|10|18|79|33|14|30,0.8,1.0,0.888888888888889,0.9558295932317544,0.9558295932317544,0.8875,1.0
2.0,h2l-hybrid,TINY_ABUSE_01,simple,2,3|89|88|84|12|87|21|26|29|85|81|37|90|33|25,0.2,0.5,0.28571428571428575,0.2640681225725909,0.48247555939075504,0.29166666666666663,0.25
2.0,h2l-hybrid,TINY_MENTAL_01,simple,2,29|1|39|21|32|9|13|17|34|68|55|51|30|67|80,0.4,1.0,0.5714285714285715,1.0,1.0,1.0,1.0
2.0,h2l-hybrid,TINY_HOMELESS_01,simple,1,25|29|26|28|8|1|61|59|78|58|67|71|62|4|21,0.0,0.0,0.0,0.0,0.0,0.0,0.0
2.0,h2l-hybrid,ADV_006,moderate,2,81|30|6|80|31|88|76|34|33|70|29|32|72|47|12,0.0,0.0,0.0,0.0,0.0,0.0,0.0
2.0,h2l-hybrid,ADV_007,moderate,2,86|31|29|82|58|26|40|56|71|1|43|3|34|72|12,0.0,0.0,0.0,0.0,0.0,0.0,0.0
2.0,h2l-hybrid,ADV_008,moderate,4,29|70|1|21|9|78|36|39|72|73|17|32|12|56|82,0.0,0.0,0.0,0.0,0.0,0.0,0.0
2.0,h2l-hybrid,ADV_009,moderate,2,89|3|84|75|34|85|12|31|29|78|74|81|26|88|17,0.2,1.0,0.33333333333333337,1.0,1.0,1.0,1.0
2.0,h2l-hybrid,ADV_010,moderate,2,3|29|26|87|12|31|1|85|86|88|55|47|81|37|66,0.0,0.0,0.0,0.0,0.0,0.0,0.0
2.0,h2l-hybrid,ADV_011,moderate,3,66|6|62|14|17|12|47|42|8|40|10|38|18|28|61,0.0,0.0,0.0,0.0,0.0,0.0,0.0
2.0,h2l-hybrid,ADV_012,moderate,5,86|58|40|6|12|82|71|9|20|14|70|17|67|32|38,0.0,0.0,0.0,0.0,0.0,0.0,0.0
2.0,h2l-hybrid,ADV_013,moderate,2,31|29|21|1|39|17|47|86|59|32|51|70|67|36|55,0.0,0.0,0.0,0.0,0.0,0.0,0.0
2.0,h2l-hybrid,ADV_014,moderate,2,88|85|21|1|26|29|89|86|33|43|82|8|25|75|2,0.0,0.0,0.0,0.0,0.0,0.0,0.0
2.0,h2l-hybrid,ADV_015,moderate,3,84|74|3|2|87|40|12|77|89|13|65|63|5|4|29,0.0,0.0,0.0,0.0,0.0,0.0,0.0
2.0,h2l-hybrid,ADV_016,moderate,2,71|25|28|29|26|1|17|18|21|67|33|0|55|59|22,0.0,0.0,0.0,0.0,0.0,0.0,0.0
2.0,h2l-hybrid,ADV_017,moderate,2,0|26|6|4|77|75|85|66|12|32|3|41|83|67|20,0.0,0.0,0.0,0.0,0.0,0.0,0.0
2.0,h2l-hybrid,ADV_018,moderate,4,61|14|50|57|7|17|62|6|68|66|10|67|38|47|63,0.0,0.0,0.0,0.0,0.0,0.0,0.0
2.0,h2l-hybrid,ADV_019,moderate,3,44|75|51|47|67|8|45|52|19|14|66|32|6|89|70,0.0,0.0,0.0,0.0,0.0,0.07142857142857142,0.07142857142857142
2.0,h2l-hybrid,ADV_020,moderate,3,57|55|58|50|14|56|31|36|7|42|29|61|17|39|30,0.0,0.0,0.0,0.0,0.0,0.0,0.0
,basic reference (no H2L layer),CHILD_004,moderate,0,3|84|12|1|89|37|85|88|21|42|87|81|32|2|86,0.4,0.5,0.4444444444444445,0.35753408824606947,0.4209031750477876,0.6659090909090909,1.0
,basic reference (no H2L layer),ELDER_002,moderate,0,6|62|68|66|14|60|8|64|30|18|47|59|20|65|63,0.0,0.0,0.0,0.0,0.0,0.0,0.0
,basic reference (no H2L layer),ELDER_009,moderate,0,13|62|63|9|59|67|39|65|22|36|34|18|38|6|47,0.2,1.0,0.33333333333333337,0.6309297535714575,0.6309297535714575,0.5,0.5
,basic reference (no H2L layer),DISABLED_004,moderate,0,18|62|68|6|64|22|14|65|66|15|16|69|8|23|12,0.0,0.0,0.0,0.0,0.19342640361727081,0.14583333333333331,0.125
,basic reference (no H2L layer),DISABLED_006,moderate,0,20|85|60|6|17|68|2|24|84|1|59|16|65|22|18,0.4,0.5,0.4444444444444445,0.7424693355471289,0.7424693355471289,0.47435897435897434,1.0
,basic reference (no H2L layer),HOMELESS_003,simple,0,27|69|65|74|18|89|15|13|84|23|25|59|33|5|63,0.2,1.0,0.33333333333333337,0.6309297535714575,0.6309297535714575,0.5,0.5
,basic reference (no H2L layer),MENTAL_006,complex,0,35|91|79|38|14|44|34|80|6|30|81|31|32|88|70,0.2,1.0,0.33333333333333337,0.38685280723454163,0.38685280723454163,0.2,0.2
,basic reference (no H2L layer),MENTAL_008,moderate,0,37|81|21|84|86|1|3|88|12|89|85|24|31|33|79,0.0,0.0,0.0,0.0,0.0,0.0,0.0
,basic reference (no H2L layer),MENTAL_009,complex,0,38|9|68|34|6|39|87|36|51|67|13|18|82|35|17,0.0,0.0,0.0,0.0,0.0,0.0,0.0
,basic reference (no H2L layer),SUBSTANCE_003,simple,0,42|32|43|82|79|10|51|39|31|87|30|36|86|53|3,0.0,0.0,0.0,0.0,0.0,0.0,0.0
,basic reference (no H2L layer),NCD_001,simple,0,44|19|8|48|45|51|47|32|52|66|14|22|10|6|28,0.0,0.0,0.0,0.0,0.0,0.0,0.0
,basic reference (no H2L layer),NCD_004,complex,0,47|51|59|67|45|86|65|8|6|44|82|68|63|39|61,0.0,0.0,0.0,0.0,0.31546487678572877,0.125,0.125
,basic reference (no H2L layer),NCD_008,complex,0,51|47|45|82|67|36|44|39|8|48|19|86|52|49|80,0.0,0.0,0.0,0.0,0.0,0.0,0.0
,basic reference (no H2L layer),HIV_TB_003,simple,0,56|54|55|57|58|41|86|11|82|17|29|48|70|36|52,0.0,0.0,0.0,0.0,0.0,0.0,0.0
,basic reference (no H2L layer),BEDRIDDEN_003,moderate,0,61|59|63|8|47|65|62|10|66|9|25|60|67|29|7,0.2,1.0,0.33333333333333337,1.0,1.0,1.0,1.0
,basic reference (no H2L layer),BEDRIDDEN_004,complex,0,62|6|66|18|68|8|64|60|14|13|63|59|61|65|17,0.2,1.0,0.33333333333333337,1.0,1.0,1.0,1.0
,basic reference (no H2L layer),BEDRIDDEN_008,moderate,0,66|68|8|62|6|46|60|10|64|63|67|61|14|59|16,0.0,0.0,0.0,0.0,0.0,0.0,0.0
,basic reference (no H2L layer),REHAB_002,simple,0,70|55|58|34|54|82|32|6|30|71|48|22|73|79|47,0.2,1.0,0.33333333333333337,1.0,1.0,1.0,1.0
,basic reference (no H2L layer),FINANCE_001,simple,0,74|65|5|2|15|69|8|75|77|23|36|59|40|25|49,0.4,1.0,0.5714285714285715,0.944847956559586,0.944847956559586,0.75,1.0
,basic reference (no H2L layer),LOVE_004,simple,0,82|51|54|86|45|48|47|36|71|6|9|30|39|38|79,0.0,0.0,0.0,0.0,0.0,0.0,0.0
,basic reference (no H2L layer),FAMILY_001,moderate,0,84|87|12|3|89|37|20|88|26|81|0|40|1|85|2,0.4,1.0,0.5714285714285715,1.0,1.0,1.0,1.0
,basic reference (no H2L layer),VIOLENCE_004,simple,0,90|87|77|6|22|74|10|66|8|34|84|89|25|88|16,0.0,0.0,0.0,0.0,0.0,0.0,0.0
,basic reference (no H2L layer),CHILD_004_PAR_01,moderate,0,3|84|12|89|1|37|88|85|21|42|87|81|32|2|79,0.4,0.5,0.4444444444444445,0.35753408824606947,0.4209031750477876,0.6659090909090909,1.0
,basic reference (no H2L layer),DISABLED_004_PAR_01,moderate,0,18|62|68|6|64|14|87|66|65|22|5|16|8|12|75,0.0,0.0,0.0,0.0,0.3889580943680543,0.18253968253968253,0.14285714285714285
,basic reference (no H2L layer),DISABLED_006_PAR_01,moderate,0,20|60|6|17|68|16|85|14|65|59|18|22|62|8|63,0.4,0.5,0.4444444444444445,0.7520764230169481,0.818068526477414,0.5492424242424242,1.0
,basic reference (no H2L layer),MENTAL_008_PAR_01,moderate,0,37|81|21|86|84|33|1|88|89|31|12|3|25|91|85,0.0,0.0,0.0,0.0,0.0,0.0,0.0
,basic reference (no H2L layer),SUBSTANCE_003_PAR_01,simple,0,42|32|43|79|10|87|12|39|30|31|51|82|36|3|50,0.0,0.0,0.0,0.0,0.0,0.0,0.0
,basic reference (no H2L layer),NCD_001_PAR_01,simple,0,44|19|8|48|45|51|32|47|52|10|14|66|28|77|35,0.0,0.0,0.0,0.0,0.0,0.0,0.0
,basic reference (no H2L layer),FINANCE_001_PAR_01,simple,0,74|5|65|2|15|77|13|59|75|23|36|25|49|69|8,0.4,1.0,0.5714285714285715,0.944847956559586,0.944847956559586,0.75,1.0
,basic reference (no H2L layer),FAMILY_001_PAR_01,moderate,0,84|87|12|3|89|37|20|88|26|81|40|27|25|1|2,0.4,1.0,0.5714285714285715,1.0,1.0,1.0,1.0
,basic reference (no H2L layer),HOMELESS_003_ESC_01,complex,0,27|69|65|89|74|39|18|15|13|31|33|84|25|29|63,0.4,0.6666666666666666,0.5,0.7653606369886217,0.7653606369886217,0.75,1.0
,basic reference (no H2L layer),ADV_001,moderate,0,30|6|74|47|81|62|49|80|77|51|76|33|10|17|59,0.0,0.0,0.0,0.0,0.0,0.0,0.0
,basic reference (no H2L layer),ADV_002,moderate,0,86|71|72|1|58|84|0|40|12|2|82|73|26|34|56,0.0,0.0,0.0,0.0,0.0,0.0,0.0
,basic reference (no H2L layer),ADV_003,moderate,0,70|31|29|71|8|36|69|78|73|17|30|16|67|22|4,0.0,0.0,0.0,0.0,0.0,0.0,0.0
,basic reference (no H2L layer),ADV_004,moderate,0,1|3|86|84|12|85|37|21|20|87|29|24|31|0|26,0.0,0.0,0.0,0.0,0.0,0.0,0.0
,basic reference (no H2L layer),ADV_005,moderate,0,84|12|3|1|85|87|20|81|0|26|24|89|37|72|29,0.0,0.0,0.0,0.0,0.0,0.0,0.0
,basic reference (no H2L layer),NEG_SH_POS,moderate,0,30|80|91|51|39|6|70|31|88|29|10|81|58|82|14,0.6,0.75,0.6666666666666665,0.8318724637288826,0.8318724637288826,0.8333333333333334,1.0
,basic reference (no H2L layer),NEG_SH_NEG,moderate,0,81|30|80|39|6|31|91|29|70|32|34|51|10|47|35,0.0,0.0,0.0,0.0,0.0,0.0,0.0
,basic reference (no H2L layer),NEG_SM_POS,simple,0,49|77|74|65|62|61|8|75|59|5|23|16|7|22|67,0.6,1.0,0.7499999999999999,0.7328286204777911,0.7328286204777911,0.6388888888888888,0.5
,basic reference (no H2L layer),NEG_SM_NEG,simple,0,74|77|49|65|62|23|75|15|5|22|59|69|60|78|42,0.0,0.0,0.0,0.0,0.0,0.0,0.0
,basic reference (no H2L layer),NEG_SL_POS,simple,0,16|24|51|21|7|32|59|29|47|67|28|61|8|65|2,0.0,0.0,0.0,0.0,0.0,0.0,0.0
,basic reference (no H2L layer),NEG_SL_NEG,simple,0,32|57|51|16|67|47|29|28|7|26|55|24|61|59|82,0.0,0.0,0.0,0.0,0.0,0.0,0.0
,basic reference (no H2L layer),NEG_MH_POS,complex,0,84|3|12|85|20|87|88|26|37|89|1|81|0|2|46,0.6,0.6,0.6,0.6856253995855359,0.744040518185798,0.7709090909090909,1.0
,basic reference (no H2L layer),NEG_MH_NEG,complex,0,20|85|84|3|2|0|12|1|77|4|37|26|57|6|8,0.0,0.0,0.0,0.0,0.0,0.0,0.0
,basic reference (no H2L layer),NEG_MM_POS,moderate,0,86|68|12|87|42|82|39|6|38|53|50|76|26|79|47,0.0,0.0,0.0,0.0,0.0,0.0,0.0
,basic reference (no H2L layer),NEG_MM_NEG,moderate,0,68|86|12|14|38|87|72|26|6|42|39|83|70|47|64,0.0,0.0,0.0,0.0,0.0,0.0,0.0
,basic reference (no H2L layer),NEG_ML_POS,simple,0,36|65|13|59|61|29|17|67|9|39|25|47|51|54|8,0.0,0.0,0.0,0.0,0.0,0.0,0.0
,basic reference (no H2L layer),NEG_ML_NEG,simple,0,74|65|25|5|36|17|59|29|39|13|67|8|47|23|61,0.0,0.0,0.0,0.0,0.0,0.0,0.0
,basic reference (no H2L layer),NEG_LH_POS,complex,0,87|12|84|26|89|83|3|55|16|82|67|64|72|66|6,0.6,0.75,0.6666666666666665,0.8318724637288826,0.9619991470595832,0.8928571428571428,1.0
,basic reference (no H2L layer),NEG_LH_NEG,complex,0,41|30|70|81|6|46|76|87|10|82|18|38|53|75|8,0.0,0.0,0.0,0.0,0.0,0.0,0.0
,basic reference (no H2L layer),NEG_LM_POS,complex,0,76|39|36|51|82|49|75|89|86|78|6|63|47|67|13,0.0,0.0,0.0,0.0,0.08688267143572001,0.13942307692307693,0.125
,basic reference (no H2L layer),NEG_LM_NEG,complex,0,1|20|3|85|0|86|84|26|37|24|34|9|4|73|38,0.0,0.0,0.0,0.0,0.0,0.0,0.0
,basic reference (no H2L layer),NEG_LL_POS,simple,0,6|8|62|66|10|68|60|13|9|50|47|61|28|18|67,0.0,0.0,0.0,0.0,0.0,0.0,0.0
,basic reference (no H2L layer),NEG_LL_NEG,simple,0,6|8|66|14|62|47|48|60|10|12|28|38|53|58|32,0.0,0.0,0.0,0.0,0.0,0.0,0.0
,basic reference (no H2L layer),NEG_SH_POS_V2,moderate,0,51|80|91|30|10|6|82|40|58|88|47|46|70|43|55,0.6,1.0,0.7499999999999999,0.7328286204777911,0.7328286204777911,0.6388888888888888,0.5
,basic reference (no H2L layer),NEG_SH_NEG_V2,moderate,0,81|30|91|80|31|51|29|34|47|88|32|70|33|79|48,0.0,0.0,0.0,0.0,0.0,0.0,0.0
,basic reference (no H2L layer),NEG_SM_POS_V2,simple,0,87|12|39|86|84|38|76|53|3|26|31|41|82|42|1,0.0,0.0,0.0,0.0,0.0,0.0,0.0
,basic reference (no H2L layer),NEG_SM_NEG_V2,simple,0,87|39|41|26|38|54|47|33|51|86|42|14|57|82|55,0.0,0.0,0.0,0.0,0.0,0.0,0.0
,basic reference (no H2L layer),NEG_SL_POS_V2,simple,0,47|51|29|32|57|58|62|55|14|13|28|59|31|56|22,0.0,0.0,0.0,0.0,0.0,0.0,0.0
,basic reference (no H2L layer),NEG_SL_NEG_V2,simple,0,48|55|51|58|47|32|56|57|70|41|40|67|35|52|28,0.0,0.0,0.0,0.0,0.0,0.0,0.0
,basic reference (no H2L layer),NEG_MH_POS_V2,complex,0,88|3|85|84|1|20|37|86|29|12|0|31|24|87|26,0.0,0.0,0.0,0.0,0.0,0.0,0.0
,basic reference (no H2L layer),NEG_MH_NEG_V2,complex,0,84|85|3|1|21|20|0|88|37|12|86|87|26|35|6,0.0,0.0,0.0,0.0,0.0,0.0,0.0
,basic reference (no H2L layer),NEG_MM_POS_V2,moderate,0,78|71|75|6|86|12|82|1|40|9|3|37|17|14|26,0.0,0.0,0.0,0.0,0.0,0.0,0.0
,basic reference (no H2L layer),NEG_MM_NEG_V2,moderate,0,9|71|12|1|78|14|21|26|47|75|13|86|0|38|25,0.0,0.0,0.0,0.0,0.0,0.0,0.0
,basic reference (no H2L layer),NEG_ML_POS_V2,simple,0,36|51|39|25|69|9|78|76|29|72|33|30|59|49|71,0.0,0.0,0.0,0.0,0.0,0.0,0.0
,basic reference (no H2L layer),NEG_ML_NEG_V2,simple,0,30|33|36|20|28|29|69|41|17|26|12|32|70|47|79,0.0,0.0,0.0,0.0,0.0,0.0,0.0
,basic reference (no H2L layer),NEG_LH_POS_V2,complex,0,12|88|84|58|86|3|26|89|85|71|87|0|1|31|81,0.0,0.0,0.0,0.0,0.0,0.07692307692307693,0.07692307692307693
,basic reference (no H2L layer),NEG_LH_NEG_V2,complex,0,84|20|0|1|85|86|71|3|58|12|34|35|87|81|26,0.0,0.0,0.0,0.0,0.0,0.0,0.0
,basic reference (no H2L layer),NEG_LM_POS_V2,complex,0,76|75|89|86|78|64|38|1|37|82|29|3|17|12|53,0.2,1.0,0.33333333333333337,0.5,0.5,0.3333333333333333,0.3333333333333333
,basic reference (no H2L layer),NEG_LM_NEG_V2,complex,0,89|75|3|86|1|29|31|26|38|12|85|78|37|84|17,0.0,0.0,0.0,0.0,0.0,0.0,0.0
,basic reference (no H2L layer),NEG_LL_POS_V2,simple,0,8|60|59|66|16|6|38|12|61|25|29|13|28|65|18,0.0,0.0,0.0,0.0,0.0,0.0,0.0
,basic reference (no H2L layer),NEG_LL_NEG_V2,simple,0,38|12|6|17|66|8|26|31|59|13|79|75|47|29|39,0.0,0.0,0.0,0.0,0.0,0.0,0.0
,basic reference (no H2L layer),SHORT_ELDER_01,simple,0,8|6|62|44|68|59|67|47|14|66|60|65|64|45|18,0.2,1.0,0.33333333333333337,1.0,1.0,1.0,1.0
,basic reference (no H2L layer),SHORT_HOMELESS_01,simple,0,29|25|28|42|26|9|47|61|31|43|51|87|57|13|36,0.2,0.3333333333333333,0.25,0.10425656783464912,0.3141837587300928,0.2333333333333333,0.25
,basic reference (no H2L layer),SHORT_MENTAL_01,simple,0,31|29|1|39|17|47|70|55|56|86|51|82|32|36|21,0.6,1.0,0.7499999999999999,0.8145672023038535,0.8145672023038535,1.0,1.0
,basic reference (no H2L layer),SHORT_CHILD_01,simple,0,1|17|21|20|73|3|24|37|85|86|29|9|0|91|16,0.8,1.0,0.888888888888889,0.9828920819566879,0.9828920819566879,0.95,1.0
,basic reference (no H2L layer),SHORT_ABUSE_01,simple,0,87|26|12|14|84|6|3|18|89|81|88|10|90|33|30,0.6,0.75,0.6666666666666665,0.7365896932159578,0.8667163765466583,0.7095238095238094,1.0
,basic reference (no H2L layer),TINY_ABUSE_01,simple,0,87|89|26|84|88|25|37|90|79|2|80|59|86|15|51,0.4,1.0,0.5714285714285715,0.8772153153380493,0.8772153153380493,0.75,1.0
,basic reference (no H2L layer),TINY_MENTAL_01,simple,0,29|1|70|31|39|32|21|17|9|34|38|13|30|55|36,0.6,1.0,0.7499999999999999,0.9871451602176229,0.9871451602176229,0.9166666666666666,1.0
,basic reference (no H2L layer),TINY_HOMELESS_01,simple,0,25|29|8|59|27|78|69|65|71|67|75|73|62|60|4,0.0,0.0,0.0,0.0,0.0,0.0,0.0
,basic reference (no H2L layer),ADV_006,moderate,0,30|81|6|80|31|88|76|33|34|70|39|47|36|73|78,0.0,0.0,0.0,0.0,0.0,0.0,0.0
,basic reference (no H2L layer),ADV_007,moderate,0,86|29|58|8|31|56|40|26|82|71|43|9|12|1|72,0.0,0.0,0.0,0.0,0.0,0.0,0.0
,basic reference (no H2L layer),ADV_008,moderate,0,29|1|21|70|9|39|72|17|73|36|67|32|82|69|56,0.0,0.0,0.0,0.0,0.0,0.0,0.0
,basic reference (no H2L layer),ADV_009,moderate,0,89|84|75|78|34|85|12|3|29|31|81|74|14|91|37,0.2,1.0,0.33333333333333337,1.0,1.0,1.0,1.0
,basic reference (no H2L layer),ADV_010,moderate,0,29|84|12|3|26|87|86|1|85|47|43|16|51|24|58,0.0,0.0,0.0,0.0,0.0,0.0,0.0
,basic reference (no H2L layer),ADV_011,moderate,0,66|6|62|17|14|47|12|67|8|38|63|10|60|40|3,0.0,0.0,0.0,0.0,0.0,0.0,0.0
,basic reference (no H2L layer),ADV_012,moderate,0,86|58|6|40|12|20|71|9|26|82|13|67|47|32|79,0.0,0.0,0.0,0.0,0.0,0.0,0.0
,basic reference (no H2L layer),ADV_013,moderate,0,31|29|21|39|47|9|86|82|17|59|51|13|32|36|70,0.0,0.0,0.0,0.0,0.0,0.0,0.0
,basic reference (no H2L layer),ADV_014,moderate,0,88|89|1|29|86|31|8|81|25|33|43|34|9|2|22,0.0,0.0,0.0,0.0,0.0,0.0,0.0
,basic reference (no H2L layer),ADV_015,moderate,0,74|40|84|2|87|12|65|13|5|18|77|63|22|62|49,0.0,0.0,0.0,0.0,0.0,0.0,0.0
,basic reference (no H2L layer),ADV_016,moderate,0,71|25|28|29|26|17|18|33|21|69|67|36|65|61|57,0.0,0.0,0.0,0.0,0.0,0.0,0.0
,basic reference (no H2L layer),ADV_017,moderate,0,75|0|26|77|20|12|10|66|6|4|41|67|3|32|83,0.0,0.0,0.0,0.0,0.0,0.0,0.0
,basic reference (no H2L layer),ADV_018,moderate,0,57|50|7|6|61|17|62|14|47|38|67|66|68|63|39,0.0,0.0,0.0,0.0,0.0,0.0,0.0
,basic reference (no H2L layer),ADV_019,moderate,0,44|75|51|47|8|67|89|45|19|14|32|66|52|22|17,0.0,0.0,0.0,0.0,0.3333333333333333,0.14285714285714285,0.14285714285714285
,basic reference (no H2L layer),ADV_020,moderate,0,57|55|58|50|54|14|7|56|17|11|36|31|41|34|43,0.0,0.0,0.0,0.0,0.0,0.0,0.0
